label,x_0,y_0,z_0,x_1,y_1,z_1,x_2,y_2,z_2,x_3,y_3,z_3,x_4,y_4,z_4,x_5,y_5,z_5,x_6,y_6,z_6,x_7,y_7,z_7,x_8,y_8,z_8,x_9,y_9,z_9,x_10,y_10,z_10,x_11,y_11,z_11,x_12,y_12,z_12,x_13,y_13,z_13,x_14,y_14,z_14,x_15,y_15,z_15,x_16,y_16,z_16,x_17,y_17,z_17,x_18,y_18,z_18,x_19,y_19,z_19,x_20,y_20,z_20
A,0.0,0.0,0.0,-0.08036497235298157,-0.04797440767288208,-0.014847949460317977,-0.13909342885017395,-0.1429917812347412,-0.020352257728745826,-0.15565922856330872,-0.2328529953956604,-0.029489728003909477,-0.15015220642089844,-0.3047136068344116,-0.03432959535734881,-0.09205055236816406,-0.23647838830947876,0.014548312559554688,-0.1163286566734314,-0.2772331237792969,-0.020602383032610305,-0.11203992366790771,-0.19922703504562378,-0.04259152555482615,-0.10310709476470947,-0.1356736421585083,-0.051029162794520744,-0.04841130971908569,-0.24025142192840576,0.00871857969445955,-0.07765406370162964,-0.272113561630249,-0.029756350755860694,-0.0753154456615448,-0.1799117922782898,-0.04093959772603739,-0.06792008876800537,-0.11627799272537231,-0.03774817132966746,-0.005005002021789551,-0.23254823684692383,-0.003932158775796779,-0.03578495979309082,-0.25345170497894287,-0.04204223150031794,-0.03803610801696777,-0.1612461805343628,-0.034379130542447456,-0.03446367383003235,-0.0996432900428772,-0.016968731150200256,0.03918099403381348,-0.214849054813385,-0.01831767180578936,0.004896968603134155,-0.22626131772994995,-0.0416702947916292,-0.004535764455795288,-0.16025406122207642,-0.033015625864436515,-0.004268765449523926,-0.11699426174163818,-0.018507348686625846
A,0.0,0.0,0.0,-0.080925852060318,-0.045271873474121094,-0.014580006406333723,-0.14143961668014526,-0.13631504774093628,-0.02049764960321454,-0.16049304604530334,-0.2251279354095459,-0.030342241444316187,-0.15547555685043335,-0.2977871298789978,-0.03613245642992524,-0.09295889735221863,-0.2356378436088562,0.01588141017344924,-0.12143853306770325,-0.27080273628234863,-0.02021817646237878,-0.11521583795547485,-0.19458138942718506,-0.04298127598377732,-0.10488447546958923,-0.13264888525009155,-0.051629660346236506,-0.05015435814857483,-0.2408047914505005,0.009667408026132307,-0.0843399167060852,-0.269284725189209,-0.030143545635667124,-0.07948112487792969,-0.17672514915466309,-0.04211196459147004,-0.0698959231376648,-0.1127774715423584,-0.03882081962439088,-0.007082849740982056,-0.23431694507598877,-0.0034921354825314666,-0.0419277548789978,-0.24946001172065735,-0.042708838053670206,-0.04112619161605835,-0.15570980310440063,-0.03560992858621148,-0.03484025597572327,-0.0947534441947937,-0.017853218757238665,0.03724929690361023,-0.21738380193710327,-0.01831542297514943,-0.001455456018447876,-0.22328615188598633,-0.04165376506063012,-0.009095907211303711,-0.15681856870651245,-0.033160401203360834,-0.0063950419425964355,-0.11551624536514282,-0.018472840704646387
A,0.0,0.0,0.0,-0.08079805970191956,-0.044425904750823975,-0.016190544783626137,-0.14380216598510742,-0.13699311017990112,-0.02178741161480957,-0.16388985514640808,-0.22716164588928223,-0.030731397762451707,-0.15285971760749817,-0.2975017726421356,-0.035416307940636216,-0.09252861142158508,-0.229681134223938,0.01597523029192871,-0.11907225847244263,-0.27448880672454834,-0.01649895597950035,-0.11475342512130737,-0.19696706533432007,-0.03722782720581108,-0.10525625944137573,-0.13429778814315796,-0.04542574946538025,-0.05007770657539368,-0.23454910516738892,0.011067940772022666,-0.08035990595817566,-0.26969245076179504,-0.027465554967079697,-0.0762859582901001,-0.1764153242111206,-0.039811327203665314,-0.06679859757423401,-0.11077374219894409,-0.036777271970663605,-0.00778573751449585,-0.22790873050689697,-0.0003791686555132401,-0.0384044349193573,-0.2574493885040283,-0.039928360923681794,-0.0386103093624115,-0.16331934928894043,-0.03265942920700127,-0.03301626443862915,-0.09837180376052856,-0.014518284320388375,0.03532704710960388,-0.21165090799331665,-0.013382039114389954,0.002703756093978882,-0.2331228256225586,-0.039117175235901414,-0.004902392625808716,-0.16443437337875366,-0.030068609013710557,-0.0026843249797821045,-0.11674851179122925,-0.014382482587848244
A,0.0,0.0,0.0,-0.08156535029411316,-0.04533088207244873,-0.015592484220462666,-0.14503812789916992,-0.13813066482543945,-0.020793221376436577,-0.16521847248077393,-0.22889459133148193,-0.02960775368620716,-0.1519966423511505,-0.29977190494537354,-0.034226919941204414,-0.0961185097694397,-0.2321774959564209,0.018215990208489075,-0.12099283933639526,-0.27552688121795654,-0.01473315008689724,-0.11598053574562073,-0.19847887754440308,-0.03635136731674038,-0.10631519556045532,-0.13513940572738647,-0.04505057208945118,-0.05288860201835632,-0.23681402206420898,0.012984147809845581,-0.08277934789657593,-0.2705446779727936,-0.025472687042849884,-0.07760852575302124,-0.17830288410186768,-0.03846161016036831,-0.06799373030662537,-0.11208760738372803,-0.03587749921490513,-0.009714186191558838,-0.2302291989326477,0.0010421087987992905,-0.04082563519477844,-0.2583931088447571,-0.03857612930943333,-0.039916038513183594,-0.16568821668624878,-0.03198853083659969,-0.03407055139541626,-0.09996408224105835,-0.014277643009620533,0.034117817878723145,-0.21369051933288574,-0.012456787235635147,0.0003383457660675049,-0.2338958978652954,-0.03855744325329624,-0.006267666816711426,-0.16549205780029297,-0.029996908686655388,-0.0035789012908935547,-0.1167110800743103,-0.01452750754316412
A,0.0,0.0,0.0,-0.08015969395637512,-0.04407435655593872,-0.018262653104045512,-0.1425544023513794,-0.13733619451522827,-0.02520359349904311,-0.16341298818588257,-0.22809875011444092,-0.035096312365510585,-0.14894118905067444,-0.29959040880203247,-0.040502092293479564,-0.09311145544052124,-0.23415863513946533,0.013734530233762143,-0.11722761392593384,-0.27722814679145813,-0.02032423806844008,-0.11178797483444214,-0.19993722438812256,-0.04197852542159808,-0.10278496146202087,-0.13536500930786133,-0.05038782810328257,-0.049342453479766846,-0.23825323581695557,0.009638601490280507,-0.07845169305801392,-0.2713332772254944,-0.02996428539512408,-0.073611319065094,-0.17690712213516235,-0.042785747400500895,-0.06390804052352905,-0.10896891355514526,-0.039745497009732844,-0.005988955497741699,-0.230682373046875,-0.001244387198255481,-0.0358046293258667,-0.25867679715156555,-0.04178289925215495,-0.03632807731628418,-0.1638001799583435,-0.035028273663499476,-0.031116068363189697,-0.09672397375106812,-0.01690092166421664,0.037918150424957275,-0.21320956945419312,-0.013833988881685855,0.006326794624328613,-0.23234951496124268,-0.04072633986828578,-0.0018040239810943604,-0.1639978289604187,-0.03253662442324412,-0.0005381405353546143,-0.11580115556716919,-0.017107407054879786
A,0.0,0.0,0.0,-0.08010542392730713,-0.04611903429031372,-0.016410849852320553,-0.14152583479881287,-0.14068537950515747,-0.021984776345846058,-0.1601105034351349,-0.23059290647506714,-0.03089241297340095,-0.1484997570514679,-0.30109238624572754,-0.03534182333743274,-0.09328210353851318,-0.23382973670959473,0.015948493169787525,-0.11707624793052673,-0.27908429503440857,-0.01698824749684036,-0.11207619309425354,-0.20234352350234985,-0.03770759129321277,-0.10315778851509094,-0.13803625106811523,-0.04563393616473377,-0.050002455711364746,-0.23903751373291016,0.010812893646004795,-0.07807788252830505,-0.2739677131175995,-0.027610109982845188,-0.07341930270195007,-0.1801203489303589,-0.03980273180997074,-0.06459969282150269,-0.1130138635635376,-0.03652825751697719,-0.0067098140716552734,-0.23181164264678955,-0.0009462674882456668,-0.03613242506980896,-0.25911635160446167,-0.040273314205762745,-0.03580257296562195,-0.16467684507369995,-0.032833488521930576,-0.030692249536514282,-0.09905338287353516,-0.0146651788184613,0.037189990282058716,-0.2139149308204651,-0.014346163583752514,0.005072742700576782,-0.2315496802330017,-0.040097670493480564,-0.002213507890701294,-0.16305267810821533,-0.031111253289338947,-0.0004051029682159424,-0.1159849762916565,-0.0154557301232785
A,0.0,0.0,0.0,-0.08249849081039429,-0.04339951276779175,-0.02032867551002937,-0.14692366123199463,-0.13265013694763184,-0.02799849875424343,-0.16879910230636597,-0.22276514768600464,-0.038384488897065694,-0.15583157539367676,-0.2935485243797302,-0.04372717730853992,-0.10227185487747192,-0.22863709926605225,0.0146041529982881,-0.12375205755233765,-0.2746397852897644,-0.019104327188472325,-0.11664974689483643,-0.19654768705368042,-0.04006455756876903,-0.10674294829368591,-0.13222384452819824,-0.04813184134815174,-0.05750802159309387,-0.23670274019241333,0.011208810730238383,-0.08293208479881287,-0.2724650800228119,-0.02968819916401344,-0.07644385099411011,-0.17661792039871216,-0.04341182775948482,-0.06695494055747986,-0.10906451940536499,-0.040505460576753194,-0.012829065322875977,-0.23154956102371216,0.0009086507520237319,-0.03836670517921448,-0.2599860727787018,-0.041213731394748265,-0.03753286600112915,-0.16416621208190918,-0.03457498096082645,-0.03324797749519348,-0.09710484743118286,-0.015908745230774457,0.03169518709182739,-0.21571314334869385,-0.01122783880833822,0.004591941833496094,-0.23697370290756226,-0.03903065167520481,-0.00231286883354187,-0.16783815622329712,-0.030382949040870244,-0.0017109215259552002,-0.1191558837890625,-0.014228498676459367
A,0.0,0.0,0.0,-0.08356279134750366,-0.03969383239746094,-0.022124200561279395,-0.1498395800590515,-0.12302500009536743,-0.030480972924465277,-0.17490622401237488,-0.21089553833007812,-0.041289092474812605,-0.16834259033203125,-0.2833607792854309,-0.04684862630927,-0.10926270484924316,-0.2179970145225525,0.013433312563961408,-0.13049790263175964,-0.266170859336853,-0.021314061680072882,-0.11941611766815186,-0.18938791751861572,-0.04193501310908232,-0.10663995146751404,-0.12713313102722168,-0.04932498695814047,-0.0643940269947052,-0.2281283140182495,0.01074491491056051,-0.08866414427757263,-0.26816385984420776,-0.03203608604633246,-0.07778996229171753,-0.172460675239563,-0.0460556647416297,-0.06517031788825989,-0.10664016008377075,-0.042734750979775527,-0.01991373300552368,-0.2262517809867859,0.0009454344723280883,-0.043189018964767456,-0.25992774963378906,-0.04323382067047987,-0.039299845695495605,-0.1632455587387085,-0.03664273905121718,-0.032691776752471924,-0.09699368476867676,-0.0171745228257123,0.024910807609558105,-0.21448111534118652,-0.010686601014072039,-0.00019556283950805664,-0.24374732375144958,-0.03944588589035902,-0.004882693290710449,-0.17412972450256348,-0.030495460578435996,-0.0028240084648132324,-0.12508320808410645,-0.013729851194852927
A,0.0,0.0,0.0,-0.0821499228477478,-0.03849828243255615,-0.02276984739148702,-0.15188169479370117,-0.12185239791870117,-0.031226207940221684,-0.18246692419052124,-0.2120952010154724,-0.04201527449333753,-0.17017513513565063,-0.2853509187698364,-0.04725712674701299,-0.11463204026222229,-0.2147465944290161,0.012966733919142825,-0.13297337293624878,-0.26658520102500916,-0.02213529448056306,-0.11964207887649536,-0.19255656003952026,-0.04283924537742223,-0.10708314180374146,-0.1314055323600769,-0.0505665703400382,-0.06894004344940186,-0.2260911464691162,0.010789916412591083,-0.08974069356918335,-0.27103209495544434,-0.033797429381252186,-0.07746386528015137,-0.17609387636184692,-0.04854487764680471,-0.06521311402320862,-0.11041975021362305,-0.04539378496849622,-0.023204296827316284,-0.22502315044403076,0.0015053391965693663,-0.04246750473976135,-0.2632376551628113,-0.04363040390455808,-0.03802749514579773,-0.1666719913482666,-0.03728126871430959,-0.03231644630432129,-0.09985882043838501,-0.017642883090616124,0.02295219898223877,-0.21439599990844727,-0.009635339929104703,0.0024997591972351074,-0.2458588182926178,-0.038448871551395314,-0.0025908350944519043,-0.17748761177062988,-0.030187183497787373,-0.00260317325592041,-0.12925106287002563,-0.014025581507326024
A,0.0,0.0,0.0,-0.08285290002822876,-0.03812772035598755,-0.022864860871038672,-0.15313002467155457,-0.12082719802856445,-0.03129774277766728,-0.18474328517913818,-0.21072816848754883,-0.04206719940265202,-0.170820951461792,-0.2836189866065979,-0.047116226905188796,-0.11673873662948608,-0.21386682987213135,0.013187118417420152,-0.13434836268424988,-0.2666839361190796,-0.02185100262721562,-0.12108057737350464,-0.19127482175827026,-0.04248451387246632,-0.1083793044090271,-0.12915563583374023,-0.0502997333343842,-0.0708974301815033,-0.22511518001556396,0.010924634135164979,-0.0902276337146759,-0.27025532722473145,-0.033538355880580184,-0.07837709784507751,-0.1738375425338745,-0.04803807234128499,-0.06690189242362976,-0.10772675275802612,-0.04483456110318684,-0.02510625123977661,-0.22395628690719604,0.0014398897372416286,-0.04292374849319458,-0.26132479310035706,-0.04342470263799214,-0.039317816495895386,-0.164595365524292,-0.0373026350673058,-0.03475135564804077,-0.0980292558670044,-0.018128843435249564,0.02106654644012451,-0.21267449855804443,-0.009957459212444064,0.0019913911819458008,-0.24255716800689697,-0.03866607641538167,-0.0032494664192199707,-0.17358416318893433,-0.030728659981093642,-0.0041790008544921875,-0.1250295639038086,-0.015039721892378566
A,0.0,0.0,0.0,-0.08237308263778687,-0.03607475757598877,-0.02270186278650499,-0.15285521745681763,-0.12006533145904541,-0.031076689769122368,-0.18412631750106812,-0.210199236869812,-0.041716502566430336,-0.17235201597213745,-0.2839968800544739,-0.04673344414362646,-0.1176886260509491,-0.21288293600082397,0.011881643387880558,-0.13558799028396606,-0.2663646936416626,-0.022917603660914665,-0.12238097190856934,-0.19174641370773315,-0.04309752728471494,-0.10967567563056946,-0.12985390424728394,-0.05071484815010763,-0.07180681824684143,-0.2242332100868225,0.009269169013407463,-0.09161803126335144,-0.27032172679901123,-0.034817983914706474,-0.0797673761844635,-0.1744871735572815,-0.04890528838762975,-0.06827718019485474,-0.10827261209487915,-0.04565171669850088,-0.02579444646835327,-0.22357845306396484,-0.0004664127426963205,-0.0439298152923584,-0.26233065128326416,-0.04484347771534658,-0.03998026251792908,-0.1654554009437561,-0.03839172567853666,-0.03539729118347168,-0.09888774156570435,-0.01939617987403608,0.020895957946777344,-0.21285462379455566,-0.012088231329414612,0.0010720491409301758,-0.24264943599700928,-0.04059237759241796,-0.004022181034088135,-0.17336738109588623,-0.03263125713596082,-0.004875242710113525,-0.1249154806137085,-0.017181295488569504
A,0.0,0.0,0.0,-0.08235669136047363,-0.03899663686752319,-0.022067484286083072,-0.15144076943397522,-0.12265914678573608,-0.030552600350631565,-0.18257784843444824,-0.2110297679901123,-0.041682942610634655,-0.1697898507118225,-0.2832733392715454,-0.0473050985750092,-0.11486402153968811,-0.21438902616500854,0.012647134411679417,-0.13306930661201477,-0.26645827293395996,-0.0227546643730534,-0.1197516918182373,-0.19154810905456543,-0.043640765201701015,-0.10672593116760254,-0.12947481870651245,-0.05158880988921055,-0.06908085942268372,-0.2249687910079956,0.009632239278005272,-0.08892160654067993,-0.27035650610923767,-0.03540721054042706,-0.07702723145484924,-0.17419415712356567,-0.050102933150185436,-0.06477218866348267,-0.10801750421524048,-0.04705560470785031,-0.023075222969055176,-0.2235693335533142,-0.0004919127243852017,-0.04149770736694336,-0.2624247670173645,-0.045364185076607555,-0.037758708000183105,-0.1659182906150818,-0.03904114927019009,-0.03238236904144287,-0.09923398494720459,-0.019841297369850963,0.0232965350151062,-0.21255308389663696,-0.012470802132440895,0.003714919090270996,-0.24379697442054749,-0.04055966700281033,-0.0018650293350219727,-0.17598754167556763,-0.032206992458952755,-0.0024323463439941406,-0.12783217430114746,-0.016440790918125003
A,0.0,0.0,0.0,-0.082244873046875,-0.03894698619842529,-0.022420058269460696,-0.15184184908866882,-0.122444748878479,-0.030861053858359355,-0.18321749567985535,-0.21186929941177368,-0.04173398973460962,-0.16970041394233704,-0.2846115231513977,-0.04706117721315195,-0.11584031581878662,-0.2155611515045166,0.012768255304138165,-0.13296863436698914,-0.26759225130081177,-0.02305527800734808,-0.11921897530555725,-0.1915549635887146,-0.044161631036956805,-0.10590696334838867,-0.1290358304977417,-0.05204411061521341,-0.06954848766326904,-0.2264995574951172,0.0102199518490238,-0.0879601538181305,-0.2701006829738617,-0.03457796784158518,-0.0757952332496643,-0.17359310388565063,-0.04890874238725473,-0.06373828649520874,-0.10763168334960938,-0.045452697445114154,-0.023201018571853638,-0.22527319192886353,0.0004405598349990214,-0.04084199666976929,-0.2617035508155823,-0.04455865757580568,-0.03662958741188049,-0.165075421333313,-0.0380317291807728,-0.031143277883529663,-0.09910863637924194,-0.018460156638582248,0.02359241247177124,-0.21425378322601318,-0.011205946337838668,0.003521561622619629,-0.2442266345024109,-0.03985004337545206,-0.0007698535919189453,-0.17504143714904785,-0.03140824498649408,-0.0004698038101196289,-0.12705516815185547,-0.01524017123546173
A,0.0,0.0,0.0,-0.08434265851974487,-0.03982400894165039,-0.020608230702634955,-0.1532798409461975,-0.1237228512763977,-0.02801330687856307,-0.1830897033214569,-0.21245920658111572,-0.03835465127980342,-0.16906392574310303,-0.2821282148361206,-0.04339845220005145,-0.11447146534919739,-0.21402335166931152,0.013933374337796067,-0.1326649785041809,-0.2677624821662903,-0.02001929955935111,-0.12023162841796875,-0.19058769941329956,-0.04001268113410106,-0.10702782869338989,-0.1274428367614746,-0.0474787254110538,-0.06852152943611145,-0.22424554824829102,0.010586356535497998,-0.08835670351982117,-0.269645094871521,-0.03203753868496051,-0.0777643620967865,-0.17341041564941406,-0.04545274490868678,-0.06573131680488586,-0.10715949535369873,-0.04191431144630542,-0.02237069606781006,-0.2226467728614807,0.00026860265148798135,-0.04153284430503845,-0.26299577951431274,-0.04224798569833865,-0.03873109817504883,-0.16747575998306274,-0.0351043317691051,-0.03321656584739685,-0.10102903842926025,-0.01586002225434413,0.024358749389648438,-0.2110743522644043,-0.011866413265522624,0.003868401050567627,-0.24602088332176208,-0.0384179141596519,-0.0016613602638244629,-0.17862087488174438,-0.029036266006585265,-0.0012372136116027832,-0.12991774082183838,-0.012774928681608344
A,0.0,0.0,0.0,-0.08372244238853455,-0.039243876934051514,-0.0212134256310037,-0.15363019704818726,-0.12378919124603271,-0.028515458414631212,-0.18388104438781738,-0.21301943063735962,-0.03860508308775934,-0.17055433988571167,-0.2839362323284149,-0.043283436755018556,-0.11574390530586243,-0.21378618478775024,0.014190322411877787,-0.13397741317749023,-0.2677482068538666,-0.019458579207139337,-0.12097248435020447,-0.19167613983154297,-0.039309859583454454,-0.10818728804588318,-0.12961655855178833,-0.04682596803672823,-0.06983408331871033,-0.22461748123168945,0.011275376816911375,-0.08976295590400696,-0.2707946300506592,-0.03188898445137056,-0.07862165570259094,-0.17510586977005005,-0.0459378700054458,-0.0676012933254242,-0.10762381553649902,-0.04274822429783853,-0.02401721477508545,-0.22393196821212769,0.0013392379457854986,-0.04301208257675171,-0.26381829380989075,-0.042328868368940675,-0.03984564542770386,-0.1681687831878662,-0.0363953153885177,-0.035381197929382324,-0.0996396541595459,-0.01771386184759649,0.022179484367370605,-0.2134045958518982,-0.010399281354921186,0.002207815647125244,-0.2455417811870575,-0.039022311875896776,-0.0031583309173583984,-0.17719531059265137,-0.031438280204611146,-0.0038680434226989746,-0.1263081431388855,-0.016127016702967012
A,0.0,0.0,0.0,-0.08333888649940491,-0.04164689779281616,-0.020504298054731862,-0.1521887481212616,-0.12603354454040527,-0.02788604087487556,-0.18274688720703125,-0.2147815227508545,-0.03819339759007789,-0.1688976287841797,-0.2861904799938202,-0.0431449789489875,-0.11334434151649475,-0.21665865182876587,0.014399696706675513,-0.1324334740638733,-0.26998192071914673,-0.019501742341674344,-0.11972886323928833,-0.1937658190727234,-0.03940957448736526,-0.10686948895454407,-0.13086950778961182,-0.04682702980295517,-0.0675714910030365,-0.22682511806488037,0.011111547804318889,-0.08768326044082642,-0.2708357870578766,-0.03187081626907684,-0.07665631175041199,-0.17473405599594116,-0.045834508159316556,-0.06537964940071106,-0.10792475938796997,-0.04271826557175018,-0.02141052484512329,-0.22536104917526245,0.0008881870139134662,-0.04112905263900757,-0.26473021507263184,-0.04237681663886406,-0.0378870964050293,-0.16850578784942627,-0.03577239848033287,-0.03286653757095337,-0.10060375928878784,-0.01680390387133457,0.025426805019378662,-0.2138161063194275,-0.011102784791148679,0.004817306995391846,-0.24652838706970215,-0.039068106928027646,-0.0008721351623535156,-0.17790275812149048,-0.03068288638547756,-0.0013772845268249512,-0.1277625560760498,-0.014896670722521321
A,0.0,0.0,0.0,-0.08382856845855713,-0.039200782775878906,-0.020324972613138925,-0.15342935919761658,-0.1231500506401062,-0.027402515678090822,-0.18322545289993286,-0.21376323699951172,-0.037271217598004114,-0.1697036623954773,-0.28527122735977173,-0.04192198176531292,-0.1139872670173645,-0.2145305871963501,0.014112457478063334,-0.1334741711616516,-0.26886188983917236,-0.01843574938027359,-0.12035521864891052,-0.19152426719665527,-0.037436981840414774,-0.10699212551116943,-0.12913000583648682,-0.04460438822059132,-0.06832128763198853,-0.22597503662109375,0.01091669484378599,-0.08958059549331665,-0.27029314637184143,-0.030673579467816126,-0.07843965291976929,-0.17432260513305664,-0.04395980496553875,-0.06692278385162354,-0.10758709907531738,-0.04067805145530201,-0.02253258228302002,-0.2255191206932068,0.0009469371485693046,-0.043354809284210205,-0.26455914974212646,-0.04127990563063122,-0.03986382484436035,-0.1686263084411621,-0.03435040373949505,-0.03487291932106018,-0.10121172666549683,-0.0155234813377092,0.023881852626800537,-0.21459144353866577,-0.010755892997963201,0.0019444823265075684,-0.24581214785575867,-0.03849493448285557,-0.0027115345001220703,-0.1758955717086792,-0.029913298009319078,-0.0020837783813476562,-0.12544465065002441,-0.014115735112113725
A,0.0,0.0,0.0,-0.08355087041854858,-0.03693556785583496,-0.02073011455922824,-0.15364116430282593,-0.12137651443481445,-0.028007534349853813,-0.18357649445533752,-0.21206212043762207,-0.037847124988729774,-0.16958874464035034,-0.2841067314147949,-0.042362445051367104,-0.1144077479839325,-0.21374690532684326,0.012415681017046154,-0.13350367546081543,-0.2682693600654602,-0.020624137500817596,-0.12120985984802246,-0.19052612781524658,-0.039486066455538094,-0.1082238256931305,-0.12842530012130737,-0.046440315450126946,-0.06869852542877197,-0.22439950704574585,0.009285899793212593,-0.08942463994026184,-0.2691027522087097,-0.031921480799610435,-0.07768994569778442,-0.17267554998397827,-0.04396183883636695,-0.06580930948257446,-0.1068047285079956,-0.03987500911443931,-0.02321678400039673,-0.22363132238388062,-0.0007455823533746297,-0.04339858889579773,-0.2632317543029785,-0.0425339313396762,-0.03928494453430176,-0.16687113046646118,-0.03457021808117133,-0.03392517566680908,-0.10031342506408691,-0.015249822306032002,0.023187220096588135,-0.2126215696334839,-0.012616948241884529,0.0015789270401000977,-0.2445698380470276,-0.039950755442077934,-0.0026699304580688477,-0.17453718185424805,-0.031016639451081573,-0.0021028518676757812,-0.1247597336769104,-0.015142878534788906
A,0.0,0.0,0.0,-0.0821002721786499,-0.03869128227233887,-0.020679624491094728,-0.15228191018104553,-0.12448418140411377,-0.028045022600053926,-0.18279850482940674,-0.21387916803359985,-0.03781466346299567,-0.1697027087211609,-0.2856904864311218,-0.04223231386458792,-0.11428764462471008,-0.21581107378005981,0.011360140777469496,-0.13370203971862793,-0.26873651146888733,-0.02146447796440043,-0.12012478709220886,-0.19154435396194458,-0.04014532428300299,-0.10700869560241699,-0.12987983226776123,-0.04716280262982764,-0.06826651096343994,-0.22690707445144653,0.008217287509978632,-0.08918479084968567,-0.27123984694480896,-0.03317480322039046,-0.07721289992332458,-0.174824059009552,-0.04552759017860808,-0.06593737006187439,-0.10857665538787842,-0.0418407262495748,-0.022292256355285645,-0.22643417119979858,-0.0016463964439026313,-0.04240858554840088,-0.2649306356906891,-0.043641028665661,-0.03842470049858093,-0.16819220781326294,-0.036119779311775346,-0.03387576341629028,-0.1008959412574768,-0.017255026587008615,0.024129807949066162,-0.2155326008796692,-0.013280832879900117,0.002720177173614502,-0.24422171711921692,-0.04096295099770941,-0.001871347427368164,-0.1738160252571106,-0.032617090009807725,-0.002118349075317383,-0.12419730424880981,-0.017289995887040277
A,0.0,0.0,0.0,-0.07411086559295654,-0.03016597032546997,-0.02990876555389832,-0.13402855396270752,-0.10882341861724854,-0.043285938426322446,-0.17853978276252747,-0.17686694860458374,-0.05468989022023152,-0.2201615273952484,-0.230756938457489,-0.06408582486159276,-0.08432257175445557,-0.23481810092926025,-0.005902125015325055,-0.09519410133361816,-0.31611210107803345,-0.026173213943309293,-0.10912153124809265,-0.3467867374420166,-0.04819499187118481,-0.12639868259429932,-0.36134302616119385,-0.06460647888428639,-0.03902009129524231,-0.24443596601486206,-0.008112871534592614,-0.05426439642906189,-0.3219359517097473,-0.024484271630115018,-0.07216772437095642,-0.3597012758255005,-0.045777218862838254,-0.0925760567188263,-0.38562333583831787,-0.06157482646352719,0.006968855857849121,-0.23103457689285278,-0.015895346626109585,-0.001710265874862671,-0.30807948112487793,-0.03513375900632809,-0.012120753526687622,-0.34662914276123047,-0.048224965556926236,-0.02791568636894226,-0.3796476423740387,-0.05749490715510319,0.05438181757926941,-0.19908934831619263,-0.026617138161725507,0.06329557299613953,-0.25599586963653564,-0.045455398484534726,0.06302514672279358,-0.2903572618961334,-0.05271769918448399,0.056826621294021606,-0.3229061961174011,-0.056957016214198575
A,0.0,0.0,0.0,-0.07386919856071472,-0.036053478717803955,-0.026096783961740755,-0.1316634714603424,-0.11835575103759766,-0.03899336085805061,-0.17284554243087769,-0.1876850724220276,-0.051328206818190836,-0.21184781193733215,-0.24415498971939087,-0.06194828302749755,-0.08578693866729736,-0.23966139554977417,-0.0006901650099209178,-0.099712073802948,-0.32270050048828125,-0.02098836974391105,-0.11522102355957031,-0.35812991857528687,-0.04306272641905906,-0.13711336255073547,-0.38183844089508057,-0.05938963816651466,-0.04149729013442993,-0.2463057041168213,-0.004535358782497667,-0.05921828746795654,-0.32232385873794556,-0.023693493019429468,-0.07848933339118958,-0.3554700016975403,-0.04414560125359657,-0.10136482119560242,-0.3798190951347351,-0.05775211976060035,0.004595965147018433,-0.233437180519104,-0.014005802023795866,-0.005735427141189575,-0.3128598928451538,-0.033103378872958444,-0.0186273455619812,-0.3566191792488098,-0.042994847904530786,-0.036483705043792725,-0.39552927017211914,-0.04903532789239051,0.05303409695625305,-0.2022794485092163,-0.02644350976833465,0.05725398659706116,-0.2676873803138733,-0.04142865018138053,0.05592188239097595,-0.3053401708602905,-0.04426842034944656,0.049145787954330444,-0.34055376052856445,-0.04528985024580123
A,0.0,0.0,0.0,-0.07535189390182495,-0.047954440116882324,-0.00023010387332078608,-0.12177780270576477,-0.13139384984970093,-0.0009372009629373679,-0.1515987515449524,-0.20216506719589233,-0.003461501266713185,-0.18265977501869202,-0.2627949118614197,-0.004796309567893786,-0.05821797251701355,-0.21547961235046387,0.027177353683953243,-0.07981768250465393,-0.3024393320083618,0.0360114456304359,-0.10069477558135986,-0.3143826723098755,0.03796551685417171,-0.1167091429233551,-0.29612648487091064,0.04014423053348537,-0.011729389429092407,-0.21304965019226074,0.025929008904938655,-0.030706822872161865,-0.2803272008895874,0.04322926636422153,-0.04881605505943298,-0.2820492386817932,0.045867744196300464,-0.058488935232162476,-0.25548624992370605,0.04363061796510692,0.024574309587478638,-0.19476079940795898,0.02294248651350017,0.007119417190551758,-0.26026463508605957,0.0410797924884605,-0.011575192213058472,-0.26832664012908936,0.04917136143529888,-0.024481773376464844,-0.2505163550376892,0.04954412888372417,0.052755266427993774,-0.17151039838790894,0.019250787157659488,0.03744193911552429,-0.23531824350357056,0.03375571902478214,0.017683744430541992,-0.25120508670806885,0.044384393204097705,0.001992732286453247,-0.2466886043548584,0.04958566214526172
A,0.0,0.0,0.0,-0.05985480546951294,-0.04138624668121338,-0.0038585427473663003,-0.11386042833328247,-0.0745040774345398,-0.015070430447849503,-0.14979511499404907,-0.08696061372756958,-0.02657353084305214,-0.1662389039993286,-0.09369981288909912,-0.038406876360568276,-0.11878332495689392,-0.1339256763458252,-0.043646772836837044,-0.16531959176063538,-0.11416071653366089,-0.06031103197256016,-0.16395938396453857,-0.07526212930679321,-0.06265602770963596,-0.14951616525650024,-0.05240333080291748,-0.06317772481361317,-0.07978576421737671,-0.11925286054611206,-0.053416417425069085,-0.1234717071056366,-0.051406264305114746,-0.0661276704422562,-0.12989947199821472,-0.009615004062652588,-0.06267808142820286,-0.12764590978622437,0.006602823734283447,-0.06255240503469395,-0.04213780164718628,-0.08324217796325684,-0.061986164634618035,-0.08617639541625977,-0.011302649974822998,-0.07491832736650395,-0.09431862831115723,0.018789708614349365,-0.06514303151288914,-0.0921781063079834,0.025794625282287598,-0.05941735345641064,-0.011478185653686523,-0.03941833972930908,-0.0706152147404282,-0.051451414823532104,0.018785715103149414,-0.08293261144081043,-0.06428056955337524,0.04087549448013306,-0.07577033851066517,-0.06525927782058716,0.04664796590805054,-0.06880715254465031
A,0.0,0.0,0.0,-0.07723093032836914,-0.06635844707489014,-0.022474197252108752,-0.13893741369247437,-0.1514078974723816,-0.042711223988249,-0.15663009881973267,-0.24873757362365723,-0.06654410394878596,-0.09781002998352051,-0.2864612936973572,-0.08623355212660044,-0.07857075333595276,-0.25573837757110596,-0.00015054668222092005,-0.0913577675819397,-0.30790209770202637,-0.04491743776054591,-0.09458541870117188,-0.21995198726654053,-0.07308951350898951,-0.08847713470458984,-0.15390104055404663,-0.08617306831331462,-0.027815908193588257,-0.25164926052093506,-0.00821052636058539,-0.04516714811325073,-0.3114875555038452,-0.05693804803343028,-0.05863913893699646,-0.20698028802871704,-0.0705435011074087,-0.05852895975112915,-0.13527214527130127,-0.06827725800724238,0.022775977849960327,-0.2382051944732666,-0.023298870353414713,-0.0008950531482696533,-0.29733359813690186,-0.07130249920339793,-0.017792195081710815,-0.1942455768585205,-0.06195363360495776,-0.01896759867668152,-0.12406748533248901,-0.04163913759441584,0.07312613725662231,-0.20965427160263062,-0.04046639013142794,0.03918313980102539,-0.25344908237457275,-0.06667906376571864,0.01888027787208557,-0.17852795124053955,-0.053899641661359965,0.01607409119606018,-0.12431991100311279,-0.036754335789396464
A,0.0,0.0,0.0,-0.09091353416442871,-0.06634199619293213,-0.030018199001801804,-0.16178810596466064,-0.15642595291137695,-0.04465475655104001,-0.17611479759216309,-0.26086491346359253,-0.06173432222510655,-0.12147605419158936,-0.3065333664417267,-0.07317477068806966,-0.09985390305519104,-0.2722223401069641,0.022084539989577934,-0.12071025371551514,-0.3161695897579193,-0.022052969550145463,-0.11735177040100098,-0.23324674367904663,-0.053739391033900574,-0.10674962401390076,-0.1686963438987732,-0.06769975623990376,-0.049891889095306396,-0.28158503770828247,0.01998089463506858,-0.07232093811035156,-0.33047086000442505,-0.028631580760134057,-0.07710674405097961,-0.22572046518325806,-0.047267772023928956,-0.06964775919914246,-0.15165942907333374,-0.04401456541324933,0.000637352466583252,-0.2724573612213135,0.008053977275835678,-0.025540053844451904,-0.3237100839614868,-0.04249332821871121,-0.035629600286483765,-0.21476149559020996,-0.03736575297023137,-0.03371533751487732,-0.13852256536483765,-0.014835227047456101,0.052654922008514404,-0.2427017092704773,-0.0069058749353416715,0.018027842044830322,-0.27939313650131226,-0.03998529887701352,0.0028394460678100586,-0.19988447427749634,-0.03125548711921056,0.0023412704467773438,-0.1399599313735962,-0.011796924983514145
A,0.0,0.0,0.0,-0.08719417452812195,-0.044033706188201904,-0.029823057974567746,-0.16109606623649597,-0.13572216033935547,-0.0461386932682899,-0.1780925691127777,-0.24355894327163696,-0.06486711713193927,-0.12030518054962158,-0.28045323491096497,-0.07804300698160205,-0.10461366176605225,-0.2574573755264282,0.012047257584640647,-0.1194208562374115,-0.30919066071510315,-0.03374736818193469,-0.11452212929725647,-0.2203305959701538,-0.06310254397510562,-0.10738992691040039,-0.14947664737701416,-0.07550114455341372,-0.05109867453575134,-0.2649158239364624,0.008197193344244624,-0.07262566685676575,-0.3151484727859497,-0.04360580506443057,-0.0736834704875946,-0.20451855659484863,-0.06054189490794215,-0.067972332239151,-0.1282660961151123,-0.05629799204587016,0.0005476474761962891,-0.2560111880302429,-0.005064887615731095,-0.024568676948547363,-0.30839022994041443,-0.05581782075284991,-0.02973109483718872,-0.19446438550949097,-0.04807949500798259,-0.02831631898880005,-0.11802881956100464,-0.024980532626500462,0.054459333419799805,-0.23147308826446533,-0.021278059731116628,0.020483553409576416,-0.26570355892181396,-0.05246269019960437,0.009713232517242432,-0.18696504831314087,-0.04307935076474223,0.008870363235473633,-0.13177430629730225,-0.024876671532979344
A,0.0,0.0,0.0,-0.08309999108314514,-0.04114425182342529,-0.03099310366917507,-0.16009366512298584,-0.13084185123443604,-0.04624303771663563,-0.18056511878967285,-0.2404160499572754,-0.06307430534172909,-0.12140050530433655,-0.2864639461040497,-0.07414469091702358,-0.10475850105285645,-0.2527562379837036,0.008911128467730123,-0.12328073382377625,-0.3034866154193878,-0.03640740333605663,-0.11816403269767761,-0.2126915454864502,-0.064168780730256,-0.10801559686660767,-0.15143942832946777,-0.07615792720127956,-0.051308006048202515,-0.2631962299346924,0.006267578652909833,-0.07126632332801819,-0.3126652240753174,-0.04456188126016514,-0.0728428065776825,-0.20016860961914062,-0.05883240668583767,-0.06614875793457031,-0.13229358196258545,-0.0532991994779195,0.0006362795829772949,-0.2563053369522095,-0.005676023350247306,-0.022499054670333862,-0.3045378029346466,-0.0584961470823373,-0.028754770755767822,-0.18955332040786743,-0.0504053641717519,-0.026712805032730103,-0.11874473094940186,-0.02691879278529541,0.05463063716888428,-0.2326868176460266,-0.02037477834630863,0.02189624309539795,-0.26543015241622925,-0.05377069456983463,0.009456455707550049,-0.18275576829910278,-0.04471175713945286,0.007853567600250244,-0.12788057327270508,-0.026686982871183318
A,0.0,0.0,0.0,-0.08339369297027588,-0.03768038749694824,-0.029515662256415,-0.15917152166366577,-0.12804704904556274,-0.0441795932387663,-0.17696312069892883,-0.2360706329345703,-0.0603459226226164,-0.11658570170402527,-0.2795359492301941,-0.07130014992111455,-0.10446754097938538,-0.2511569857597351,0.0068326843643831126,-0.12208044528961182,-0.3021758794784546,-0.037303366724188436,-0.11891001462936401,-0.21470355987548828,-0.06517458802812826,-0.11017251014709473,-0.15015214681625366,-0.07755016631239187,-0.050724416971206665,-0.26179006695747375,0.0034583052361654154,-0.07052779197692871,-0.30817940831184387,-0.044968490514690984,-0.07377281785011292,-0.19778382778167725,-0.05884878433101903,-0.06762337684631348,-0.1280730962753296,-0.053800811085636724,0.0015647411346435547,-0.25469762086868286,-0.008909704189534295,-0.022516906261444092,-0.29842326045036316,-0.05885721838825475,-0.02914983034133911,-0.18659847974777222,-0.050942615631754506,-0.027127474546432495,-0.11675190925598145,-0.028786695588166822,0.05610060691833496,-0.23024576902389526,-0.02403998284393083,0.023281872272491455,-0.26007911562919617,-0.056868554118807424,0.01122194528579712,-0.17827945947647095,-0.048240215543444265,0.010037124156951904,-0.12411516904830933,-0.031004100132520307
A,0.0,0.0,0.0,-0.0817013680934906,-0.03717327117919922,-0.028063421342096717,-0.1567709743976593,-0.12786942720413208,-0.04218035863669911,-0.17319363355636597,-0.2350902557373047,-0.057954958844504745,-0.11415460705757141,-0.2815112769603729,-0.06857483761342564,-0.10022896528244019,-0.25262337923049927,0.006108554806985467,-0.1168413758277893,-0.3064415454864502,-0.03669356482060948,-0.11531323194503784,-0.2188800573348999,-0.06273435728581944,-0.10821899771690369,-0.15379047393798828,-0.07398492025168935,-0.04676032066345215,-0.26204389333724976,0.0020452672899295976,-0.067023366689682,-0.3087674379348755,-0.04519644306930104,-0.07129725813865662,-0.19640684127807617,-0.05744597243102589,-0.06608253717422485,-0.12700337171554565,-0.051437544840894134,0.005410671234130859,-0.2544110417366028,-0.010768119450233371,-0.02073037624359131,-0.2976703643798828,-0.059629238415084274,-0.027367085218429565,-0.18391412496566772,-0.04990262092979947,-0.02518138289451599,-0.11501872539520264,-0.026858878526411445,0.059552788734436035,-0.22935926914215088,-0.026173954102716834,0.02352464199066162,-0.2584577798843384,-0.05827227907212773,0.0114021897315979,-0.1755806803703308,-0.04836694823535481,0.010785996913909912,-0.12269121408462524,-0.030383701640687377
A,0.0,0.0,0.0,-0.08365637063980103,-0.04239863157272339,-0.029031065318008586,-0.1589507758617401,-0.1318882703781128,-0.04387718721034162,-0.17577964067459106,-0.2400783896446228,-0.06039239375593297,-0.11703041195869446,-0.28813406825065613,-0.07170836536886327,-0.0989280641078949,-0.25658923387527466,0.008744167138615921,-0.1199781596660614,-0.30499398708343506,-0.035316477555056736,-0.11628350615501404,-0.2146601676940918,-0.06385975240470998,-0.10613420605659485,-0.14998722076416016,-0.07656381933691137,-0.04617810249328613,-0.26510828733444214,0.005712430898825005,-0.0705680251121521,-0.31047606468200684,-0.04192853628399007,-0.07281455397605896,-0.1993080973625183,-0.05602622314097516,-0.06514036655426025,-0.12785571813583374,-0.05120551123025052,0.005270183086395264,-0.25717782974243164,-0.006293683338185474,-0.023514240980148315,-0.3014819622039795,-0.05615791960360639,-0.029455244541168213,-0.1895848512649536,-0.04883776142003171,-0.025250345468521118,-0.11697161197662354,-0.026772624838372394,0.058892130851745605,-0.23153913021087646,-0.0210022451609575,0.02232605218887329,-0.26486828923225403,-0.05451873971821897,0.010784685611724854,-0.1835116744041443,-0.046298886674662754,0.011526942253112793,-0.1262914538383484,-0.02893809697332017
A,0.0,0.0,0.0,-0.08376789093017578,-0.039984941482543945,-0.030536028455060205,-0.1602163314819336,-0.12985479831695557,-0.04593801953927823,-0.1781877875328064,-0.2388538122177124,-0.06258500822917767,-0.11910352110862732,-0.2857242822647095,-0.0735388294710333,-0.10316869616508484,-0.25719285011291504,0.007435930994290629,-0.12269744277000427,-0.30556899309158325,-0.03724524834291287,-0.1178281307220459,-0.21501797437667847,-0.06540992566482373,-0.10822981595993042,-0.1505640149116516,-0.07770188608304807,-0.049728989601135254,-0.2657179534435272,0.0049420787104850206,-0.07224258780479431,-0.3100585639476776,-0.04385762372152158,-0.07377421855926514,-0.19875162839889526,-0.057910294170540055,-0.06709381937980652,-0.12906259298324585,-0.05283295446173497,0.001979827880859375,-0.2572855055332184,-0.006695716540377816,-0.02472984790802002,-0.30054450035095215,-0.057581090266864976,-0.030446946620941162,-0.18807733058929443,-0.05012159877554723,-0.027640551328659058,-0.11717486381530762,-0.027819237570327005,0.055568814277648926,-0.23177284002304077,-0.021119973520796975,0.02041381597518921,-0.2614292502403259,-0.05508268335000821,0.00866401195526123,-0.17949330806732178,-0.04717503943578549,0.008165180683135986,-0.12407845258712769,-0.02996235796348401
A,0.0,0.0,0.0,-0.08177241683006287,-0.044230103492736816,-0.028386824969516056,-0.15588530898094177,-0.1316797137260437,-0.0441459056179383,-0.1742478907108307,-0.23700588941574097,-0.06198179462955977,-0.11546966433525085,-0.2854084074497223,-0.07484611609982039,-0.09954005479812622,-0.25461238622665405,0.007261199671461327,-0.11768937110900879,-0.3077508509159088,-0.037359652314648883,-0.1150171160697937,-0.22120195627212524,-0.06609195211933638,-0.10801196098327637,-0.15571331977844238,-0.07871070990370299,-0.04637724161148071,-0.2627948224544525,0.0032533568140706848,-0.06767117977142334,-0.31128737330436707,-0.044949949924216526,-0.07054615020751953,-0.20035606622695923,-0.059557286296353595,-0.06536087393760681,-0.12896102666854858,-0.055132237468228595,0.005321204662322998,-0.25486046075820923,-0.009524637107119815,-0.021160215139389038,-0.30137455463409424,-0.05935280883716132,-0.027112096548080444,-0.1882842779159546,-0.05118017012284781,-0.024569988250732422,-0.11605679988861084,-0.028639040161237972,0.058342695236206055,-0.22942620515823364,-0.024869813788995998,0.023307859897613525,-0.26317930221557617,-0.0567280996780255,0.010725557804107666,-0.18293631076812744,-0.04674711192058112,0.009250223636627197,-0.12755298614501953,-0.0284679785560229
A,0.0,0.0,0.0,-0.08351293206214905,-0.04460936784744263,-0.02739205256381183,-0.15881052613258362,-0.1317543387413025,-0.04162682637849002,-0.17690736055374146,-0.23762941360473633,-0.058005363198901705,-0.12012183666229248,-0.2855710983276367,-0.0694397804168716,-0.09803622961044312,-0.25367337465286255,0.010271532942567774,-0.11731234192848206,-0.30290257930755615,-0.033839464637424044,-0.11321872472763062,-0.2148226499557495,-0.06276428371944576,-0.10493484139442444,-0.14747387170791626,-0.07553523451366573,-0.04573717713356018,-0.26261812448501587,0.006431220115189262,-0.06924667954444885,-0.30843666195869446,-0.040999517294551424,-0.0706261694431305,-0.19896376132965088,-0.05591960296311527,-0.06453835964202881,-0.1279677152633667,-0.0519943763343349,0.005184948444366455,-0.2559237480163574,-0.006283487643088392,-0.022489607334136963,-0.3001245856285095,-0.05620452434101253,-0.02808767557144165,-0.1893836259841919,-0.049206056150580935,-0.02578127384185791,-0.11752605438232422,-0.027517168301130823,0.05742233991622925,-0.23065990209579468,-0.021497432592298082,0.022621750831604004,-0.2640239894390106,-0.0542800542739883,0.010618209838867188,-0.1836279034614563,-0.04531118318715244,0.00962299108505249,-0.12735247611999512,-0.027657596844221644
A,0.0,0.0,0.0,-0.08347374200820923,-0.04331308603286743,-0.03071664215730152,-0.1583048701286316,-0.1319408416748047,-0.04609895067022762,-0.17702019214630127,-0.2371808886528015,-0.06266067491577587,-0.12102776765823364,-0.28595462441444397,-0.0735904903869482,-0.09947073459625244,-0.2571347951889038,0.006758027358785057,-0.1175871193408966,-0.30133727192878723,-0.0384197117547842,-0.11220082640647888,-0.20975279808044434,-0.06705544458435497,-0.1034911572933197,-0.1441199779510498,-0.07955044822500668,-0.04682275652885437,-0.2663462162017822,0.004347126579716587,-0.0692109763622284,-0.30858367681503296,-0.04475591273711643,-0.07008972764015198,-0.19710701704025269,-0.0592450642745348,-0.06341588497161865,-0.1282416582107544,-0.05475648062036953,0.0042871832847595215,-0.2588323950767517,-0.007137350623622751,-0.021939247846603394,-0.3001970648765564,-0.05845785828040562,-0.027510523796081543,-0.18708914518356323,-0.05029927136109791,-0.025232136249542236,-0.1168755292892456,-0.027601217270955658,0.056536853313446045,-0.23340564966201782,-0.021407190130219078,0.02314317226409912,-0.2627236843109131,-0.05512814538286648,0.01042020320892334,-0.18065035343170166,-0.04597075970576725,0.008024871349334717,-0.12586915493011475,-0.027972272948488808
A,0.0,0.0,0.0,-0.07961532473564148,-0.04492652416229248,-0.03255243513115147,-0.15085339546203613,-0.13300812244415283,-0.04981555330880383,-0.1686130166053772,-0.23760634660720825,-0.06791212323435047,-0.10914504528045654,-0.28351274132728577,-0.08009485069044331,-0.09321266412734985,-0.256250262260437,0.003979100777428357,-0.10993391275405884,-0.3037002682685852,-0.04094885948427418,-0.1072528064250946,-0.21761751174926758,-0.06865788909919956,-0.09972125291824341,-0.155830979347229,-0.08090400609501103,-0.03963872790336609,-0.2658635675907135,0.002115842817943303,-0.06027352809906006,-0.305669367313385,-0.04717937025554875,-0.06377628445625305,-0.19722366333007812,-0.06143075886495808,-0.05836185812950134,-0.13018178939819336,-0.05711806106694439,0.01293712854385376,-0.25698572397232056,-0.008888875202615054,-0.00928407907485962,-0.2936069667339325,-0.06031767192610005,-0.017882734537124634,-0.18271267414093018,-0.052891320617277415,-0.018242329359054565,-0.1126929521560669,-0.03108671593793133,0.06718224287033081,-0.2307124137878418,-0.02278257261343697,0.03634852170944214,-0.2549995183944702,-0.056207276017744334,0.02042675018310547,-0.17308646440505981,-0.04815250548847416,0.014465868473052979,-0.11869996786117554,-0.03135011258848408
A,0.0,0.0,0.0,-0.08148348331451416,-0.04216676950454712,-0.03172470968286234,-0.1546851098537445,-0.13643836975097656,-0.04769351672450739,-0.16943717002868652,-0.24431705474853516,-0.06397543814102846,-0.10977837443351746,-0.2865317463874817,-0.07475022193114,-0.09333428740501404,-0.257691353559494,0.0012662410589427964,-0.10854482650756836,-0.30178043246269226,-0.04200601544300753,-0.1053524911403656,-0.21280556917190552,-0.06971857663313585,-0.09821641445159912,-0.14799463748931885,-0.08266958560864168,-0.03844118118286133,-0.26715853810310364,-0.0002425598214585989,-0.05901572108268738,-0.30588632822036743,-0.046653870158593236,-0.06306412816047668,-0.19712114334106445,-0.06027452986756998,-0.05870512127876282,-0.12846863269805908,-0.05668780174175936,0.01380300521850586,-0.25782105326652527,-0.010267954916457711,-0.009500861167907715,-0.2960442900657654,-0.05908516760985094,-0.01856294274330139,-0.18361973762512207,-0.050648621880213796,-0.0194990336894989,-0.11258012056350708,-0.02927089821616846,0.06623810529708862,-0.2303714156150818,-0.023132597693006574,0.03344613313674927,-0.2564854025840759,-0.05625152554432589,0.018009543418884277,-0.17465150356292725,-0.04777513783494669,0.013231396675109863,-0.12027466297149658,-0.031096828766862927
A,0.0,0.0,0.0,-0.07896867394447327,-0.043863117694854736,-0.03166448398286548,-0.14878445863723755,-0.13962513208389282,-0.04751553087288585,-0.1618175506591797,-0.24780616164207458,-0.06368281020576205,-0.10048404335975647,-0.2855716943740845,-0.07426679207736697,-0.08613836765289307,-0.2573305368423462,0.0028628324737951516,-0.10145854949951172,-0.305711030960083,-0.04035910664850917,-0.10256633162498474,-0.21798831224441528,-0.06681101842576709,-0.09730491042137146,-0.15761661529541016,-0.07881708516532626,-0.030985385179519653,-0.26388806104660034,0.0010024945598274826,-0.050544023513793945,-0.3074132800102234,-0.04767755864912715,-0.05878534913063049,-0.19737637042999268,-0.061140131938998366,-0.05480903387069702,-0.12940764427185059,-0.056222417194192076,0.021837830543518066,-0.2522638142108917,-0.009565331775490904,-0.0003921985626220703,-0.2914621829986572,-0.06039847134405818,-0.013378500938415527,-0.18110692501068115,-0.052996926743333006,-0.014900147914886475,-0.11225879192352295,-0.031309005606715345,0.07572263479232788,-0.22374939918518066,-0.02280081323141303,0.04253286123275757,-0.24902135133743286,-0.0565989807134315,0.02545684576034546,-0.1673906445503235,-0.04910760446244922,0.021210014820098877,-0.1140243411064148,-0.0327574953323051
A,0.0,0.0,0.0,-0.07645145058631897,-0.04929983615875244,-0.03287617986705982,-0.142657071352005,-0.14787131547927856,-0.048983441047937504,-0.15514540672302246,-0.25489282608032227,-0.06480622416046344,-0.09468263387680054,-0.2905486822128296,-0.07489547257927143,-0.07491961121559143,-0.2686212956905365,0.0016397436041302171,-0.09183281660079956,-0.3072904348373413,-0.04069182028678142,-0.09435534477233887,-0.2191334366798401,-0.0672261801889249,-0.09070795774459839,-0.15909630060195923,-0.07975628351476871,-0.019530504941940308,-0.27411043643951416,0.00045402281767792374,-0.04311993718147278,-0.3067651689052582,-0.04615038385298931,-0.05336451530456543,-0.1980399489402771,-0.05953924109843456,-0.05151757597923279,-0.13250869512557983,-0.055684441082746616,0.03287243843078613,-0.25990673899650574,-0.009381530188591114,0.006969630718231201,-0.28963738679885864,-0.05861245220211231,-0.008567631244659424,-0.18141764402389526,-0.05136961241868221,-0.01280820369720459,-0.11540830135345459,-0.030906499676973453,0.08498144149780273,-0.2276211380958557,-0.022090430684954754,0.04923391342163086,-0.24311953783035278,-0.055352532618314854,0.029300272464752197,-0.1622300148010254,-0.04820079480913364,0.02223449945449829,-0.11114174127578735,-0.0325625700285741
A,0.0,0.0,0.0,-0.07660239934921265,-0.05086547136306763,-0.031370626116711264,-0.14224708080291748,-0.14874231815338135,-0.04730061190815604,-0.15039226412773132,-0.2522903084754944,-0.06332967552037871,-0.09268060326576233,-0.292866587638855,-0.07407315197082198,-0.06857466697692871,-0.2747381329536438,0.0020505957709815448,-0.08764705061912537,-0.30636897683143616,-0.041089360887724524,-0.0900510847568512,-0.21855062246322632,-0.06992276134582198,-0.08741268515586853,-0.15361082553863525,-0.08359456184001601,-0.013040602207183838,-0.27852532267570496,0.000926645652782554,-0.04093283414840698,-0.3026476204395294,-0.043685243750530844,-0.05047580599784851,-0.19510680437088013,-0.0573640068122927,-0.049604713916778564,-0.12522119283676147,-0.054450658435541754,0.03800469636917114,-0.2629735767841339,-0.008822276542503005,0.006331264972686768,-0.2837544083595276,-0.05532856034727729,-0.007923603057861328,-0.17732149362564087,-0.048132186109739905,-0.011844873428344727,-0.10763895511627197,-0.028598293016273146,0.0868958830833435,-0.2283833622932434,-0.021650904143768912,0.0470196008682251,-0.23685133457183838,-0.054159966582972174,0.027621984481811523,-0.15853756666183472,-0.04756755503507293,0.02142435312271118,-0.10661840438842773,-0.03238605084510482
A,0.0,0.0,0.0,-0.06908145546913147,-0.0542377233505249,-0.030753450152417372,-0.12893915176391602,-0.15659117698669434,-0.04614063320769901,-0.13453108072280884,-0.2604580521583557,-0.06160743502988453,-0.07442158460617065,-0.29429811239242554,-0.07125304235233898,-0.045712292194366455,-0.2786412239074707,0.002073943697894265,-0.06901276111602783,-0.30596035718917847,-0.042047589701553534,-0.07744848728179932,-0.2148335576057434,-0.06937573446049328,-0.07745951414108276,-0.15327054262161255,-0.08182398570789928,0.00811856985092163,-0.27686625719070435,-0.0003353264517613752,-0.024286895990371704,-0.30442219972610474,-0.04691946847452755,-0.041243523359298706,-0.195703387260437,-0.05843327907933826,-0.04208052158355713,-0.1298367977142334,-0.05306366426958675,0.057514846324920654,-0.25562551617622375,-0.011641197522124003,0.020420551300048828,-0.2744099199771881,-0.06062677098526592,0.000934600830078125,-0.16621333360671997,-0.05148867858662243,-0.0028594136238098145,-0.10291999578475952,-0.02961899681105251,0.10515439510345459,-0.2163153886795044,-0.025884145555039595,0.05920678377151489,-0.22239989042282104,-0.05838646335615749,0.035348713397979736,-0.14463382959365845,-0.05076696319594021,0.029355883598327637,-0.09905850887298584,-0.03472846714868183
A,0.0,0.0,0.0,-0.0698738694190979,-0.060635507106781006,-0.030316289165398302,-0.1284504532814026,-0.16277748346328735,-0.04691245185711068,-0.13434487581253052,-0.2637125551700592,-0.06400801765300912,-0.07693231105804443,-0.2983214855194092,-0.07542320864774865,-0.040448665618896484,-0.2830809950828552,0.004648018045941171,-0.06951481103897095,-0.31389960646629333,-0.03912177460767907,-0.07922157645225525,-0.22523564100265503,-0.06729856657364053,-0.07871928811073303,-0.16111093759536743,-0.07979754882433099,0.011353135108947754,-0.2795144319534302,0.0030529248757602545,-0.02630409598350525,-0.30780038237571716,-0.04272511007764024,-0.04392847418785095,-0.20066958665847778,-0.0554052494702546,-0.04616612195968628,-0.131034255027771,-0.050652110600253764,0.05822587013244629,-0.2585431635379791,-0.007434363593688431,0.015798091888427734,-0.2787872552871704,-0.054752213531514826,-0.003634512424468994,-0.17494875192642212,-0.04773752542712373,-0.007453322410583496,-0.10941177606582642,-0.027496382245203677,0.10232692956924438,-0.21906542778015137,-0.02100935729720277,0.05314558744430542,-0.22500431537628174,-0.052405101829549494,0.03089958429336548,-0.150271475315094,-0.04632690327741784,0.02708876132965088,-0.10318845510482788,-0.031311472528955164
A,0.0,0.0,0.0,-0.06859889626502991,-0.059265732765197754,-0.03116274719906187,-0.12729641795158386,-0.16245204210281372,-0.047677638957623,-0.1331891417503357,-0.2648366391658783,-0.06438711939227915,-0.0741913914680481,-0.29793182015419006,-0.0753684705294404,-0.039065390825271606,-0.28354519605636597,0.004323578422543051,-0.07142093777656555,-0.3139611482620239,-0.03839415592921114,-0.08164775371551514,-0.22724032402038574,-0.0647585233844552,-0.07896316051483154,-0.16680431365966797,-0.0762009164489541,0.013679563999176025,-0.28009098768234253,0.003318291606035473,-0.027023732662200928,-0.30626413226127625,-0.041578433493498324,-0.04453623294830322,-0.1978282928466797,-0.052776972780350206,-0.04405617713928223,-0.13117831945419312,-0.047005931863907335,0.06139653921127319,-0.25820207595825195,-0.006679903732958792,0.016946017742156982,-0.27596840262413025,-0.05428763387573099,-0.002505481243133545,-0.17131084203720093,-0.047263900766495226,-0.004721462726593018,-0.10765814781188965,-0.02688444314372873,0.10624885559082031,-0.21775823831558228,-0.019723285938027857,0.05558514595031738,-0.22474724054336548,-0.05134077278745508,0.03284049034118652,-0.15005868673324585,-0.04565563706529474,0.029519259929656982,-0.1035454273223877,-0.03084342276525831
A,0.0,0.0,0.0,-0.06573984026908875,-0.06120908260345459,-0.02860778949360565,-0.12201991677284241,-0.1691673994064331,-0.043986700541779555,-0.12570491433143616,-0.27138131856918335,-0.05986483774285034,-0.067851722240448,-0.3040275275707245,-0.06987215957741455,-0.027520835399627686,-0.28892427682876587,0.0041737341587690935,-0.06187927722930908,-0.3183491826057434,-0.03710763163070396,-0.07507172226905823,-0.22924846410751343,-0.06271960220436767,-0.07401728630065918,-0.1676257848739624,-0.07412840805153564,0.023919284343719482,-0.28244975209236145,0.0021668557808993683,-0.020138293504714966,-0.30638235807418823,-0.040380563653513946,-0.03949335217475891,-0.19919294118881226,-0.05006825558047012,-0.04027166962623596,-0.13418829441070557,-0.04455171904663757,0.06955242156982422,-0.25837886333465576,-0.008448678135380305,0.02152228355407715,-0.27784693241119385,-0.05331835902433113,0.001218557357788086,-0.1739845871925354,-0.04418372742037491,-0.0009918808937072754,-0.11083966493606567,-0.023839050970480002,0.1115533709526062,-0.21657156944274902,-0.0221062116990538,0.057965636253356934,-0.2239428162574768,-0.052490305222079314,0.03397929668426514,-0.14995145797729492,-0.04597437760929779,0.030607283115386963,-0.1037643551826477,-0.03131617612342552
A,0.0,0.0,0.0,-0.06590032577514648,-0.0634264349937439,-0.03070519895521784,-0.12118932604789734,-0.16995549201965332,-0.04766291038362169,-0.1284870207309723,-0.271418035030365,-0.06514687122074747,-0.07197162508964539,-0.3025815486907959,-0.07619968832699442,-0.028491884469985962,-0.29187360405921936,0.006223218671550512,-0.06507351994514465,-0.32341820001602173,-0.03735877976981783,-0.07851725816726685,-0.2358977198600769,-0.06364429028002405,-0.07631495594978333,-0.17743521928787231,-0.07469639958111429,0.022885143756866455,-0.2851029634475708,0.004797535638829231,-0.02250349521636963,-0.3097163140773773,-0.040730234545151234,-0.0434054434299469,-0.19979482889175415,-0.05092147023646021,-0.043433934450149536,-0.1376049518585205,-0.044251062285582066,0.06890958547592163,-0.26004767417907715,-0.005947310321460009,0.020019710063934326,-0.27728939056396484,-0.05346394361225748,-0.0018999576568603516,-0.17137426137924194,-0.044781267952600956,-0.003451049327850342,-0.11114358901977539,-0.02324282222656393,0.11105626821517944,-0.2174094319343567,-0.01990628645984316,0.05685997009277344,-0.22351282835006714,-0.050028965186754704,0.0321010947227478,-0.15046894550323486,-0.043520726573149204,0.029301166534423828,-0.10733789205551147,-0.028163234081546307
A,0.0,0.0,0.0,-0.064491868019104,-0.06043165922164917,-0.02924491833579168,-0.11899259686470032,-0.16793221235275269,-0.04547826382946596,-0.12858182191848755,-0.2703172266483307,-0.062103787396665666,-0.07422006130218506,-0.2992842197418213,-0.07260431158971414,-0.02903100848197937,-0.29074835777282715,0.005024649708900597,-0.06260469555854797,-0.3183007538318634,-0.03587040859889612,-0.07540661096572876,-0.23098134994506836,-0.06020887750815973,-0.07402575016021729,-0.16998201608657837,-0.0703921373529397,0.0218772292137146,-0.2846294343471527,0.003226263721842315,-0.02073177695274353,-0.31041383743286133,-0.039223818068023775,-0.040746092796325684,-0.2034226655960083,-0.04823341402840242,-0.04167217016220093,-0.13919341564178467,-0.04171274784636125,0.06836467981338501,-0.25994962453842163,-0.007184645586278293,0.019199788570404053,-0.27580374479293823,-0.05136061642002687,-0.0022361278533935547,-0.1727079153060913,-0.042263904546018694,-0.004175126552581787,-0.11193311214447021,-0.021845120896216486,0.11086398363113403,-0.21799087524414062,-0.020742399577613924,0.0562434196472168,-0.22271889448165894,-0.04887460354399309,0.032143235206604004,-0.1500377655029297,-0.0422241594238244,0.02982652187347412,-0.10574829578399658,-0.02767663445007429
A,0.0,0.0,0.0,-0.06999954581260681,-0.05639195442199707,-0.03209121182260333,-0.13033026456832886,-0.1626930832862854,-0.048748150762889964,-0.13917702436447144,-0.2661054730415344,-0.06533162697849093,-0.08323460817337036,-0.29836490750312805,-0.07534248038825808,-0.04263243079185486,-0.29018235206604004,0.003693699076052326,-0.07827553153038025,-0.31806042790412903,-0.038587831255767924,-0.08689957857131958,-0.22920221090316772,-0.0633742178946477,-0.08255314826965332,-0.16860085725784302,-0.07348031207618533,0.009985268115997314,-0.28705334663391113,0.0033395136084664045,-0.0333845317363739,-0.31040409207344055,-0.041632488664959055,-0.050345540046691895,-0.2001708745956421,-0.051286697682712656,-0.04886782169342041,-0.13626277446746826,-0.04417975648937045,0.05726069211959839,-0.2644529938697815,-0.006067839746151549,0.010079264640808105,-0.2781093120574951,-0.05322411313352404,-0.009308397769927979,-0.17182272672653198,-0.04469878628549395,-0.010254442691802979,-0.11167031526565552,-0.023393465501044375,0.10073673725128174,-0.22386449575424194,-0.018740753006909472,0.04799354076385498,-0.22520321607589722,-0.048805885311935526,0.0251312255859375,-0.15105891227722168,-0.0426452796131116,0.022973060607910156,-0.10836732387542725,-0.02762950986323176
A,0.0,0.0,0.0,-0.07219994068145752,-0.05319404602050781,-0.03538600824634841,-0.13415375351905823,-0.15214014053344727,-0.05473274834315589,-0.14410370588302612,-0.25624406337738037,-0.07406943760673812,-0.08676758408546448,-0.29353007674217224,-0.08708349339525512,-0.06023329496383667,-0.2758653461933136,0.003577158051996321,-0.08473220467567444,-0.31271857023239136,-0.04096137083928397,-0.0896729826927185,-0.22751182317733765,-0.06797359607975295,-0.08590182662010193,-0.1634814739227295,-0.07898638866703322,-0.005853712558746338,-0.2774386703968048,0.004396090713782996,-0.03687337040901184,-0.30774059891700745,-0.0430200258628588,-0.050221383571624756,-0.19945675134658813,-0.05578386135260871,-0.05015555024147034,-0.13152658939361572,-0.0499516362683039,0.04421114921569824,-0.25966739654541016,-0.004396284500614911,0.010234236717224121,-0.279800683259964,-0.05405167586962989,-0.006802618503570557,-0.17474985122680664,-0.04878988213698676,-0.010035157203674316,-0.10967743396759033,-0.028512173368142157,0.09240508079528809,-0.22363340854644775,-0.01645646713535598,0.05046182870864868,-0.23267513513565063,-0.04819280750911048,0.02874743938446045,-0.15887397527694702,-0.04333318121592811,0.02345883846282959,-0.1119348406791687,-0.028705586715148
A,0.0,0.0,0.0,-0.07446643710136414,-0.051638007164001465,-0.03439614741301966,-0.13586142659187317,-0.15035921335220337,-0.052421057654385095,-0.14293158054351807,-0.25391054153442383,-0.07009019522166682,-0.08433210849761963,-0.29424941539764404,-0.082043914181952,-0.0633084774017334,-0.2780311107635498,0.001520097081709082,-0.08602023124694824,-0.3056950271129608,-0.04250814212656451,-0.08846601843833923,-0.21954494714736938,-0.07141866354442072,-0.08490493893623352,-0.15618008375167847,-0.08467890141702128,-0.007546365261077881,-0.2818601727485657,0.0020038214867668103,-0.037684857845306396,-0.30189937353134155,-0.04320534883237315,-0.04862818121910095,-0.19519203901290894,-0.05694243876433802,-0.04838341474533081,-0.12579095363616943,-0.05344139604068232,0.043604373931884766,-0.26502224802970886,-0.006659607926223998,0.00982731580734253,-0.2775524854660034,-0.05394145665860606,-0.006372928619384766,-0.17374354600906372,-0.048645401431087976,-0.010800004005432129,-0.10649943351745605,-0.029887581301693444,0.0925413966178894,-0.22884225845336914,-0.018689828051094537,0.05144840478897095,-0.23239076137542725,-0.05085434956646395,0.029848992824554443,-0.15669989585876465,-0.045864401442770486,0.022313237190246582,-0.10671758651733398,-0.031647546274427896
A,0.0,0.0,0.0,-0.0753825306892395,-0.050359904766082764,-0.033160521915363006,-0.1370934247970581,-0.1521286964416504,-0.04998066954891556,-0.1422596573829651,-0.25654834508895874,-0.06674412198941582,-0.08355847001075745,-0.29381775856018066,-0.07803805478494041,-0.06265896558761597,-0.27533385157585144,0.0026180278172773797,-0.08242526650428772,-0.3081992268562317,-0.041279024711059265,-0.08654287457466125,-0.22353780269622803,-0.0707194314209687,-0.08563432097434998,-0.15769565105438232,-0.08439845897834175,-0.007264912128448486,-0.277821809053421,0.00249366226029224,-0.03470602631568909,-0.3026683032512665,-0.04303387486021393,-0.04744800925254822,-0.19728267192840576,-0.057576692929671935,-0.04946011304855347,-0.12520372867584229,-0.054643473854468994,0.04341018199920654,-0.26034384965896606,-0.006703868774877719,0.011823654174804688,-0.278337299823761,-0.053709998062061004,-0.005385041236877441,-0.17549288272857666,-0.04861165516655319,-0.011770904064178467,-0.10620349645614624,-0.030207240289257697,0.09200429916381836,-0.22390800714492798,-0.019168437725113563,0.05271202325820923,-0.23188751935958862,-0.051862231722282104,0.03092670440673828,-0.1566305160522461,-0.04702217810432785,0.02270585298538208,-0.10538208484649658,-0.03302137487213486
A,0.0,0.0,0.0,-0.07539284229278564,-0.051580071449279785,-0.03626601496733883,-0.1350000500679016,-0.15469831228256226,-0.05506553599633435,-0.13575169444084167,-0.259379506111145,-0.0731657082775996,-0.0747268795967102,-0.2902161478996277,-0.08563780138291577,-0.06598323583602905,-0.2682229280471802,-0.0030053267816469997,-0.075528085231781,-0.30990034341812134,-0.04869907075561741,-0.07944253087043762,-0.22391587495803833,-0.07874966511525372,-0.07947072386741638,-0.15651410818099976,-0.09245875576533535,-0.010385453701019287,-0.2686331272125244,-0.002079378171117696,-0.026269078254699707,-0.3018302917480469,-0.05009997362293461,-0.03895971179008484,-0.1964799165725708,-0.0653670142034457,-0.042529404163360596,-0.12472027540206909,-0.06249139929212788,0.04067349433898926,-0.24986785650253296,-0.01020655320979813,0.02273082733154297,-0.2815700173377991,-0.059845247362034115,0.0031396150588989258,-0.17751264572143555,-0.05492402711905697,-0.006654202938079834,-0.10614007711410522,-0.03587270626820782,0.08982962369918823,-0.21371793746948242,-0.02156948210694054,0.0630074143409729,-0.23639580607414246,-0.05608518147863606,0.039026856422424316,-0.16195768117904663,-0.05087398836411694,0.026143372058868408,-0.10851961374282837,-0.03617183590330342
A,0.0,0.0,0.0,-0.0752907395362854,-0.049171388149261475,-0.03713921146680832,-0.13724279403686523,-0.1507900357246399,-0.05638298453976631,-0.13822796940803528,-0.25887352228164673,-0.07481214465786934,-0.07279190421104431,-0.28776389360427856,-0.08762909533669472,-0.0750298798084259,-0.2616533041000366,-0.004124684410442114,-0.08061248064041138,-0.3112371563911438,-0.05033873828341484,-0.0836382508277893,-0.22765707969665527,-0.0796848914234829,-0.08233758807182312,-0.16158175468444824,-0.09253817858387947,-0.018637418746948242,-0.26234254240989685,-0.0031245543270301823,-0.027851343154907227,-0.30580735206604004,-0.05312256576706886,-0.03996822237968445,-0.20027047395706177,-0.06865598323037148,-0.0427718460559845,-0.12856101989746094,-0.0646992853491497,0.03369641304016113,-0.2445685863494873,-0.011091298109192849,0.023413658142089844,-0.28432610630989075,-0.06267397167374611,0.00376969575881958,-0.17832046747207642,-0.05772809373428345,-0.005918681621551514,-0.10721397399902344,-0.03730374636342049,0.08525300025939941,-0.20988529920578003,-0.022105154266853333,0.06454706192016602,-0.24473616480827332,-0.05634427877356529,0.04154849052429199,-0.1693878173828125,-0.04975038456012726,0.029098033905029297,-0.11513203382492065,-0.03359551044394493
A,0.0,0.0,0.0,-0.07700762152671814,-0.04734158515930176,-0.036181529523332756,-0.13869085907936096,-0.15222734212875366,-0.05444978317757432,-0.13817840814590454,-0.260652095079422,-0.07169063902040307,-0.07364144921302795,-0.28529006242752075,-0.08342422312637154,-0.07847824692726135,-0.2636892795562744,-0.006178208166261356,-0.08209159970283508,-0.315210223197937,-0.04930395400663201,-0.08513051271438599,-0.23115861415863037,-0.07650915300985162,-0.08500438928604126,-0.16745686531066895,-0.08907799935479943,-0.022453010082244873,-0.26544278860092163,-0.005577696026762169,-0.029208987951278687,-0.3058187961578369,-0.0529198288037378,-0.04107221961021423,-0.20003026723861694,-0.06685306644578759,-0.045906126499176025,-0.13010722398757935,-0.0630492544784147,0.029791414737701416,-0.2484533190727234,-0.013547026091714542,0.021827399730682373,-0.28565487265586853,-0.06186036160727326,0.0026834607124328613,-0.18114805221557617,-0.05660504242916886,-0.008636772632598877,-0.11136353015899658,-0.037754857452114265,0.08180451393127441,-0.21478700637817383,-0.02467450453480069,0.06354117393493652,-0.24341866374015808,-0.0577488741888601,0.041164278984069824,-0.16812103986740112,-0.05203972897072617,0.027555227279663086,-0.11520326137542725,-0.03755255556245629
A,0.0,0.0,0.0,-0.07532939314842224,-0.04882335662841797,-0.032546990976470624,-0.1354612112045288,-0.14485424757003784,-0.05026791380419127,-0.13533630967140198,-0.25037676095962524,-0.06910415501965872,-0.07079493999481201,-0.28567972779273987,-0.08293116600884787,-0.08403098583221436,-0.2523391544818878,0.003987453918171013,-0.08575436472892761,-0.3145660161972046,-0.041189202532905256,-0.08557480573654175,-0.2361963391304016,-0.07084363462104193,-0.08143514394760132,-0.17147612571716309,-0.08382437886371008,-0.030728697776794434,-0.2511013150215149,0.0023074034072578797,-0.03150814771652222,-0.30939173698425293,-0.04644712568892828,-0.04165735840797424,-0.20397210121154785,-0.061608226463931715,-0.044961780309677124,-0.130709707736969,-0.05723164738788,0.01971191167831421,-0.2346712052822113,-0.008542478509980356,0.017868220806121826,-0.2962569296360016,-0.05806962163819662,0.0002906918525695801,-0.19076716899871826,-0.05240047113670698,-0.008648097515106201,-0.11711162328720093,-0.031768304721254026,0.07106739282608032,-0.20170676708221436,-0.02230014042629591,0.05820155143737793,-0.2503799498081207,-0.05425551296843878,0.03879106044769287,-0.17759299278259277,-0.046569575981038724,0.02865546941757202,-0.12257534265518188,-0.030172215268748914
A,0.0,0.0,0.0,-0.0746232271194458,-0.0530925989151001,-0.03232026524676712,-0.1326124668121338,-0.1485016942024231,-0.0505102431012574,-0.13171637058258057,-0.2570856809616089,-0.0698584062589589,-0.0636928379535675,-0.297926664352417,-0.08385874010457428,-0.08743125200271606,-0.25638920068740845,0.003336528494742197,-0.09103533625602722,-0.31441730260849,-0.04233441181315811,-0.08466899394989014,-0.23539289832115173,-0.07168382085694702,-0.07760810852050781,-0.17143791913986206,-0.08423620141877564,-0.033144235610961914,-0.25926557183265686,0.0011184346552681745,-0.03281199932098389,-0.31247416138648987,-0.04884311981334122,-0.03934842348098755,-0.2074938416481018,-0.06493023462428482,-0.042011141777038574,-0.13570857048034668,-0.061043110264677125,0.01836484670639038,-0.24473074078559875,-0.009969130678314286,0.018252670764923096,-0.29951730370521545,-0.059893686844247895,0.0031714439392089844,-0.1933220624923706,-0.05450341902508171,-0.005815386772155762,-0.1221766471862793,-0.03397945739163788,0.0705065131187439,-0.2120342254638672,-0.023933316169518548,0.06062203645706177,-0.2564716935157776,-0.05484163440598877,0.04210776090621948,-0.18182462453842163,-0.04630597360267075,0.03019094467163086,-0.12779676914215088,-0.029277079327243882
A,0.0,0.0,0.0,-0.07636094093322754,-0.050977468490600586,-0.03230346512998494,-0.1357053816318512,-0.14621615409851074,-0.05006756407226476,-0.132246732711792,-0.25438061356544495,-0.06924513128603849,-0.06413590908050537,-0.2957518994808197,-0.08318729099835309,-0.08939263224601746,-0.2535149157047272,0.005770768439219864,-0.09409049153327942,-0.3153708577156067,-0.04080336687172803,-0.08790579438209534,-0.23850610852241516,-0.07174834755267057,-0.0803510844707489,-0.17616623640060425,-0.08544586000050458,-0.035254985094070435,-0.2565304636955261,0.0031984319722369037,-0.035013347864151,-0.3112949728965759,-0.047322591366423694,-0.04192301630973816,-0.2057652473449707,-0.06438873854483518,-0.04522392153739929,-0.1345943808555603,-0.0613253093978301,0.015870094299316406,-0.24221619963645935,-0.008609952004803745,0.01678168773651123,-0.3038962483406067,-0.05901884433831128,0.0007998347282409668,-0.19707804918289185,-0.05364347395504865,-0.009717166423797607,-0.12554961442947388,-0.033348856093539325,0.06738299131393433,-0.20925313234329224,-0.023399618985308734,0.05830627679824829,-0.25533363223075867,-0.05517952662910375,0.03960919380187988,-0.18038100004196167,-0.04679341760481748,0.027019917964935303,-0.12665832042694092,-0.029940262036575405
A,0.0,0.0,0.0,-0.07603645324707031,-0.05405712127685547,-0.032422420847353806,-0.13508886098861694,-0.14708948135375977,-0.05020950855606543,-0.13418495655059814,-0.25513342022895813,-0.0695669290601586,-0.06695908308029175,-0.2999391555786133,-0.08344820262783514,-0.09108179807662964,-0.254520982503891,0.006679627765777241,-0.09440907835960388,-0.3161909878253937,-0.040248294639525284,-0.0883118212223053,-0.23700472712516785,-0.07090902449482428,-0.08208400011062622,-0.17476749420166016,-0.08430978776806342,-0.037152767181396484,-0.25851190090179443,0.004039870296480785,-0.03594791889190674,-0.313429594039917,-0.04664933802479254,-0.04232487082481384,-0.20604681968688965,-0.06325708450668799,-0.04574128985404968,-0.13646388053894043,-0.059747522044119705,0.014095664024353027,-0.2446310818195343,-0.008026751036879887,0.01628488302230835,-0.3069491982460022,-0.058484846073326935,0.0002856254577636719,-0.19995880126953125,-0.05269790189259993,-0.010493576526641846,-0.13003110885620117,-0.032005009519991745,0.0659635066986084,-0.21139508485794067,-0.023145924600896706,0.05925285816192627,-0.25846216082572937,-0.05473188059323775,0.040059685707092285,-0.18396437168121338,-0.04619429754012572,0.026191651821136475,-0.1311326026916504,-0.029141302499112953
A,0.0,0.0,0.0,-0.0756116509437561,-0.050981998443603516,-0.03427680882197137,-0.1370880901813507,-0.14240926504135132,-0.053631435358340696,-0.13911372423171997,-0.2506404519081116,-0.07445292475205179,-0.07033857703208923,-0.29415833950042725,-0.08983220460396524,-0.09321483969688416,-0.25061532855033875,0.005632425448482081,-0.09827113151550293,-0.3132365643978119,-0.04261615427714105,-0.09167212247848511,-0.23578178882598877,-0.07413930001240487,-0.0831654965877533,-0.1749069094657898,-0.08787119688969369,-0.038682639598846436,-0.25563573837280273,0.0035094814604121893,-0.03817880153656006,-0.3106685280799866,-0.0491586581109118,-0.04414364695549011,-0.20311105251312256,-0.06650179179888482,-0.046626120805740356,-0.13308286666870117,-0.062793228053863,0.012852609157562256,-0.24298706650733948,-0.008333839686031297,0.014299452304840088,-0.3039226531982422,-0.06074364038687463,-0.0008165836334228516,-0.1955418586730957,-0.05581185149532075,-0.010424971580505371,-0.12479448318481445,-0.03489689829331155,0.06533324718475342,-0.21195560693740845,-0.023281661072189763,0.05725443363189697,-0.25864851474761963,-0.055365680926854566,0.03892916440963745,-0.18389397859573364,-0.04722578751426454,0.026310384273529053,-0.13074791431427002,-0.030226928391869023
A,0.0,0.0,0.0,-0.07785236835479736,-0.054440319538116455,-0.03256129193397328,-0.1386529803276062,-0.1465776562690735,-0.050787900567968336,-0.1390552520751953,-0.25597837567329407,-0.07095678243132397,-0.07029932737350464,-0.2943100035190582,-0.08618612679930493,-0.09288159012794495,-0.2542625367641449,0.008999648510496172,-0.09709739685058594,-0.31466051936149597,-0.03866442757936284,-0.09094524383544922,-0.2403523325920105,-0.0712146619269447,-0.08401206135749817,-0.17757266759872437,-0.08576215151043698,-0.0380767285823822,-0.2601453363895416,0.00636410900114015,-0.03836175799369812,-0.31160345673561096,-0.045936749310214964,-0.044747233390808105,-0.20582729578018188,-0.06507347616644665,-0.04823842644691467,-0.13263237476348877,-0.0627491706916885,0.013946235179901123,-0.24787786602973938,-0.005842980456520763,0.014325082302093506,-0.30429530143737793,-0.05788323375674054,-0.0006490349769592285,-0.19716501235961914,-0.0548737132856445,-0.011042356491088867,-0.1236608624458313,-0.03516792598458096,0.06664925813674927,-0.2164524793624878,-0.021020061329920736,0.0576818585395813,-0.2600082755088806,-0.05319872590990826,0.03943091630935669,-0.18577730655670166,-0.046041232527215925,0.026024580001831055,-0.13079118728637695,-0.029574013308604208
A,0.0,0.0,0.0,-0.07642698287963867,-0.05134761333465576,-0.033235033704670514,-0.13732093572616577,-0.1446250081062317,-0.052004335178764904,-0.13804256916046143,-0.2546555995941162,-0.07207814763370379,-0.06881731748580933,-0.29381895065307617,-0.08698627512040957,-0.09368038177490234,-0.25387081503868103,0.004790633720574533,-0.09659421443939209,-0.314053475856781,-0.04198622862878665,-0.09024396538734436,-0.2377440631389618,-0.07299763868633136,-0.0833171010017395,-0.17398935556411743,-0.08667697916808947,-0.03850802779197693,-0.2597605288028717,0.0026722550757654062,-0.0378459095954895,-0.3111736476421356,-0.04805552373710498,-0.04408100247383118,-0.20472216606140137,-0.06519476483646258,-0.047404587268829346,-0.13192778825759888,-0.06204600418988093,0.013638794422149658,-0.24770158529281616,-0.008754056609006966,0.01534879207611084,-0.3028092086315155,-0.05926384936157092,9.566545486450195e-05,-0.1956208348274231,-0.055108504100473965,-0.01048189401626587,-0.1227617859840393,-0.035422460837992276,0.06662023067474365,-0.21704328060150146,-0.02319749604049548,0.05844646692276001,-0.2588146924972534,-0.05453045080486163,0.04015320539474487,-0.18392056226730347,-0.04703331525507792,0.026839375495910645,-0.12954121828079224,-0.030816977574261273
A,0.0,0.0,0.0,-0.0738326907157898,-0.0554049015045166,-0.035050137474513576,-0.1342049241065979,-0.14588779211044312,-0.055215238168216274,-0.1380140781402588,-0.25232061743736267,-0.07646265490291171,-0.06905078887939453,-0.29867684841156006,-0.09217169745204501,-0.09261402487754822,-0.25765594840049744,0.004225015134238674,-0.09755122661590576,-0.3170130252838135,-0.04337663067815356,-0.08946415781974792,-0.23955166339874268,-0.07414307309625201,-0.0814460813999176,-0.176896870136261,-0.08726898445127063,-0.03712967038154602,-0.26355722546577454,0.0028037230546260616,-0.03697347640991211,-0.313494473695755,-0.04957991330263667,-0.04196611046791077,-0.20578378438949585,-0.06723628057477526,-0.045122355222702026,-0.13505864143371582,-0.06380472196576648,0.015931665897369385,-0.25110241770744324,-0.008133049629009292,0.0160062313079834,-0.3054136037826538,-0.06079095093843989,0.0017968416213989258,-0.19727373123168945,-0.056789020582414196,-0.008011281490325928,-0.12577474117279053,-0.036343237891173885,0.06936830282211304,-0.22040361166000366,-0.022071736439443157,0.0603790283203125,-0.2638513445854187,-0.05478741837976031,0.042540132999420166,-0.18735933303833008,-0.047022814437127636,0.029624104499816895,-0.13298410177230835,-0.029947862535095737
A,0.0,0.0,0.0,-0.07517099380493164,-0.05474710464477539,-0.033759721013382205,-0.13567066192626953,-0.14672762155532837,-0.05334168339021517,-0.13734161853790283,-0.2548457086086273,-0.07420842761047197,-0.06808868050575256,-0.29902803897857666,-0.08971598410852266,-0.0923430323600769,-0.2578808665275574,0.0034904646047948518,-0.09634175896644592,-0.3185099959373474,-0.04472173789389444,-0.08977851271629333,-0.23999762535095215,-0.07593263352163149,-0.08251410722732544,-0.1769580841064453,-0.08939897680528475,-0.03722122311592102,-0.2623134255409241,0.0013430615247784772,-0.03663709759712219,-0.3127935826778412,-0.05052144119389368,-0.04307040572166443,-0.2048162817955017,-0.06746230685956789,-0.04627758264541626,-0.13484126329421997,-0.06409465188033892,0.015462696552276611,-0.24878618121147156,-0.010194237733855971,0.016459405422210693,-0.3045748472213745,-0.062237635644748934,0.0009362101554870605,-0.1959938406944275,-0.056888264062479266,-0.008894145488739014,-0.12505072355270386,-0.03605669030793024,0.06879353523254395,-0.21702039241790771,-0.024705088155940302,0.0602383017539978,-0.26294833421707153,-0.056817904504612216,0.041723668575286865,-0.18677663803100586,-0.04804405981548143,0.02933603525161743,-0.1329602599143982,-0.03059859612829996
A,0.0,0.0,0.0,-0.07420819997787476,-0.0548672080039978,-0.03338859814039097,-0.13457784056663513,-0.14859503507614136,-0.05331330585113392,-0.13587063550949097,-0.2568695843219757,-0.07438632312050686,-0.06472647190093994,-0.29724985361099243,-0.09036098631850109,-0.08955276012420654,-0.25831231474876404,0.0007290949411071779,-0.09249666333198547,-0.3169322609901428,-0.04703721987834797,-0.08693408966064453,-0.23820537328720093,-0.0774718916677557,-0.08051151037216187,-0.17457979917526245,-0.09044819536438808,-0.03376626968383789,-0.2626059055328369,-0.0017973180097214936,-0.032977014780044556,-0.3146584630012512,-0.05431277516117916,-0.04019033908843994,-0.20627015829086304,-0.07088887157669888,-0.04349604249000549,-0.1331096887588501,-0.06673032256594524,0.019196689128875732,-0.24949514865875244,-0.01332039131602869,0.019818544387817383,-0.30098938941955566,-0.0657090640329443,0.0044571757316589355,-0.19245338439941406,-0.060766602184685325,-0.005061209201812744,-0.12035775184631348,-0.03976575496426449,0.07252669334411621,-0.21894681453704834,-0.02768195445469246,0.0633094310760498,-0.26279255747795105,-0.05954486342898235,0.045176804065704346,-0.18583327531814575,-0.050692240025909996,0.033166706562042236,-0.13107693195343018,-0.03310703324905262
A,0.0,0.0,0.0,-0.07266488671302795,-0.047914326190948486,-0.03611898069175368,-0.13459467887878418,-0.1394946575164795,-0.05695755799206381,-0.13458162546157837,-0.24475932121276855,-0.0776942784050334,-0.06319534778594971,-0.2836228013038635,-0.09289492313655501,-0.08611339330673218,-0.2612706124782562,-0.004054938637636951,-0.09056109189987183,-0.31396484375,-0.05101547037156706,-0.08552044630050659,-0.2337208390235901,-0.07991961781772261,-0.08013221621513367,-0.17227154970169067,-0.09218157474788313,-0.030289769172668457,-0.26798659563064575,-0.005039866277002147,-0.03241226077079773,-0.30690184235572815,-0.05646598731073027,-0.03897613286972046,-0.19516289234161377,-0.07107867692502623,-0.043414533138275146,-0.12610679864883423,-0.06592478995116835,0.02280372381210327,-0.25512072443962097,-0.015137503118239692,0.020964443683624268,-0.29110220074653625,-0.06760450844558363,0.005802571773529053,-0.18049442768096924,-0.06218362991603499,-0.0053768157958984375,-0.11275070905685425,-0.0412308687427867,0.07575768232345581,-0.2247018814086914,-0.02826048080714827,0.06620395183563232,-0.25405073165893555,-0.060763504550777725,0.046720683574676514,-0.17631828784942627,-0.052559867695890716,0.03206247091293335,-0.12686091661453247,-0.035496138230882934
A,0.0,0.0,0.0,-0.07417157292366028,-0.0449674129486084,-0.03645104099177843,-0.1366385817527771,-0.13759613037109375,-0.05674052912854677,-0.13620102405548096,-0.2425861954689026,-0.07635345239305025,-0.06598874926567078,-0.27922576665878296,-0.09018562663459306,-0.08694061636924744,-0.26241081953048706,-0.005155666955943161,-0.09253758192062378,-0.31423327326774597,-0.05053547699117189,-0.08549293875694275,-0.23409104347229004,-0.07856056768559938,-0.07802838087081909,-0.1735098958015442,-0.09071046788358217,-0.030690431594848633,-0.2702298164367676,-0.005666023344929272,-0.03259590268135071,-0.3087940812110901,-0.05620479140543466,-0.03867653012275696,-0.19805026054382324,-0.0702304236974669,-0.04291918873786926,-0.12802356481552124,-0.0647205554332686,0.022519826889038086,-0.25795823335647583,-0.015080676638717705,0.019771277904510498,-0.2896464765071869,-0.06642646271848207,0.005547523498535156,-0.1806299090385437,-0.06080072302484041,-0.005038022994995117,-0.11303740739822388,-0.04013651538753038,0.07559996843338013,-0.22785323858261108,-0.027657668330903107,0.06492918729782104,-0.25314873456954956,-0.060857939758534485,0.04605519771575928,-0.1745721697807312,-0.053386653998131806,0.032123684883117676,-0.12428551912307739,-0.036808050462241226
A,0.0,0.0,0.0,-0.07318675518035889,-0.044073641300201416,-0.03542021572951626,-0.13463857769966125,-0.13358056545257568,-0.055920067284148445,-0.13248831033706665,-0.23071008920669556,-0.07553250626091312,-0.06212538480758667,-0.2609867751598358,-0.09007214293245625,-0.08281362056732178,-0.26779189705848694,-0.00997574352089714,-0.09009891748428345,-0.3069190979003906,-0.05242168069247555,-0.08368641138076782,-0.2373475730419159,-0.0784346489644463,-0.07691740989685059,-0.18472528457641602,-0.09052876666549992,-0.02621448040008545,-0.27928289771080017,-0.011086464900415649,-0.030750572681427002,-0.2922232449054718,-0.059610589448254814,-0.0384041965007782,-0.18304824829101562,-0.07248036846880268,-0.04450640082359314,-0.11957573890686035,-0.06750986263517689,0.027374863624572754,-0.2663777470588684,-0.020382220897715797,0.023189187049865723,-0.2722139358520508,-0.07021031812195133,0.0076138973236083984,-0.16670548915863037,-0.06513168201212238,-0.004274904727935791,-0.10730981826782227,-0.04616937697295498,0.07979047298431396,-0.23491647839546204,-0.032807285938304176,0.07160520553588867,-0.24341541528701782,-0.06487430915598225,0.051346421241760254,-0.16780853271484375,-0.057696553919356575,0.0359155535697937,-0.1253337264060974,-0.04208623901371311
A,0.0,0.0,0.0,-0.07495167851448059,-0.03951817750930786,-0.03832723749064826,-0.1380205750465393,-0.1291446089744568,-0.05760148343824767,-0.12952777743339539,-0.22593823075294495,-0.07505538490795516,-0.06271868944168091,-0.25963422656059265,-0.08631983575605773,-0.08429113030433655,-0.27836090326309204,-0.00958944567673825,-0.09044414758682251,-0.29520493745803833,-0.05459698093318366,-0.08247619867324829,-0.2093735933303833,-0.08312034038090133,-0.07514140009880066,-0.16030454635620117,-0.09739738133930587,-0.027966201305389404,-0.292989045381546,-0.009359554287129868,-0.031941354274749756,-0.28295716643333435,-0.057969471339220036,-0.039233893156051636,-0.17255502939224243,-0.07070224908375167,-0.044463664293289185,-0.11921930313110352,-0.06647739735626601,0.024780869483947754,-0.2798495590686798,-0.01824744408213519,0.02195262908935547,-0.2631226181983948,-0.0670233535506668,0.005610764026641846,-0.1579778790473938,-0.06058588055157088,-0.006138026714324951,-0.10952365398406982,-0.041895622287029255,0.07633477449417114,-0.24708056449890137,-0.03127359775089644,0.06841075420379639,-0.22847440838813782,-0.06365198818230056,0.04783308506011963,-0.15128302574157715,-0.057968573544258106,0.03315097093582153,-0.11749762296676636,-0.04359495070957564
A,0.0,0.0,0.0,-0.07268843054771423,-0.038706064224243164,-0.04036788767047028,-0.13616815209388733,-0.12287271022796631,-0.061019097769928976,-0.1276261806488037,-0.20841842889785767,-0.07887336736388306,-0.05966907739639282,-0.2354271113872528,-0.08969979112811188,-0.08365002274513245,-0.29384493827819824,-0.013398519100917383,-0.08968788385391235,-0.27171090245246887,-0.06095423301525216,-0.08098775148391724,-0.18776845932006836,-0.0932102513856421,-0.07589077949523926,-0.15196222066879272,-0.1109666166252623,-0.026876449584960938,-0.3132931590080261,-0.013367723057342573,-0.02909111976623535,-0.2612200975418091,-0.06286830579705338,-0.03698590397834778,-0.15864241123199463,-0.07775368666119675,-0.04276108741760254,-0.11942934989929199,-0.07613592719502549,0.026394248008728027,-0.29857271909713745,-0.02268200678594212,0.025798678398132324,-0.23862755298614502,-0.07027444368071656,0.008461475372314453,-0.14522439241409302,-0.06618616854615311,-0.0032755136489868164,-0.11615580320358276,-0.05086213847465615,0.0775420069694519,-0.26282742619514465,-0.037195769453717276,0.0749126672744751,-0.20524287223815918,-0.06924728428788285,0.05082803964614868,-0.1359248161315918,-0.06725859766669373,0.03311359882354736,-0.11671316623687744,-0.05618449425168137
A,0.0,0.0,0.0,-0.0688718855381012,-0.04626435041427612,-0.041682210600015424,-0.13182583451271057,-0.12717753648757935,-0.06494688693248918,-0.12910839915275574,-0.2069827914237976,-0.08552471998893907,-0.06311023235321045,-0.23414361476898193,-0.09897622916662385,-0.07930228114128113,-0.2973395884037018,-0.015439770033594868,-0.08612731099128723,-0.28368833661079407,-0.062024910783406995,-0.07943055033683777,-0.20419955253601074,-0.09236971739494493,-0.0735173225402832,-0.16735345125198364,-0.10895381573402574,-0.02116990089416504,-0.3177810311317444,-0.014634179731842778,-0.027755558490753174,-0.2617432773113251,-0.06471106115543535,-0.03761371970176697,-0.1598619818687439,-0.07946142259800126,-0.04280206561088562,-0.11950409412384033,-0.07763394418918779,0.031984031200408936,-0.3019378185272217,-0.02320820543729951,0.02448946237564087,-0.23369184136390686,-0.07057109180652787,0.00631558895111084,-0.14379996061325073,-0.06792982373201539,-0.003902912139892578,-0.11643093824386597,-0.05374162349664857,0.08191251754760742,-0.26501476764678955,-0.03693227547967126,0.07410645484924316,-0.2012290358543396,-0.06761647466385057,0.050881803035736084,-0.13565224409103394,-0.06666401479208162,0.035508811473846436,-0.11896097660064697,-0.056791075354453824
A,0.0,0.0,0.0,-0.0681002140045166,-0.048578739166259766,-0.042379511957562954,-0.13122433423995972,-0.13059157133102417,-0.06670839942017892,-0.13022419810295105,-0.21003305912017822,-0.08753222829619745,-0.06302723288536072,-0.23412835597991943,-0.10099698460618356,-0.0752297043800354,-0.30439651012420654,-0.019833146100438626,-0.08503764867782593,-0.28338944911956787,-0.06412158763924936,-0.07968142628669739,-0.20011144876480103,-0.09233607954303125,-0.07378318905830383,-0.16194266080856323,-0.10787138200322488,-0.015603303909301758,-0.32154029607772827,-0.01843366070607999,-0.025696158409118652,-0.26383474469184875,-0.06582409000913003,-0.035305917263031006,-0.16306495666503906,-0.07895272082606652,-0.039402782917022705,-0.12147212028503418,-0.07670084244529107,0.03781533241271973,-0.3026745617389679,-0.02580663791815141,0.02564293146133423,-0.23453742265701294,-0.07040504968682626,0.007337093353271484,-0.14594203233718872,-0.06657374507705072,-0.0020818114280700684,-0.11575508117675781,-0.052471990203059704,0.08682233095169067,-0.2631993889808655,-0.03841199955860475,0.07378345727920532,-0.19974279403686523,-0.06798539168158868,0.05063110589981079,-0.13452917337417603,-0.06651354438582757,0.03649932146072388,-0.11520081758499146,-0.056543907587922604
A,0.0,0.0,0.0,-0.0684678852558136,-0.039913177490234375,-0.04437844961131532,-0.13232570886611938,-0.1152157187461853,-0.07043660565460641,-0.12589797377586365,-0.1885562539100647,-0.09226113691175897,-0.06287258863449097,-0.21380764245986938,-0.10611843451107461,-0.07551845908164978,-0.2983195185661316,-0.028521524213203975,-0.07966363430023193,-0.2828567624092102,-0.07161294802273233,-0.07626429200172424,-0.2012697458267212,-0.0949967367872091,-0.07343706488609314,-0.1597278118133545,-0.10694189503038842,-0.013057827949523926,-0.3156992197036743,-0.02639611012483556,-0.023325979709625244,-0.24651223421096802,-0.07216967775667626,-0.03538137674331665,-0.14562684297561646,-0.08255370839680154,-0.04043513536453247,-0.10997819900512695,-0.07960848643625695,0.04167574644088745,-0.2948950231075287,-0.032773540757546016,0.02778691053390503,-0.21031177043914795,-0.07686956360186059,0.0071375370025634766,-0.12582087516784668,-0.07214328034962136,-0.0029777884483337402,-0.106650710105896,-0.05859939142311532,0.09090614318847656,-0.25334417819976807,-0.044368234865316936,0.07553625106811523,-0.18028581142425537,-0.07349091156567056,0.0514298677444458,-0.11667102575302124,-0.07132606341684777,0.03658038377761841,-0.10390037298202515,-0.06145737081016023
A,0.0,0.0,0.0,-0.06549617648124695,-0.0375213623046875,-0.04668645294890439,-0.12852612137794495,-0.1090896725654602,-0.07471013548359906,-0.13040101528167725,-0.18143481016159058,-0.09835327895865476,-0.06826135516166687,-0.20836853981018066,-0.11426658662543332,-0.07456791400909424,-0.29248154163360596,-0.02844713176176583,-0.08081662654876709,-0.27961283922195435,-0.07304212930188214,-0.07799962162971497,-0.20207637548446655,-0.09855053307995831,-0.07416251301765442,-0.15970516204833984,-0.11152630033478772,-0.011645317077636719,-0.31153738498687744,-0.02533858003602063,-0.0234106183052063,-0.24308982491493225,-0.07199749829754865,-0.03576967120170593,-0.14386409521102905,-0.08431229474530255,-0.04020959138870239,-0.1066291332244873,-0.08196083190426862,0.04340803623199463,-0.2904980182647705,-0.031021355786776894,0.028194129467010498,-0.20515817403793335,-0.07579856100068127,0.007292985916137695,-0.12232089042663574,-0.07317679854617154,-0.0022917985916137695,-0.10264140367507935,-0.06037174271926915,0.09280627965927124,-0.24903902411460876,-0.0419738824902538,0.07567363977432251,-0.1729947328567505,-0.07089011105284726,0.052037596702575684,-0.11256170272827148,-0.06988960983738934,0.03796035051345825,-0.10160624980926514,-0.06060490491375958
A,0.0,0.0,0.0,-0.06310674548149109,-0.03826719522476196,-0.0474446369834709,-0.12632423639297485,-0.10978060960769653,-0.0754437773056793,-0.13189709186553955,-0.18479633331298828,-0.09876750693996428,-0.07173094153404236,-0.21368324756622314,-0.11453814343889235,-0.07433322072029114,-0.2885751724243164,-0.028473443401651366,-0.07955840229988098,-0.2837230861186981,-0.07143963412721632,-0.07688897848129272,-0.21332001686096191,-0.09596195356328963,-0.0737537145614624,-0.17092275619506836,-0.1088341428466606,-0.011992156505584717,-0.30838543176651,-0.024926704404549582,-0.025054216384887695,-0.24512827396392822,-0.07160821096380232,-0.036108046770095825,-0.14581388235092163,-0.08412656472404478,-0.04010149836540222,-0.10617440938949585,-0.08198421732862471,0.042732954025268555,-0.28763675689697266,-0.030078527567582114,0.02617347240447998,-0.2087784707546234,-0.07476674304683684,0.006762564182281494,-0.1261550784111023,-0.07207375304182051,-0.0020148158073425293,-0.10437965393066406,-0.05952097759922026,0.09208428859710693,-0.24639832973480225,-0.04052057029088019,0.07402688264846802,-0.17243605852127075,-0.070578160745697,0.05119353532791138,-0.11191058158874512,-0.07028532312591551,0.03782576322555542,-0.09949952363967896,-0.061568453026609404
A,0.0,0.0,0.0,-0.0643819272518158,-0.03773796558380127,-0.04965507407609948,-0.12796112895011902,-0.11013376712799072,-0.07869822700445184,-0.13393253087997437,-0.18565207719802856,-0.10240923036758431,-0.07304218411445618,-0.21379047632217407,-0.11790958215419778,-0.07293686270713806,-0.29285329580307007,-0.031214013518138017,-0.08037936687469482,-0.2746144235134125,-0.07565617729846963,-0.0772462785243988,-0.194322407245636,-0.09988318552200326,-0.07434207201004028,-0.1533830165863037,-0.11228342522804269,-0.01077038049697876,-0.3109464645385742,-0.026764020146174516,-0.026392817497253418,-0.24250462651252747,-0.07398928125326165,-0.037082672119140625,-0.1424921154975891,-0.08563705702249536,-0.040793031454086304,-0.10701936483383179,-0.08313866128150948,0.043729186058044434,-0.2891216576099396,-0.03126418386523255,0.024791300296783447,-0.20761984586715698,-0.0763685571116639,0.0057446956634521484,-0.12483853101730347,-0.0726405697030259,-0.0022491812705993652,-0.10589486360549927,-0.05952331592266091,0.09274786710739136,-0.24644553661346436,-0.041260571972770776,0.072418212890625,-0.17235255241394043,-0.0708645003003312,0.04919326305389404,-0.11207282543182373,-0.06997380574171075,0.03601884841918945,-0.10051268339157104,-0.0609647052449418
A,0.0,0.0,0.0,-0.06516039371490479,-0.04238879680633545,-0.046095144336334215,-0.12941545248031616,-0.12461358308792114,-0.07221354949962233,-0.13660413026809692,-0.2036341428756714,-0.09330997276794051,-0.07149186730384827,-0.2251279652118683,-0.10667055506002043,-0.06034529209136963,-0.30091020464897156,-0.028726822098008142,-0.07798627018928528,-0.27676889300346375,-0.07185481149446105,-0.0777914822101593,-0.19514739513397217,-0.0953691865850601,-0.07607239484786987,-0.15719711780548096,-0.1076760258127365,0.000766456127166748,-0.313748836517334,-0.025316385884991632,-0.02666369080543518,-0.25120073556900024,-0.0710924606372032,-0.038533806800842285,-0.1496761441230774,-0.08067781883966063,-0.040735840797424316,-0.11380606889724731,-0.07688224721442793,0.05325227975845337,-0.28867918252944946,-0.03058028254400824,0.02334350347518921,-0.21517682075500488,-0.07496904987584685,0.003998875617980957,-0.13124549388885498,-0.07021218199025725,-0.0018785595893859863,-0.11050659418106079,-0.056397710328212725,0.09939175844192505,-0.24408456683158875,-0.04096848923455809,0.0708998441696167,-0.17526847124099731,-0.07012942839156722,0.04662889242172241,-0.11401885747909546,-0.06899550962936019,0.035893917083740234,-0.1008368730545044,-0.06006970662366484
A,0.0,0.0,0.0,-0.061664849519729614,-0.044464111328125,-0.04773756070045465,-0.12522125244140625,-0.12583327293395996,-0.07550613163022035,-0.13531756401062012,-0.2063908576965332,-0.09805707214383119,-0.07126376032829285,-0.2302454113960266,-0.11213589040545457,-0.05605971813201904,-0.3028782606124878,-0.029891134705223976,-0.07629784941673279,-0.2816188931465149,-0.07200454501418108,-0.07634434103965759,-0.19556701183319092,-0.09319593338278764,-0.07287877798080444,-0.15888774394989014,-0.10421374021080965,0.005525946617126465,-0.31391850113868713,-0.025939698796548782,-0.025095045566558838,-0.25326141715049744,-0.07153719989565843,-0.03702813386917114,-0.14891314506530762,-0.07957433490065569,-0.03762945532798767,-0.11435377597808838,-0.07470038859156602,0.057798802852630615,-0.287611722946167,-0.03075748635438913,0.02438223361968994,-0.2173556089401245,-0.0753531786611461,0.005390465259552002,-0.13050854206085205,-0.0688061821272754,0.0015540122985839844,-0.1102328896522522,-0.05381073011068338,0.10395467281341553,-0.24223557114601135,-0.04084592265991205,0.07236987352371216,-0.17691004276275635,-0.06987268803624147,0.04817014932632446,-0.11489725112915039,-0.06792380241660112,0.03884148597717285,-0.1020975112915039,-0.058478574734010635
A,0.0,0.0,0.0,-0.06418272852897644,-0.045852482318878174,-0.04622479814639746,-0.12912368774414062,-0.12989789247512817,-0.07288515481701552,-0.14187517762184143,-0.2141401171684265,-0.09461676988354384,-0.07979843020439148,-0.23825567960739136,-0.10824207875481306,-0.05188432335853577,-0.30323582887649536,-0.02572296659997164,-0.07953792810440063,-0.2924286425113678,-0.06597193244448363,-0.0812387466430664,-0.2104533314704895,-0.08680613252869307,-0.07645004987716675,-0.1699528694152832,-0.09749672475805937,0.00715559720993042,-0.3115726113319397,-0.021878088894993653,-0.030904620885849,-0.2618398666381836,-0.06739991817227065,-0.04254633188247681,-0.15536051988601685,-0.07625615510693251,-0.04074481129646301,-0.11326736211776733,-0.07105239394655882,0.057406604290008545,-0.284847229719162,-0.02663791838637053,0.01746511459350586,-0.22474440932273865,-0.0701284474467343,0.0001266002655029297,-0.137170672416687,-0.064088135096938,-0.0003821849822998047,-0.11134958267211914,-0.04895282450667082,0.10177427530288696,-0.23864609003067017,-0.0365360966657704,0.06313067674636841,-0.17725872993469238,-0.06468789938440977,0.042276859283447266,-0.11496978998184204,-0.063352330658347,0.039022862911224365,-0.1004297137260437,-0.054158053431422104
A,0.0,0.0,0.0,-0.06588932871818542,-0.056022584438323975,-0.04074029898691833,-0.12318474054336548,-0.15163332223892212,-0.06422896212387741,-0.1321655809879303,-0.2428583800792694,-0.08468395000744522,-0.07365021109580994,-0.27203574776649475,-0.09770965105343521,-0.032003253698349,-0.31119227409362793,-0.0128187341098851,-0.07083249092102051,-0.30886486172676086,-0.054244222999102476,-0.07724502682685852,-0.22084319591522217,-0.07913128560829819,-0.07168722152709961,-0.17379802465438843,-0.091355252027995,0.022578120231628418,-0.3100181519985199,-0.010660133272892836,-0.021785259246826172,-0.2842445969581604,-0.054203703016526106,-0.037692904472351074,-0.17713111639022827,-0.06398078328419388,-0.03673723340034485,-0.12631458044052124,-0.059289096802956465,0.069080650806427,-0.2800769805908203,-0.01735573163676918,0.025137245655059814,-0.2533116936683655,-0.06051702326584518,0.0048007965087890625,-0.15847092866897583,-0.053236926854140165,0.0036031603813171387,-0.11409932374954224,-0.03589938855219543,0.11066770553588867,-0.23182621598243713,-0.028617358714825514,0.0651288628578186,-0.19888049364089966,-0.05674299499440849,0.040778517723083496,-0.13256627321243286,-0.053438997775799635,0.03654712438583374,-0.10326594114303589,-0.041786319524533155
A,0.0,0.0,0.0,-0.06497940421104431,-0.05779087543487549,-0.042119619113066165,-0.12171095609664917,-0.15208947658538818,-0.06703173057422873,-0.1312001347541809,-0.2414417266845703,-0.08858380154953238,-0.07438430190086365,-0.26998692750930786,-0.10242757634506461,-0.024965614080429077,-0.31037670373916626,-0.015363471259036032,-0.06589201092720032,-0.3061720132827759,-0.05807230309829947,-0.07504481077194214,-0.2197776734828949,-0.08341289744959113,-0.07138174772262573,-0.17278367280960083,-0.09542150483713385,0.028573274612426758,-0.3076472878456116,-0.012362899866559474,-0.02039891481399536,-0.2788398265838623,-0.056183498960592715,-0.038069188594818115,-0.17323172092437744,-0.06563760773525473,-0.037231624126434326,-0.1234329342842102,-0.0607948346553826,0.07363110780715942,-0.2759721577167511,-0.018376125630595652,0.025499284267425537,-0.24633049964904785,-0.061620813470938174,0.004505276679992676,-0.15466946363449097,-0.054114238035538165,0.003900885581970215,-0.11174458265304565,-0.03663615943179366,0.11324065923690796,-0.22599077224731445,-0.029150836777546374,0.06444340944290161,-0.19323158264160156,-0.05706672431216475,0.03984910249710083,-0.12859457731246948,-0.05372345880851981,0.036198973655700684,-0.09943002462387085,-0.04195721508250472
A,0.0,0.0,0.0,-0.06656163930892944,-0.059834837913513184,-0.04363845734121696,-0.12390923500061035,-0.15522676706314087,-0.06946178598525421,-0.13337618112564087,-0.24464216828346252,-0.09186351372125046,-0.07576325535774231,-0.26707786321640015,-0.10647063030125992,-0.02420872449874878,-0.309475302696228,-0.01495255882116453,-0.06369137763977051,-0.3134671151638031,-0.057173386944555205,-0.07493916153907776,-0.23151779174804688,-0.08088745249631302,-0.07183483242988586,-0.18589270114898682,-0.0921186812055339,0.029427051544189453,-0.30615589022636414,-0.011695162190221708,-0.020740211009979248,-0.27785107493400574,-0.05757247729422943,-0.04060161113739014,-0.17176198959350586,-0.0670201711189975,-0.03874790668487549,-0.12324869632720947,-0.0613267019224395,0.07335388660430908,-0.27349239587783813,-0.017804422212861937,0.023134827613830566,-0.24040117859840393,-0.06330432815673248,0.0002624392509460449,-0.14919614791870117,-0.056909964216970366,0.0010012388229370117,-0.11015480756759644,-0.03964114261987106,0.11199092864990234,-0.22231155633926392,-0.028745637072347563,0.061241865158081055,-0.18422919511795044,-0.05849064959409134,0.03572732210159302,-0.12003433704376221,-0.05705602539899246,0.03323173522949219,-0.0954025387763977,-0.04647435320737259
A,0.0,0.0,0.0,-0.06326410174369812,-0.05913388729095459,-0.043020088325704364,-0.11736547946929932,-0.15623503923416138,-0.06793148825641993,-0.1259177327156067,-0.24459496140480042,-0.08963552872415903,-0.06936019659042358,-0.27090883255004883,-0.10324892411705378,-0.013281166553497314,-0.31058913469314575,-0.01478183372643116,-0.05989927053451538,-0.3036082088947296,-0.05972297499653223,-0.07123017311096191,-0.21286094188690186,-0.0857913420605314,-0.06495952606201172,-0.16783738136291504,-0.0979564861464155,0.03939586877822876,-0.30329638719558716,-0.012045855734015731,-0.015345931053161621,-0.2760482728481293,-0.05683732042786005,-0.03614884614944458,-0.1697569489479065,-0.06451665620085123,-0.03237149119377136,-0.1244347095489502,-0.05827069665070894,0.0823601484298706,-0.2677363157272339,-0.018986690889562396,0.02887248992919922,-0.23960059881210327,-0.06402684758182886,0.004948019981384277,-0.1477123498916626,-0.0543412902462137,0.00793313980102539,-0.10958564281463623,-0.03493271778103235,0.11957532167434692,-0.21435940265655518,-0.030894100766147403,0.06662482023239136,-0.18510788679122925,-0.05882403637048128,0.039029479026794434,-0.12079256772994995,-0.05372805903431299,0.03654599189758301,-0.0928879976272583,-0.04064875851150873
A,0.0,0.0,0.0,-0.06407478451728821,-0.062250614166259766,-0.04251894461043548,-0.11887839436531067,-0.15897029638290405,-0.06785797433980179,-0.12993067502975464,-0.2489674985408783,-0.09010174231656265,-0.07499748468399048,-0.2733636498451233,-0.10414154933818054,-0.015979856252670288,-0.30985501408576965,-0.014113430064696786,-0.06023856997489929,-0.3147836923599243,-0.05772404851444435,-0.07280853390693665,-0.22602292895317078,-0.08182031767495346,-0.06821724772453308,-0.18048900365829468,-0.09284362303145599,0.03659355640411377,-0.303018182516098,-0.01114118950494003,-0.017617613077163696,-0.28246310353279114,-0.05675951497681808,-0.038403213024139404,-0.17430895566940308,-0.06430550025828552,-0.03587520122528076,-0.12630242109298706,-0.05757331954367828,0.07979542016983032,-0.26936107873916626,-0.0176716587884016,0.026138007640838623,-0.2461848258972168,-0.06364180998929214,0.0020943284034729004,-0.15182644128799438,-0.054553230424005505,0.00292283296585083,-0.10928481817245483,-0.03525082873233032,0.11698567867279053,-0.21694058179855347,-0.02898006992467117,0.06231498718261719,-0.18856561183929443,-0.0592585142148323,0.034497618675231934,-0.12161773443222046,-0.056144164074737546,0.030694782733917236,-0.0910528302192688,-0.04402547063358497
A,0.0,0.0,0.0,-0.06411531567573547,-0.0667373538017273,-0.03891300858475688,-0.11768653988838196,-0.16641134023666382,-0.06140572653629306,-0.12809765338897705,-0.2577956020832062,-0.08203521446802142,-0.07519194483757019,-0.28487780690193176,-0.09470693842985156,-0.01691177487373352,-0.3102021813392639,-0.00775349076383236,-0.06203275918960571,-0.32022976875305176,-0.05117584468342784,-0.07562047243118286,-0.22692158818244934,-0.07635442243434909,-0.07016688585281372,-0.17781764268875122,-0.08802407310821536,0.03500717878341675,-0.3035775423049927,-0.006366130258072644,-0.018344521522521973,-0.2896840572357178,-0.05205807538249019,-0.039410412311553955,-0.18051862716674805,-0.06052003876783374,-0.03684777021408081,-0.1302657127380371,-0.0542567566178036,0.07840651273727417,-0.2715212106704712,-0.014477434395928412,0.02508544921875,-0.2578873932361603,-0.060452622189302474,0.0015057921409606934,-0.16181057691574097,-0.051217344417352706,0.002370297908782959,-0.11517208814620972,-0.03156820388056758,0.1156613826751709,-0.22095251083374023,-0.02712758520164016,0.06006014347076416,-0.19870853424072266,-0.05756583513237956,0.03383833169937134,-0.130964994430542,-0.05403567926504138,0.03203541040420532,-0.0973694920539856,-0.04145649896480563
A,0.0,0.0,0.0,-0.0639912486076355,-0.06796759366989136,-0.03827096361800386,-0.11901342868804932,-0.16665738821029663,-0.06104900527878954,-0.12868797779083252,-0.2594689726829529,-0.08232205573602869,-0.07173454761505127,-0.28757214546203613,-0.09578417454048349,-0.022574156522750854,-0.30984586477279663,-0.005212262069278495,-0.0670439600944519,-0.3188014030456543,-0.05007327560468866,-0.07880020141601562,-0.2285943627357483,-0.07608266387268259,-0.07202258706092834,-0.1825200915336609,-0.08782538984104349,0.030508577823638916,-0.30463841557502747,-0.00427560301631047,-0.021801650524139404,-0.2902102470397949,-0.05083842788025095,-0.041551798582077026,-0.1819753646850586,-0.05976679761096193,-0.037730276584625244,-0.13480710983276367,-0.053280515858375566,0.07515639066696167,-0.27367204427719116,-0.01310509376361324,0.02278691530227661,-0.2563384771347046,-0.06040059987589075,0.0008558034896850586,-0.1598351001739502,-0.051669476815902726,0.0035396814346313477,-0.11576247215270996,-0.03143999938055231,0.1140146255493164,-0.22416681051254272,-0.026311138906919496,0.059666454792022705,-0.20328158140182495,-0.05611907158180429,0.03482276201248169,-0.1352863907814026,-0.05159092534466936,0.03412759304046631,-0.10213083028793335,-0.03797427404805376
A,0.0,0.0,0.0,-0.06789970397949219,-0.06269729137420654,-0.03731853886318959,-0.124121755361557,-0.16610217094421387,-0.05774621664357937,-0.12760916352272034,-0.26435917615890503,-0.07732195033503331,-0.06755435466766357,-0.2891963720321655,-0.08988663925600804,-0.03622746467590332,-0.30043643712997437,-0.0004657824353557771,-0.06725054979324341,-0.3261839747428894,-0.043697204429633985,-0.07856199145317078,-0.23715025186538696,-0.07001151515913762,-0.0746934711933136,-0.18313086032867432,-0.08187568559122838,0.018825531005859375,-0.2969604730606079,0.0010635393085181022,-0.018767178058624268,-0.29784345626831055,-0.045250065613515744,-0.03950747847557068,-0.1891930103302002,-0.05573506279660023,-0.040703028440475464,-0.13220882415771484,-0.04944718628001965,0.066001296043396,-0.2706805467605591,-0.007226568635530839,0.026575684547424316,-0.26845237612724304,-0.05421805380655087,0.0029616951942443848,-0.16830158233642578,-0.04733875765276707,-0.0004540681838989258,-0.1134335994720459,-0.02766010909152783,0.10884886980056763,-0.2259277105331421,-0.01964844762159146,0.06133812665939331,-0.21332162618637085,-0.050341390062101254,0.03666621446609497,-0.1429351568222046,-0.04699974878502644,0.03346031904220581,-0.10434436798095703,-0.033945262420900235
A,0.0,0.0,0.0,-0.06616091728210449,-0.05962049961090088,-0.03742205649314201,-0.12239611148834229,-0.16410309076309204,-0.05695586949286735,-0.12731486558914185,-0.2651688754558563,-0.0752214968174485,-0.06505504250526428,-0.28954851627349854,-0.08664845227895057,-0.037247270345687866,-0.29952678084373474,-0.000907274844848871,-0.0683794617652893,-0.32394394278526306,-0.043206668642142176,-0.07714858651161194,-0.2322862148284912,-0.06898361742196357,-0.07162052392959595,-0.17793166637420654,-0.08065548836884773,0.01839601993560791,-0.2967018485069275,0.0008096183214547636,-0.0179634690284729,-0.30031952261924744,-0.04363714828787124,-0.03735944628715515,-0.19088321924209595,-0.05367731228170669,-0.0384315550327301,-0.13216030597686768,-0.04748939647970474,0.0668981671333313,-0.2702488601207733,-0.007070804663726449,0.028396129608154297,-0.2724978029727936,-0.05370523705778396,0.004638850688934326,-0.1696048378944397,-0.046792968359568476,-9.226799011230469e-05,-0.11076772212982178,-0.027103464302399516,0.11108499765396118,-0.22505468130111694,-0.018871574845888972,0.06405574083328247,-0.21628254652023315,-0.05045589729843414,0.03870671987533569,-0.14346963167190552,-0.046761899438479304,0.03406423330307007,-0.10055702924728394,-0.033245614913084864
A,0.0,0.0,0.0,-0.06841525435447693,-0.06152147054672241,-0.03622642448493707,-0.123870849609375,-0.16695833206176758,-0.055738068282096265,-0.12574443221092224,-0.2673605978488922,-0.07447620397755372,-0.06367138028144836,-0.29262444376945496,-0.08656189507195222,-0.03656989336013794,-0.3002951741218567,0.0006917386982081553,-0.06737887859344482,-0.32351237535476685,-0.0430186866814779,-0.0756509006023407,-0.2313128113746643,-0.07078444874235856,-0.07130271196365356,-0.17431104183197021,-0.08346410012194383,0.018969476222991943,-0.2954593896865845,0.0016178382994098683,-0.01833808422088623,-0.2998512387275696,-0.04304816490360963,-0.03683266043663025,-0.1910921335220337,-0.054104338496415494,-0.037695735692977905,-0.13191217184066772,-0.048836930751292584,0.06684631109237671,-0.2682434320449829,-0.0071679410556839684,0.027366161346435547,-0.27151501178741455,-0.05288682421991098,0.004884541034698486,-0.17060035467147827,-0.04582463493892419,0.0012174248695373535,-0.11279642581939697,-0.026428408085791943,0.11079055070877075,-0.22274410724639893,-0.019930946737019894,0.06347167491912842,-0.21715056896209717,-0.0498410603995012,0.03852599859237671,-0.14630120992660522,-0.04514823025414216,0.034119367599487305,-0.10389971733093262,-0.03136128476211297
A,0.0,0.0,0.0,-0.06903815269470215,-0.05844992399215698,-0.037343199721988185,-0.1260124146938324,-0.1612963080406189,-0.056718278102096065,-0.12990516424179077,-0.26339423656463623,-0.07514950203102444,-0.06859806180000305,-0.2909570336341858,-0.08664683567684506,-0.046398818492889404,-0.2895258665084839,0.0014237993084975642,-0.07324299216270447,-0.3242599666118622,-0.04323174374502514,-0.08034896850585938,-0.235723078250885,-0.06998283731144284,-0.075035959482193,-0.1781788468360901,-0.08127153979938839,0.008506059646606445,-0.2869853973388672,0.0026443604068049353,-0.023686110973358154,-0.30500683188438416,-0.04497027712267254,-0.040563493967056274,-0.19474297761917114,-0.05599211844008778,-0.04039114713668823,-0.13454782962799072,-0.04908450635474537,0.057202696800231934,-0.2627815902233124,-0.006182817633714421,0.02261263132095337,-0.2735733091831207,-0.05528126972120617,0.0018208622932434082,-0.17061716318130493,-0.04817830713790272,-0.0014192461967468262,-0.11359024047851562,-0.02721009159785126,0.10271066427230835,-0.22009319067001343,-0.018829205430563434,0.061633408069610596,-0.22292834520339966,-0.05061194243234013,0.036812782287597656,-0.14970654249191284,-0.04554630758565281,0.03099924325942993,-0.10749703645706177,-0.03079041036170338
A,0.0,0.0,0.0,-0.0737743079662323,-0.0596083402633667,-0.03543721006218448,-0.1321069598197937,-0.1622774600982666,-0.05442555115524783,-0.13373896479606628,-0.2650008201599121,-0.07324401528541102,-0.07002642750740051,-0.2898979187011719,-0.08599034936133876,-0.057203859090805054,-0.2875722348690033,0.004184923069885826,-0.07777908444404602,-0.3244864344596863,-0.039220760175624036,-0.08405709266662598,-0.23849904537200928,-0.06723830343190684,-0.08061325550079346,-0.18045806884765625,-0.07991388679448619,-0.001761019229888916,-0.287148654460907,0.004645194327792979,-0.027355074882507324,-0.3069525361061096,-0.041611450323500776,-0.042945414781570435,-0.2007715106010437,-0.05502326653305545,-0.04438823461532593,-0.13711631298065186,-0.0503345677346374,0.04840570688247681,-0.2656572461128235,-0.004534892802723789,0.018961012363433838,-0.27831748127937317,-0.051990649262108946,-0.0007668733596801758,-0.17713183164596558,-0.04683180765215411,-0.00609511137008667,-0.1152801513671875,-0.02763344400528922,0.09615176916122437,-0.2251654863357544,-0.017354693794288778,0.058817923069000244,-0.23206281661987305,-0.04823568702641978,0.03537338972091675,-0.158980131149292,-0.04317149759236827,0.028004109859466553,-0.11221522092819214,-0.02869839088026538
A,0.0,0.0,0.0,-0.07467368245124817,-0.058442533016204834,-0.03409507100963083,-0.13353171944618225,-0.16349828243255615,-0.05235780005835977,-0.13526952266693115,-0.2693907618522644,-0.07075818230890718,-0.06988450884819031,-0.2964988350868225,-0.08356471707605806,-0.060094594955444336,-0.28999221324920654,0.005093516097133488,-0.07819622755050659,-0.32174932956695557,-0.037036128095621734,-0.08375963568687439,-0.23637819290161133,-0.06622998764299837,-0.0817541778087616,-0.17823368310928345,-0.08051376392626253,-0.003743767738342285,-0.2900252640247345,0.00514703734285149,-0.027548879384994507,-0.3060901165008545,-0.03822443609618631,-0.041612982749938965,-0.20203876495361328,-0.05242290695690599,-0.044151127338409424,-0.13741451501846313,-0.04967375447535005,0.04674696922302246,-0.2686828374862671,-0.004132324583167701,0.01958286762237549,-0.2812651991844177,-0.048660292974943786,1.430511474609375e-06,-0.18161725997924805,-0.04408066695117441,-0.007062137126922607,-0.1183595061302185,-0.026646729312176376,0.09497106075286865,-0.22791612148284912,-0.017022430650229126,0.05880892276763916,-0.23497146368026733,-0.04667378192328897,0.03617221117019653,-0.16183215379714966,-0.041801955304379135,0.027946412563323975,-0.11322885751724243,-0.028257354847426086
A,0.0,0.0,0.0,-0.0750889778137207,-0.05639660358428955,-0.03580512374873024,-0.13435927033424377,-0.16217482089996338,-0.05454780802364212,-0.13473594188690186,-0.26952433586120605,-0.07337181911105972,-0.06823253631591797,-0.2975198030471802,-0.08651877835626465,-0.06139904260635376,-0.28542667627334595,0.0055428371927632725,-0.07756868004798889,-0.3214355707168579,-0.03864090785617691,-0.08389437198638916,-0.23589062690734863,-0.06856799766654831,-0.08255314826965332,-0.17798030376434326,-0.08288905665511948,-0.005150318145751953,-0.28676849603652954,0.006175348178942386,-0.026808351278305054,-0.3081366717815399,-0.04037552222843033,-0.04171982407569885,-0.20251071453094482,-0.05538400903577667,-0.045070111751556396,-0.1365417242050171,-0.05208062649006706,0.04520881175994873,-0.2673770785331726,-0.0030226811138049925,0.020162343978881836,-0.28289350867271423,-0.050684074761818465,0.00021570920944213867,-0.17992448806762695,-0.04680426314706665,-0.007679939270019531,-0.11484098434448242,-0.02863741003210407,0.09411358833312988,-0.22881227731704712,-0.01585043117637497,0.05938369035720825,-0.23556292057037354,-0.0473403733992086,0.0366174578666687,-0.16082686185836792,-0.043275958749006804,0.027368545532226562,-0.11197888851165771,-0.02978172980482441
A,0.0,0.0,0.0,-0.0744549036026001,-0.05582767724990845,-0.03719705277688945,-0.13431841135025024,-0.15808051824569702,-0.057606808185653335,-0.13650143146514893,-0.2641386389732361,-0.07794683361061061,-0.06845977902412415,-0.2919067144393921,-0.09250414305932964,-0.06739455461502075,-0.28161385655403137,0.004787925820721739,-0.08124300837516785,-0.3222169876098633,-0.039983052104787475,-0.08455118536949158,-0.23925912380218506,-0.07011980497844661,-0.08121436834335327,-0.18230152130126953,-0.08409991794832195,-0.011055171489715576,-0.28339216113090515,0.006035810060723179,-0.02760288119316101,-0.30947983264923096,-0.04145165839798892,-0.04086175560951233,-0.20365303754806519,-0.05668746986992801,-0.04424470663070679,-0.1372430920600891,-0.05264773526795352,0.03999912738800049,-0.26521384716033936,-0.0026200726126148766,0.021415233612060547,-0.28454479575157166,-0.05095169627674068,0.0016320347785949707,-0.18158656358718872,-0.04790549659736598,-0.007226288318634033,-0.11521255970001221,-0.029465747341589577,0.0897979736328125,-0.22806668281555176,-0.014909590870217926,0.061939358711242676,-0.23930519819259644,-0.04620502451069797,0.03912973403930664,-0.16515123844146729,-0.04212800720341647,0.02839750051498413,-0.11514139175415039,-0.028182952940539963
A,0.0,0.0,0.0,-0.07375618815422058,-0.05448484420776367,-0.03548231920262879,-0.13359010219573975,-0.15878373384475708,-0.05429480051657265,-0.13259607553482056,-0.2646346390247345,-0.07288581704756325,-0.06420028209686279,-0.28865906596183777,-0.08594550764223641,-0.064724862575531,-0.27828115224838257,0.0018179645851432724,-0.07622373104095459,-0.32206422090530396,-0.04083684286138123,-0.08103534579277039,-0.2398160696029663,-0.06902469521423882,-0.07877230644226074,-0.1815595030784607,-0.08239200538059777,-0.00849992036819458,-0.27909788489341736,0.0022564547691672487,-0.023061633110046387,-0.30729520320892334,-0.04428069120308464,-0.03762122988700867,-0.20190680027008057,-0.0583835524882943,-0.04172390699386597,-0.13453447818756104,-0.05435545196792191,0.04234272241592407,-0.2601900100708008,-0.0066482928957611875,0.02599513530731201,-0.2831682562828064,-0.05457298656961029,0.004917740821838379,-0.18080908060073853,-0.050921527799573596,-0.0053244829177856445,-0.11409014463424683,-0.03283329134842461,0.09207618236541748,-0.22267144918441772,-0.01889527788421219,0.06582581996917725,-0.23786699771881104,-0.050891088452544864,0.04227787256240845,-0.16372227668762207,-0.04668405851384705,0.030581414699554443,-0.1134231686592102,-0.03315573757549828
A,0.0,0.0,0.0,-0.07372042536735535,-0.054974377155303955,-0.03514206848069534,-0.13357579708099365,-0.1589239239692688,-0.05340805343314514,-0.13073500990867615,-0.26609382033348083,-0.07146311617418633,-0.06099379062652588,-0.28861093521118164,-0.08398782527967796,-0.06985670328140259,-0.27759191393852234,0.0021926255807329653,-0.07748359441757202,-0.3227367103099823,-0.040507175689185715,-0.0791093111038208,-0.24482876062393188,-0.06877821004911766,-0.0750194787979126,-0.19053059816360474,-0.08253299511000023,-0.013324975967407227,-0.27802377939224243,0.001871860972983086,-0.021876662969589233,-0.30987349152565,-0.04594029179736481,-0.0366019606590271,-0.2045912742614746,-0.06033471665307388,-0.042588233947753906,-0.13833802938461304,-0.056210749512160874,0.03798985481262207,-0.2589303255081177,-0.007734337085480547,0.02916496992111206,-0.28491631150245667,-0.05652414700909958,0.007139444351196289,-0.18283671140670776,-0.05264446205421791,-0.00548785924911499,-0.11743324995040894,-0.03429720616861687,0.08844518661499023,-0.22165101766586304,-0.02073904006704197,0.07000225782394409,-0.23899132013320923,-0.05348490617200241,0.0446813702583313,-0.164717435836792,-0.04925785279795036,0.02941232919692993,-0.11537402868270874,-0.03567248276397095
A,0.0,0.0,0.0,-0.07378041744232178,-0.05359679460525513,-0.034701680131661305,-0.13396474719047546,-0.15376275777816772,-0.05404687795828522,-0.1311054825782776,-0.2599349915981293,-0.07336227346252144,-0.06047564744949341,-0.28727245330810547,-0.08720013249705971,-0.07764419913291931,-0.271960973739624,0.000488382145590549,-0.08263978362083435,-0.3225250244140625,-0.04410866770933808,-0.08119776844978333,-0.24493420124053955,-0.07362568128894509,-0.07626375555992126,-0.18904882669448853,-0.08781545359681786,-0.02076512575149536,-0.2730717658996582,-0.000573916833786825,-0.025317221879959106,-0.3086587190628052,-0.050004185475813756,-0.03703230619430542,-0.20190578699111938,-0.06500858563970269,-0.04371160268783569,-0.1348586082458496,-0.061050077267395864,0.03165966272354126,-0.2548547387123108,-0.010857153051006208,0.026987969875335693,-0.2843865752220154,-0.060806972273098836,0.00620722770690918,-0.18144065141677856,-0.057166007645832906,-0.007783055305480957,-0.11627423763275146,-0.03884690750430764,0.08325642347335815,-0.21875721216201782,-0.02436042141209782,0.06846481561660767,-0.23956865072250366,-0.05741968873928727,0.04425710439682007,-0.16468465328216553,-0.05260357011150063,0.028263568878173828,-0.11527049541473389,-0.03856400895904244
A,0.0,0.0,0.0,-0.07236108183860779,-0.049823641777038574,-0.033737443179575166,-0.12906190752983093,-0.14068275690078735,-0.05294556522437688,-0.1202460527420044,-0.24333405494689941,-0.07259546944567319,-0.05248391628265381,-0.2806691825389862,-0.08643920698830243,-0.08816307783126831,-0.25387102365493774,-0.0019531795072680325,-0.08494728803634644,-0.317926824092865,-0.04924622157284375,-0.07938718795776367,-0.24005722999572754,-0.0792967078990614,-0.075137197971344,-0.17970168590545654,-0.09233228841492291,-0.033921122550964355,-0.2553841173648834,-0.003455082212326488,-0.0226324200630188,-0.3040294349193573,-0.056147686929193696,-0.031459540128707886,-0.19742417335510254,-0.07180377075144406,-0.041300177574157715,-0.12849962711334229,-0.06730772534081098,0.016693174839019775,-0.24080795049667358,-0.013795194008139333,0.030612051486968994,-0.28362149000167847,-0.06526965627142545,0.011129379272460938,-0.18071460723876953,-0.0599669774777567,-0.007091045379638672,-0.11602473258972168,-0.039796180815187654,0.06597554683685303,-0.20861655473709106,-0.027309331834999284,0.07111740112304688,-0.23779648542404175,-0.06037604042955991,0.05019795894622803,-0.16195380687713623,-0.05333330088922139,0.030744552612304688,-0.11362570524215698,-0.03716690072485562
A,0.0,0.0,0.0,-0.07013377547264099,-0.055516839027404785,-0.02818468576469968,-0.12254148721694946,-0.1514214277267456,-0.04479135563769887,-0.11024400591850281,-0.2550402879714966,-0.06268837293782781,-0.03852015733718872,-0.2854906916618347,-0.07550054779449056,-0.08228912949562073,-0.25836384296417236,-0.0007711747562098026,-0.07707425951957703,-0.3203219473361969,-0.04614473125138829,-0.07242527604103088,-0.2424132227897644,-0.07485342761674474,-0.07053732872009277,-0.18317055702209473,-0.08757288744845937,-0.02830451726913452,-0.2558528184890747,-0.0051450081186885654,-0.018248140811920166,-0.3051218092441559,-0.05431192359128545,-0.027940303087234497,-0.19788020849227905,-0.06789243212142537,-0.038438111543655396,-0.13026368618011475,-0.06348957112231801,0.022281169891357422,-0.23888272047042847,-0.017642518414049846,0.034945547580718994,-0.2851450741291046,-0.06564185014167379,0.01656949520111084,-0.1809251308441162,-0.058115757910400134,-0.0007756948471069336,-0.11632007360458374,-0.03769044196405957,0.07094478607177734,-0.20530742406845093,-0.032856523899226886,0.07421225309371948,-0.24066609144210815,-0.06146582579413007,0.05539423227310181,-0.16628330945968628,-0.051461830643802386,0.03925555944442749,-0.11932122707366943,-0.034507937637954456
A,0.0,0.0,0.0,-0.06986749172210693,-0.05955761671066284,-0.029209757870091835,-0.11986982822418213,-0.15473461151123047,-0.046518047055258194,-0.10691982507705688,-0.2569977939128876,-0.06518470560575906,-0.036840975284576416,-0.29179686307907104,-0.07869125967289392,-0.0792323648929596,-0.260123610496521,0.001345363264874777,-0.07290869951248169,-0.32403016090393066,-0.04419760098124925,-0.06895488500595093,-0.24789118766784668,-0.07344257896210138,-0.0680188238620758,-0.18704813718795776,-0.08615539287592355,-0.026004701852798462,-0.257197767496109,-0.002382803889020124,-0.01458120346069336,-0.30785465240478516,-0.05197140266562883,-0.025171369314193726,-0.20288896560668945,-0.06694004004265253,-0.03670632839202881,-0.13489025831222534,-0.06323496316935007,0.0239560604095459,-0.23965805768966675,-0.014510986110224167,0.03831303119659424,-0.2898916006088257,-0.06347820227409784,0.01834028959274292,-0.1879621148109436,-0.05747951631809656,-0.0005040168762207031,-0.12232130765914917,-0.03772851144339029,0.07176226377487183,-0.2048291563987732,-0.029350352188600937,0.0768553614616394,-0.24415934085845947,-0.05963587453032915,0.057099342346191406,-0.17074012756347656,-0.05069986422921602,0.03914707899093628,-0.12217086553573608,-0.03399752517606203
A,0.0,0.0,0.0,-0.07145589590072632,-0.05709809064865112,-0.02821264884823904,-0.12170389294624329,-0.1543593406677246,-0.04445096201652632,-0.1069914698600769,-0.25850778818130493,-0.06208715684169874,-0.03926992416381836,-0.2941870391368866,-0.07431087366694555,-0.07958835363388062,-0.2597231864929199,0.0011779060268963804,-0.07352933287620544,-0.32550108432769775,-0.043243297407570935,-0.07005947828292847,-0.24797683954238892,-0.07089040152186499,-0.06837770342826843,-0.1872769594192505,-0.082634788969699,-0.027193963527679443,-0.25465908646583557,-0.002757482262495614,-0.015229582786560059,-0.3099859654903412,-0.05158653206581221,-0.026321232318878174,-0.20500749349594116,-0.06541906020993338,-0.03701022267341614,-0.13784748315811157,-0.061002203295174695,0.021965622901916504,-0.23577511310577393,-0.014843878368083097,0.03630036115646362,-0.2913981080055237,-0.0629449086582099,0.016035497188568115,-0.18904882669448853,-0.0554404864406024,-0.0015595555305480957,-0.12453067302703857,-0.03490011490339384,0.06945234537124634,-0.19981694221496582,-0.02958596594089613,0.07396703958511353,-0.2440168857574463,-0.05950329921597586,0.05346280336380005,-0.17076420783996582,-0.049868230739775754,0.03603631258010864,-0.12235003709793091,-0.03277696765417204
A,0.0,0.0,0.0,-0.0726441740989685,-0.06005769968032837,-0.02654743106472779,-0.12249505519866943,-0.1619701385498047,-0.041144649548414236,-0.11015194654464722,-0.27068662643432617,-0.057890637827995306,-0.04090377688407898,-0.30453217029571533,-0.0692625782023697,-0.08174866437911987,-0.26066508889198303,0.007167340206024164,-0.07532352209091187,-0.3315594792366028,-0.03689954714286614,-0.07112744450569153,-0.2556934952735901,-0.06476721824515153,-0.06946629285812378,-0.197556734085083,-0.07655739696133423,-0.029536336660385132,-0.25485849380493164,0.002783690063324684,-0.01726973056793213,-0.3143979012966156,-0.0448172679673462,-0.028257131576538086,-0.2107664942741394,-0.05841436148989487,-0.039461880922317505,-0.1455180048942566,-0.05387909622299958,0.019566118717193604,-0.23677748441696167,-0.010128167508128172,0.032899439334869385,-0.29600563645362854,-0.056978552652481085,0.013472139835357666,-0.1939353346824646,-0.049421670896890646,-0.0033143162727355957,-0.1295979619026184,-0.028769553689244276,0.06767785549163818,-0.2025814652442932,-0.025674545256379133,0.07058864831924438,-0.250393271446228,-0.053317504985216146,0.051554083824157715,-0.1789548397064209,-0.04318271116721917,0.03642880916595459,-0.13077157735824585,-0.026031597567680365
A,0.0,0.0,0.0,-0.07154694199562073,-0.06138545274734497,-0.02571851375364531,-0.12132591009140015,-0.1645219326019287,-0.039652759086720835,-0.11056393384933472,-0.2755415439605713,-0.056076591711871515,-0.04238957166671753,-0.3078055679798126,-0.06709874967896212,-0.0822802186012268,-0.2609160542488098,0.008534730534620394,-0.07578375935554504,-0.33446288108825684,-0.03509126777612437,-0.07043236494064331,-0.25889337062835693,-0.06245658720695246,-0.06805914640426636,-0.200048565864563,-0.07379229913317431,-0.03044143319129944,-0.2548925280570984,0.0038741064552141324,-0.01664137840270996,-0.31766265630722046,-0.04389992530309428,-0.02647346258163452,-0.21374911069869995,-0.0574550050016569,-0.037550121545791626,-0.14698445796966553,-0.05266023228728045,0.018326520919799805,-0.23709499835968018,-0.009234994527332674,0.03309524059295654,-0.2999802529811859,-0.05641203547679652,0.014775872230529785,-0.19782382249832153,-0.049082184087865244,-0.001830756664276123,-0.132002592086792,-0.02833271200620402,0.06616330146789551,-0.20310068130493164,-0.024878373247020136,0.07028263807296753,-0.2545037865638733,-0.052903851371638666,0.05178070068359375,-0.18300431966781616,-0.043016014498107324,0.03642624616622925,-0.13288229703903198,-0.025882016744844805
B,0.0,0.0,0.0,-0.07649454474449158,-0.04439735412597656,-0.04118307536793964,-0.1303396224975586,-0.13756722211837769,-0.06563908836199062,-0.10045623779296875,-0.22671622037887573,-0.08718232294870631,-0.04667791724205017,-0.28181523084640503,-0.10981448969198482,-0.11000761389732361,-0.31793054938316345,-0.04265895715309398,-0.13482972979545593,-0.45028162002563477,-0.07298322996450679,-0.14835113286972046,-0.5330187380313873,-0.09891890963865535,-0.15700578689575195,-0.6095385849475861,-0.12013925096346156,-0.04994231462478638,-0.3402445316314697,-0.048191586941015885,-0.061539679765701294,-0.4916866719722748,-0.07272360703302638,-0.06631356477737427,-0.585551917552948,-0.09854993453575389,-0.06965827941894531,-0.6732630133628845,-0.11990138372732417,0.00601273775100708,-0.3267553150653839,-0.05893345034075992,0.003217160701751709,-0.4666178822517395,-0.08434619238926189,0.0013402104377746582,-0.5534664690494537,-0.1082692690785052,-0.0037241578102111816,-0.6356190741062164,-0.12728530397964732,0.0605543851852417,-0.28976064920425415,-0.07373073926521556,0.06343871355056763,-0.399509072303772,-0.09676193675352351,0.06315368413925171,-0.46792399883270264,-0.10978427758766429,0.059790194034576416,-0.5342494547367096,-0.12098433306766765
B,0.0,0.0,0.0,-0.07635819911956787,-0.04556894302368164,-0.041587288706011805,-0.13052549958229065,-0.13961148262023926,-0.06636002215594772,-0.10133481025695801,-0.23158317804336548,-0.08828870507926467,-0.045484066009521484,-0.28668028116226196,-0.11115265938491348,-0.10816675424575806,-0.3198550343513489,-0.04204441535324577,-0.13212528824806213,-0.45102620124816895,-0.07333717051000122,-0.14519351720809937,-0.5335025191307068,-0.10014528336972717,-0.15297093987464905,-0.6102259457111359,-0.12194192710370544,-0.04957970976829529,-0.34408366680145264,-0.047710883645720514,-0.06083717942237854,-0.49446094036102295,-0.0730942815825415,-0.06555312871932983,-0.5881660878658295,-0.09913094642610076,-0.06882193684577942,-0.6754936575889587,-0.12032793763131622,0.005641579627990723,-0.3315145969390869,-0.05877818840593818,0.0037872493267059326,-0.47169989347457886,-0.08486228737086776,0.002098292112350464,-0.5584283173084259,-0.10863402041644576,-0.0030096769332885742,-0.6400422155857086,-0.1273465708181334,0.05976960062980652,-0.2937646210193634,-0.07402605864257339,0.06381788849830627,-0.40171006321907043,-0.09761359843463424,0.0644618570804596,-0.4696540832519531,-0.11072942170352462,0.06167551875114441,-0.534804105758667,-0.121778275100894
B,0.0,0.0,0.0,-0.07708877325057983,-0.04307746887207031,-0.040112452649964325,-0.1326185166835785,-0.1343085765838623,-0.06461465179313564,-0.10217037796974182,-0.2220485806465149,-0.0864006560980215,-0.048576951026916504,-0.27642929553985596,-0.10922182171930217,-0.1113477349281311,-0.31027477979660034,-0.0435302388607397,-0.13878321647644043,-0.44112271070480347,-0.0739569869576826,-0.1538691520690918,-0.5225983262062073,-0.09987711727012538,-0.16474398970603943,-0.5987975299358368,-0.12137406885017299,-0.05363622307777405,-0.3356291651725769,-0.04905937060107135,-0.06894150376319885,-0.48716485500335693,-0.0732226428328886,-0.0749063491821289,-0.5791583955287933,-0.09798744141448879,-0.07985609769821167,-0.6645496785640717,-0.11882483779777431,0.0014159679412841797,-0.324286550283432,-0.05950219004739665,-0.004877924919128418,-0.4656899571418762,-0.08359970718015575,-0.007945388555526733,-0.5523044764995575,-0.10568909912694835,-0.013922363519668579,-0.6318216025829315,-0.12390950142730617,0.05626264214515686,-0.2879275679588318,-0.0740473177968397,0.05680060386657715,-0.3960990309715271,-0.09611732333291911,0.05415526032447815,-0.4656361937522888,-0.10856485187400722,0.04893636703491211,-0.5317277908325195,-0.11957634060968303
B,0.0,0.0,0.0,-0.07599064707756042,-0.038928449153900146,-0.041426648558626766,-0.1347442865371704,-0.13019007444381714,-0.06567167601133406,-0.10942044854164124,-0.22217202186584473,-0.08672664424921095,-0.05312800407409668,-0.2740732729434967,-0.10902457794691145,-0.1095605194568634,-0.3128451704978943,-0.04566963127399504,-0.13455349206924438,-0.4449898302555084,-0.07633076718593657,-0.14890697598457336,-0.5272351056337357,-0.10196414700294554,-0.1584075689315796,-0.6022733747959137,-0.12323866894985258,-0.05097842216491699,-0.33668363094329834,-0.05109163111592352,-0.06535515189170837,-0.48829391598701477,-0.07649959734226286,-0.07063263654708862,-0.5804242193698883,-0.10156405082489073,-0.07473951578140259,-0.6647033393383026,-0.12224394938493788,0.00396767258644104,-0.3240540027618408,-0.061611802490006085,-0.0010190308094024658,-0.4639614224433899,-0.08858128002430021,-0.003310561180114746,-0.5518261194229126,-0.11302763334060728,-0.008852362632751465,-0.6341197788715363,-0.13227275124336302,0.05755797028541565,-0.2866222858428955,-0.07600654772068083,0.05993908643722534,-0.3946256637573242,-0.10171397885824263,0.060720860958099365,-0.4640214443206787,-0.11652631423021376,0.058516472578048706,-0.5311300754547119,-0.1287250380828482
B,0.0,0.0,0.0,-0.07569065690040588,-0.04226994514465332,-0.04041076550231537,-0.1320604681968689,-0.13145524263381958,-0.06511640274868569,-0.10933437943458557,-0.21644550561904907,-0.08703221106873116,-0.056717902421951294,-0.2653496265411377,-0.11026213789330086,-0.10552728176116943,-0.3137008249759674,-0.04495328390942177,-0.1281861662864685,-0.44426655769348145,-0.07663586461887917,-0.1427588164806366,-0.525263711810112,-0.1035035970245417,-0.1533372402191162,-0.6005674600601196,-0.12554030591593346,-0.0477120578289032,-0.33577120304107666,-0.05148153105722031,-0.05993381142616272,-0.4859929084777832,-0.07752739364252648,-0.06522396206855774,-0.5765426158905029,-0.10342072421656212,-0.06948703527450562,-0.6617816984653473,-0.1245733174120005,0.0071561336517333984,-0.32212042808532715,-0.06298392737255654,0.002675473690032959,-0.46142828464508057,-0.08956151181803307,0.0010548532009124756,-0.5490148663520813,-0.11308358335838875,-0.003813236951828003,-0.6315280795097351,-0.13186885887728295,0.061017751693725586,-0.2836165428161621,-0.07844271982060036,0.06475523114204407,-0.39017346501350403,-0.1025023507510241,0.0658886730670929,-0.4593241214752197,-0.11548541212425789,0.06374278664588928,-0.5271229594945908,-0.12660211795912346
B,0.0,0.0,0.0,-0.07988765835762024,-0.04085862636566162,-0.042286590302296645,-0.13459351658821106,-0.12872743606567383,-0.06690502222807027,-0.1071459949016571,-0.21425855159759521,-0.08821017351181126,-0.057831257581710815,-0.26870468258857727,-0.11052711364061452,-0.10983425378799438,-0.3097594976425171,-0.043924272620984084,-0.13593584299087524,-0.4390312433242798,-0.0746869226935587,-0.15036386251449585,-0.5213833749294281,-0.10116656180650807,-0.16102829575538635,-0.5982046723365784,-0.12311510797769643,-0.050633400678634644,-0.333525151014328,-0.048856925779887206,-0.06242421269416809,-0.48085281252861023,-0.07380393203527547,-0.06762072443962097,-0.5715258717536926,-0.0999094625952921,-0.07273638248443604,-0.6566663384437561,-0.12160904761583424,0.004094600677490234,-0.3207519054412842,-0.05900226589471913,0.0011944472789764404,-0.45708322525024414,-0.08463789578706837,-0.0007387101650238037,-0.5435926914215088,-0.10842758473188496,-0.006481975317001343,-0.6244010925292969,-0.12758787777454472,0.05711650848388672,-0.2825538218021393,-0.07331320699483967,0.06007954478263855,-0.3876093327999115,-0.09718037452728367,0.059013158082962036,-0.4564269185066223,-0.11081445273191548,0.05517822504043579,-0.5232433974742889,-0.12247546818286992
B,0.0,0.0,0.0,-0.07871520519256592,-0.04090118408203125,-0.04221253435542849,-0.13029593229293823,-0.1297881007194519,-0.06689947064450052,-0.10978469252586365,-0.21777069568634033,-0.08823927457859781,-0.07033306360244751,-0.2813725471496582,-0.11057451333334711,-0.1058351993560791,-0.3111802339553833,-0.04399492930104998,-0.12661796808242798,-0.4395694136619568,-0.07568102295925883,-0.13950681686401367,-0.5213332176208496,-0.10290874506762293,-0.14794424176216125,-0.5976422727108002,-0.1251447495394018,-0.047328561544418335,-0.33498212695121765,-0.04974536563685206,-0.058307915925979614,-0.4823293685913086,-0.07614544745018748,-0.06458088755607605,-0.5738427042961121,-0.10417114164164332,-0.07037222385406494,-0.6601377129554749,-0.12704621221354273,0.006796985864639282,-0.3216061294078827,-0.06060663576653269,0.006305038928985596,-0.4571368992328644,-0.08807990665962961,0.004280269145965576,-0.5449879467487335,-0.11376102979710367,-0.0016212761402130127,-0.62801393866539,-0.13436061109831599,0.058248549699783325,-0.2813670039176941,-0.07536774094631937,0.06424662470817566,-0.38408514857292175,-0.1010331880622175,0.0656953752040863,-0.4529731571674347,-0.11580919440319803,0.06314212083816528,-0.5212310999631882,-0.12823893095782068
B,0.0,0.0,0.0,-0.07931256294250488,-0.04089444875717163,-0.042382956170740727,-0.13055047392845154,-0.12878262996673584,-0.06704480262965262,-0.11068055033683777,-0.2161569595336914,-0.08816622259587348,-0.07218325138092041,-0.2801515758037567,-0.1101705587145716,-0.10684573650360107,-0.31128931045532227,-0.04459428849190772,-0.12853676080703735,-0.44215622544288635,-0.07580322834223807,-0.14319837093353271,-0.525554969906807,-0.10227848651379645,-0.15402580797672272,-0.6031246483325958,-0.12398378612965644,-0.047531574964523315,-0.3345883786678314,-0.049914841228428486,-0.05887490510940552,-0.48179882764816284,-0.0763086533781916,-0.065646231174469,-0.5736202895641327,-0.10387275429934562,-0.07236918807029724,-0.6602851152420044,-0.12634518059462607,0.00722697377204895,-0.3212278485298157,-0.06025483521193564,0.006597578525543213,-0.4565713107585907,-0.08785327585906089,0.0049887895584106445,-0.5453823804855347,-0.11338818880290091,-0.0010353624820709229,-0.6293346285820007,-0.13366840096682608,0.05884239077568054,-0.282225102186203,-0.07442087742060721,0.06412491202354431,-0.3854868412017822,-0.1000748208400637,0.06524580717086792,-0.45375800132751465,-0.11461504610747397,0.06254610419273376,-0.5212091952562332,-0.12670420917243064
B,0.0,0.0,0.0,-0.07863646745681763,-0.04238903522491455,-0.04391486906791897,-0.13059848546981812,-0.1277618408203125,-0.07122321390892239,-0.11104726791381836,-0.2129499912261963,-0.09495861792350979,-0.06826093792915344,-0.27648210525512695,-0.11930335277105542,-0.10887235403060913,-0.3121621608734131,-0.04721236192966671,-0.13112527132034302,-0.44412338733673096,-0.08070380949760647,-0.1462937891483307,-0.5276777595281601,-0.10863638633276196,-0.15791170299053192,-0.6052964329719543,-0.13106804305101605,-0.05009487271308899,-0.33469924330711365,-0.05286186897541256,-0.06309419870376587,-0.48210734128952026,-0.0815751921513197,-0.0710686445236206,-0.5747660994529724,-0.10999613219286175,-0.07886624336242676,-0.6626749634742737,-0.13253123277212353,0.005309700965881348,-0.32023733854293823,-0.06368140840316983,0.0029200315475463867,-0.45709264278411865,-0.09311541133905621,0.0008238852024078369,-0.5461644530296326,-0.11846910381103726,-0.005550205707550049,-0.63119176030159,-0.138094924030554,0.058578044176101685,-0.2799631357192993,-0.07847196572805615,0.06375563144683838,-0.38430267572402954,-0.10511672460819454,0.06444776058197021,-0.4529387354850769,-0.119106225309622,0.06104445457458496,-0.5211999267339706,-0.13036388867880078
B,0.0,0.0,0.0,-0.07594835758209229,-0.04333287477493286,-0.04468194270407366,-0.1277521848678589,-0.1256563663482666,-0.07381240898644137,-0.10460922122001648,-0.20817506313323975,-0.09938271963869738,-0.05438077449798584,-0.26728641986846924,-0.12545450651919055,-0.10855656862258911,-0.3095707297325134,-0.050399820002667184,-0.1294449269771576,-0.4431872069835663,-0.08558846140181231,-0.1412445306777954,-0.5280614197254181,-0.1143672751811664,-0.1481378674507141,-0.6060258448123932,-0.13688922548567461,-0.04920679330825806,-0.33358436822891235,-0.05600348735129046,-0.06084960699081421,-0.4828738570213318,-0.08498354131256747,-0.06793370842933655,-0.576996237039566,-0.11285067224775958,-0.07434126734733582,-0.6654993295669556,-0.1349823983935039,0.00689464807510376,-0.3207246661186218,-0.06673493856465029,0.0065596699714660645,-0.45928525924682617,-0.09520389014755892,0.0040229856967926025,-0.5481864959001541,-0.1185293110636394,-0.0022359490394592285,-0.6315187513828278,-0.13689642274653124,0.06129607558250427,-0.28182899951934814,-0.08170892173325228,0.06869667768478394,-0.3868185877799988,-0.1063367935446422,0.07015639543533325,-0.4550430178642273,-0.11805686974798846,0.06701046228408813,-0.5217674970626831,-0.12787052119051623
B,0.0,0.0,0.0,-0.07489871978759766,-0.04665052890777588,-0.04440193287035754,-0.12242424488067627,-0.1311320662498474,-0.07344149461886218,-0.08967271447181702,-0.21146279573440552,-0.09914463422200015,-0.03393027186393738,-0.2649088501930237,-0.12554347178837588,-0.10470357537269592,-0.3088429570198059,-0.04948798603317073,-0.12396037578582764,-0.44270747900009155,-0.08451661876341632,-0.13480031490325928,-0.5274205803871155,-0.11325891724726489,-0.14100652933120728,-0.6049863696098328,-0.13589778206250003,-0.04598972201347351,-0.3317607045173645,-0.05528343505164912,-0.05802437663078308,-0.48156410455703735,-0.08411337098976901,-0.06421265006065369,-0.5760592222213745,-0.1120265763153725,-0.06946173310279846,-0.6647170186042786,-0.13433402440449527,0.009881079196929932,-0.31896933913230896,-0.06630899420878222,0.00785854458808899,-0.45940157771110535,-0.0949502926220589,0.005911707878112793,-0.5482867062091827,-0.11866251788040927,0.0011947154998779297,-0.6320083737373352,-0.1372193213452988,0.0648641586303711,-0.28127431869506836,-0.08163436165949634,0.07177448272705078,-0.3869571387767792,-0.10689387134215167,0.07447832822799683,-0.45576220750808716,-0.11929260603091052,0.07320374250411987,-0.5229197442531586,-0.12953504583737185
B,0.0,0.0,0.0,-0.07403799891471863,-0.04567444324493408,-0.045143865959516916,-0.1224592924118042,-0.13197261095046997,-0.07427643703090325,-0.08766615390777588,-0.21277838945388794,-0.10001927332746163,-0.030409246683120728,-0.2653258442878723,-0.12656597511636392,-0.10416707396507263,-0.30981865525245667,-0.05052654908763543,-0.12706440687179565,-0.441908597946167,-0.08597809539901391,-0.13961055874824524,-0.5252867937088013,-0.11493271307813302,-0.14697915315628052,-0.6031336188316345,-0.13774361924993173,-0.045641958713531494,-0.3336385190486908,-0.05611700283157006,-0.05963099002838135,-0.4850733280181885,-0.08559244589673654,-0.06550270318984985,-0.5807852149009705,-0.1135686682330288,-0.06926849484443665,-0.6712174415588379,-0.1356495739685215,0.010426640510559082,-0.31946343183517456,-0.06700847016441003,0.007106482982635498,-0.461884081363678,-0.09664380268918649,0.005864322185516357,-0.5502162277698517,-0.12066577838527337,0.0016920268535614014,-0.6343526840209961,-0.13896618502008096,0.06610119342803955,-0.2803817391395569,-0.08221033679114953,0.07103702425956726,-0.38725942373275757,-0.10803225355016366,0.07253888249397278,-0.45504599809646606,-0.12047075943814889,0.07004699110984802,-0.5219312906265259,-0.13056781606542245
B,0.0,0.0,0.0,-0.07267814874649048,-0.04579615592956543,-0.045141858714714544,-0.11975991725921631,-0.134449303150177,-0.07344079922427227,-0.08241987228393555,-0.2168828845024109,-0.09838057469119121,-0.023426085710525513,-0.2691522240638733,-0.12398616384257366,-0.10361281037330627,-0.3128231167793274,-0.04867717783440639,-0.12334272265434265,-0.4465601444244385,-0.08335971246947338,-0.13398048281669617,-0.5312955975532532,-0.11190827350606014,-0.13976866006851196,-0.6091384589672089,-0.1344882638334184,-0.045013606548309326,-0.3363177478313446,-0.053964344519272345,-0.05800589919090271,-0.4887152314186096,-0.08245556961287548,-0.0635073184967041,-0.5847197771072388,-0.109845520663157,-0.06724506616592407,-0.6741542816162109,-0.1315910012601762,0.010927796363830566,-0.3223609924316406,-0.06470491151799251,0.008681654930114746,-0.46657252311706543,-0.09361008714427044,0.007532387971878052,-0.5547343492507935,-0.11737170975197841,0.003515958786010742,-0.6382250189781189,-0.13561427007903148,0.0663558840751648,-0.2830660939216614,-0.07985832701911022,0.0725632905960083,-0.3896687626838684,-0.10556300889243175,0.07474750280380249,-0.4575878381729126,-0.118333289134398,0.07282829284667969,-0.5240225195884705,-0.12866560529460003
B,0.0,0.0,0.0,-0.06886950135231018,-0.04997134208679199,-0.04473368321617954,-0.10743996500968933,-0.1444907784461975,-0.07034518067797535,-0.0496334433555603,-0.22273403406143188,-0.0925492519613158,0.019394248723983765,-0.2636665105819702,-0.11557131503781193,-0.09219411015510559,-0.31760698556900024,-0.04462906588872784,-0.10709592700004578,-0.45121151208877563,-0.07708500568827503,-0.11309728026390076,-0.5375241041183472,-0.10503746067246311,-0.11449417471885681,-0.6169468462467194,-0.1277970621462714,-0.03425595164299011,-0.34051406383514404,-0.04820061345657223,-0.04513806104660034,-0.4894365072250366,-0.07347573583086842,-0.04714617133140564,-0.5847193002700806,-0.09934164826830738,-0.04830262064933777,-0.6732963025569916,-0.1206615144487273,0.020705223083496094,-0.32710614800453186,-0.05730870609244221,0.019712448120117188,-0.4675781726837158,-0.08257330452164524,0.019303172826766968,-0.5546533763408661,-0.10429896657427662,0.015784621238708496,-0.6372886300086975,-0.12190289293488377,0.07512739300727844,-0.28714483976364136,-0.07127454374989384,0.08402189612388611,-0.3895683288574219,-0.0943582752819907,0.08921283483505249,-0.4546450078487396,-0.10567474608382099,0.09086987376213074,-0.518959641456604,-0.11537412052115315
B,0.0,0.0,0.0,-0.07093644142150879,-0.046450138092041016,-0.047132529072996476,-0.11212757229804993,-0.1411415934562683,-0.07432814662956844,-0.05644902586936951,-0.2201322317123413,-0.09758460497164378,0.011689424514770508,-0.2625972628593445,-0.12173347895645747,-0.09636405110359192,-0.3179280757904053,-0.048357404523130754,-0.11235472559928894,-0.4504050016403198,-0.082639194779631,-0.11821284890174866,-0.5357398390769958,-0.11191073035502086,-0.11958786845207214,-0.6144055128097534,-0.13583917146229396,-0.0370735228061676,-0.34162652492523193,-0.051680471502777436,-0.0452401340007782,-0.49171310663223267,-0.07951085244917522,-0.045502662658691406,-0.5863016247749329,-0.10710932289862285,-0.04495081305503845,-0.6759546995162964,-0.12984446411633144,0.017783761024475098,-0.3277362883090973,-0.06077975755238185,0.01796463131904602,-0.47159016132354736,-0.08906087254786144,0.019181430339813232,-0.5575105845928192,-0.1128784639170135,0.017773032188415527,-0.6389232277870178,-0.13161370878719936,0.07228666543960571,-0.2870417833328247,-0.07467897211813579,0.07935205101966858,-0.3960071802139282,-0.1007276323964561,0.08395498991012573,-0.46277332305908203,-0.11449776565336833,0.0860602855682373,-0.526982307434082,-0.12586402123474727
B,0.0,0.0,0.0,-0.06949558854103088,-0.04809385538101196,-0.05031791960800547,-0.10722541809082031,-0.13874083757400513,-0.08040153121555704,-0.051518023014068604,-0.21470773220062256,-0.10617537682855982,0.01632055640220642,-0.2602107524871826,-0.13298814630115885,-0.09642472863197327,-0.3148968815803528,-0.05474806835854906,-0.11222213506698608,-0.45097780227661133,-0.09124738609398264,-0.11880356073379517,-0.5385660529136658,-0.12194730972851175,-0.11973682045936584,-0.6186976432800293,-0.14661805963123697,-0.03759905695915222,-0.3405572175979614,-0.05739826595390696,-0.04716077446937561,-0.49245086312294006,-0.08774927144850153,-0.048464953899383545,-0.5884554982185364,-0.11823949849213022,-0.04856100678443909,-0.6792666018009186,-0.14289515351856608,0.017136096954345703,-0.32848092913627625,-0.06558831667507548,0.01683679223060608,-0.47172069549560547,-0.09579020624960322,0.01713007688522339,-0.5600039958953857,-0.12244425600374598,0.014750272035598755,-0.6434369683265686,-0.14315508937443155,0.07217550277709961,-0.2894124388694763,-0.07866996413076777,0.07976716756820679,-0.3994543254375458,-0.10571458822096247,0.08388334512710571,-0.4664340317249298,-0.12073090558851618,0.08422136306762695,-0.5297828912734985,-0.13308436309898752
B,0.0,0.0,0.0,-0.07212245464324951,-0.04815179109573364,-0.04912560609921002,-0.11284509301185608,-0.13966113328933716,-0.07896730480536007,-0.05559840798377991,-0.21411335468292236,-0.10470182625397229,0.015240073204040527,-0.255174458026886,-0.13160331724031948,-0.10044446587562561,-0.31575921177864075,-0.0542131158505299,-0.11585414409637451,-0.45175331830978394,-0.09149675248011135,-0.12056320905685425,-0.5398121774196625,-0.12280629006966137,-0.12053567171096802,-0.6207942962646484,-0.14789647040709042,-0.04128965735435486,-0.3418894410133362,-0.05760466484173321,-0.04978489875793457,-0.49432557821273804,-0.08791286675079846,-0.05035024881362915,-0.5911186337471008,-0.11750032929523968,-0.05040404200553894,-0.6833693385124207,-0.14158547101362728,0.013575702905654907,-0.3295871317386627,-0.06659423736675762,0.013108402490615845,-0.47568684816360474,-0.09613635567768597,0.013015329837799072,-0.5632347762584686,-0.12079318044527554,0.010155797004699707,-0.6462430059909821,-0.1400813329015591,0.06907448172569275,-0.28924787044525146,-0.080561669448457,0.07567262649536133,-0.4008275270462036,-0.10706967292173886,0.079321950674057,-0.46890759468078613,-0.12089470950706982,0.07980397343635559,-0.5334717035293579,-0.13224376914843106
B,0.0,0.0,0.0,-0.06624788045883179,-0.05047714710235596,-0.053431805577645264,-0.09823665022850037,-0.1417485475540161,-0.08593040740169045,-0.0321524441242218,-0.21343278884887695,-0.11362637614882942,0.04353970289230347,-0.2537301182746887,-0.1420523229805326,-0.0856873095035553,-0.3146889805793762,-0.06019601633823868,-0.09159547090530396,-0.4554063677787781,-0.09855932032741066,-0.09072750806808472,-0.5472901463508606,-0.13044638967193123,-0.08626589179039001,-0.6314273476600647,-0.1557348821131086,-0.02810037136077881,-0.33842703700065613,-0.06180109491623398,-0.03156617283821106,-0.4919758439064026,-0.09236337279952522,-0.028137385845184326,-0.5900816321372986,-0.12238252198375221,-0.024917006492614746,-0.6840078830718994,-0.14695468580401894,0.02596089243888855,-0.32499492168426514,-0.06900937145627495,0.030336588621139526,-0.47050225734710693,-0.09787295794166084,0.03442487120628357,-0.5593191087245941,-0.12240699714101311,0.035602718591690063,-0.6437554359436035,-0.14202152228034493,0.08020713925361633,-0.2846231460571289,-0.08171898162044045,0.09264597296714783,-0.3942434787750244,-0.10685559397614952,0.10129246115684509,-0.46187299489974976,-0.11981557345069405,0.10608229041099548,-0.5268102288246155,-0.13089971279777046
B,0.0,0.0,0.0,-0.06904679536819458,-0.04669064283370972,-0.06029378529120777,-0.09938997030258179,-0.13480257987976074,-0.09569018613029812,-0.03197002410888672,-0.20785987377166748,-0.1246954901092181,0.042970627546310425,-0.2486918568611145,-0.15405156742264126,-0.08420410752296448,-0.3148544132709503,-0.06547254602838848,-0.08963772654533386,-0.4537890553474426,-0.10534114669491146,-0.08866646885871887,-0.5449313521385193,-0.13869224022556637,-0.08361536264419556,-0.6276840269565582,-0.1652925563924441,-0.025844156742095947,-0.3412221372127533,-0.06378392409015987,-0.029463082551956177,-0.49297577142715454,-0.09671072940756176,-0.02537021040916443,-0.590924084186554,-0.12835286091495846,-0.020836472511291504,-0.684684157371521,-0.15413483511139248,0.026554733514785767,-0.32834142446517944,-0.06834302376438472,0.03275555372238159,-0.4727388024330139,-0.09970781485964153,0.03771379590034485,-0.5614374577999115,-0.12627766560245846,0.04011273384094238,-0.6462385654449463,-0.14713577459980343,0.07952606678009033,-0.28696107864379883,-0.07883503566910122,0.09084179997444153,-0.39673346281051636,-0.1068834019773135,0.09707209467887878,-0.4648627042770386,-0.12294051330019329,0.10000553727149963,-0.5305229425430298,-0.13603828381229732
B,0.0,0.0,0.0,-0.06764638423919678,-0.04666900634765625,-0.060237572072310286,-0.09539636969566345,-0.1363004446029663,-0.0952245039029549,-0.026904255151748657,-0.2095831036567688,-0.12379798713163837,0.04898795485496521,-0.24944132566452026,-0.1523466152234505,-0.08327695727348328,-0.31660065054893494,-0.06366701099113925,-0.08778548240661621,-0.457572340965271,-0.10242637666897281,-0.08599385619163513,-0.5489612817764282,-0.1348629337830971,-0.08043181896209717,-0.6314699053764343,-0.16073325696424945,-0.025816023349761963,-0.3422980308532715,-0.061490804432196455,-0.028761863708496094,-0.4951367676258087,-0.0934263658805321,-0.023381173610687256,-0.593292772769928,-0.12408738258318408,-0.01787489652633667,-0.6862926781177521,-0.14903890016512378,0.025930970907211304,-0.3297610878944397,-0.06565891626314624,0.03236961364746094,-0.47516748309135437,-0.09596434655622943,0.038540929555892944,-0.564335823059082,-0.1219852534218262,0.0422518253326416,-0.6492211818695068,-0.14240608039335712,0.07798802852630615,-0.28963643312454224,-0.075825710324807,0.08895254135131836,-0.39938288927078247,-0.10292874696688159,0.09532546997070312,-0.46845346689224243,-0.11878077360825046,0.09865093231201172,-0.5345045924186707,-0.1317041260285805
B,0.0,0.0,0.0,-0.06494453549385071,-0.04090237617492676,-0.0666700126302544,-0.08614116907119751,-0.13041788339614868,-0.1051291944158379,-0.015237003564834595,-0.20219695568084717,-0.13615373984697499,0.06085711717605591,-0.24244028329849243,-0.16644639984491505,-0.07489117980003357,-0.3098527193069458,-0.06976864204528965,-0.07477670907974243,-0.4499291777610779,-0.11067980245474018,-0.067328542470932,-0.5420902073383331,-0.14506587103727497,-0.05737292766571045,-0.6248101592063904,-0.1720501305234734,-0.02143847942352295,-0.3393251895904541,-0.06458734438541569,-0.02275732159614563,-0.493510365486145,-0.09792837218168415,-0.0158805251121521,-0.5910531282424927,-0.12969404176595845,-0.010820776224136353,-0.685230165719986,-0.15525567249181904,0.026892274618148804,-0.3310118615627289,-0.06601323650005497,0.02957785129547119,-0.4777268171310425,-0.09587470904710926,0.034352660179138184,-0.5684201419353485,-0.12127330616834797,0.03772157430648804,-0.6546428799629211,-0.1414291085374657,0.0762702226638794,-0.293479859828949,-0.07426731006029286,0.08396634459495544,-0.40414464473724365,-0.09946945772293248,0.09023705124855042,-0.47323548793792725,-0.11422556356313862,0.09457769989967346,-0.538391649723053,-0.1266186358106438
B,0.0,0.0,0.0,-0.06321698427200317,-0.03713041543960571,-0.07000522369338569,-0.08290478587150574,-0.12292301654815674,-0.11026538962318,-0.012062162160873413,-0.19166171550750732,-0.14243222081853446,0.06426459550857544,-0.2302425503730774,-0.1737954845447689,-0.06894448399543762,-0.30369216203689575,-0.07480993175698814,-0.0681341290473938,-0.44345641136169434,-0.1169477557559162,-0.058235496282577515,-0.535114973783493,-0.1519862940330654,-0.04485401511192322,-0.6185566782951355,-0.17917411828233298,-0.015571802854537964,-0.3340763747692108,-0.06779448741866645,-0.013950526714324951,-0.4880950450897217,-0.10140217149449882,-0.0044307708740234375,-0.5845270156860352,-0.13334836864663657,0.003688424825668335,-0.6802178621292114,-0.1593543669004589,0.03186008334159851,-0.3269573748111725,-0.06741151267482337,0.03865569829940796,-0.469804584980011,-0.09658489430142936,0.044907957315444946,-0.55836021900177,-0.12152744138433036,0.049941956996917725,-0.6437011957168579,-0.14174785518838462,0.07943466305732727,-0.2907360792160034,-0.07419614547683295,0.08903750777244568,-0.3994302749633789,-0.09784057790233192,0.09689971804618835,-0.46625494956970215,-0.11168273592187461,0.10315975546836853,-0.530193567276001,-0.1237883200664669
B,0.0,0.0,0.0,-0.060375094413757324,-0.03412717580795288,-0.07163960480932019,-0.07664018869400024,-0.11715477705001831,-0.1133668124103906,-0.004663735628128052,-0.1835564374923706,-0.14644695067647717,0.0706779956817627,-0.22447991371154785,-0.17865423107389233,-0.06332486867904663,-0.29904770851135254,-0.0791728272462251,-0.06103375554084778,-0.4389035403728485,-0.12258971476796887,-0.04878327250480652,-0.5308550000190735,-0.15793492639306805,-0.033244192600250244,-0.6140270233154297,-0.18506432318929456,-0.010851413011550903,-0.32981157302856445,-0.07098253810647748,-0.008294552564620972,-0.4829551577568054,-0.10578377539161465,0.003066033124923706,-0.5798580348491669,-0.13741912687066815,0.013119757175445557,-0.6752214431762695,-0.16296914959195874,0.03563407063484192,-0.3228926658630371,-0.06937583530191205,0.041253864765167236,-0.46593713760375977,-0.09917753184083722,0.048146992921829224,-0.5547670423984528,-0.12377747887614987,0.05425339937210083,-0.6403805911540985,-0.14361973846200726,0.08154106140136719,-0.28756386041641235,-0.0749858468199136,0.09085062146186829,-0.3973127007484436,-0.09960968786720059,0.09821698069572449,-0.46525460481643677,-0.11424902820829175,0.10445466637611389,-0.5301871001720428,-0.12667904043439648
B,0.0,0.0,0.0,-0.05831989645957947,-0.022427797317504883,-0.08020336655221172,-0.0759395956993103,-0.09928750991821289,-0.12652528760276027,-0.0035189390182495117,-0.16498017311096191,-0.16228740391574092,0.07268530130386353,-0.21074795722961426,-0.19674200293860622,-0.06694638729095459,-0.2824220657348633,-0.09251542863688655,-0.06118863821029663,-0.41784340143203735,-0.1402566480382461,-0.04468625783920288,-0.5092466175556183,-0.17805162546477504,-0.026231348514556885,-0.5906545221805573,-0.20666067776522823,-0.015160560607910156,-0.3195539116859436,-0.08013712344012447,-0.01393824815750122,-0.4708607792854309,-0.1189602586372871,-0.00465625524520874,-0.566963255405426,-0.15153958377680965,0.002393096685409546,-0.6629420220851898,-0.17744634029708095,0.031696707010269165,-0.31701138615608215,-0.07461750236592479,0.031073302030563354,-0.4610949754714966,-0.10807542977175899,0.03377607464790344,-0.5504640638828278,-0.13336639580569454,0.03679993748664856,-0.636571854352951,-0.15324636277995296,0.07810580730438232,-0.2845751643180847,-0.07677378234706111,0.08594396710395813,-0.39270442724227905,-0.10456882146439739,0.09039461612701416,-0.4624904990196228,-0.12143747982821651,0.09459346532821655,-0.5293169319629669,-0.13514324006877132
B,0.0,0.0,0.0,-0.05433967709541321,-0.016158759593963623,-0.08248797615698322,-0.07061237096786499,-0.09127891063690186,-0.12971333225897297,0.0028760433197021484,-0.1562507152557373,-0.1656753476493691,0.07839742302894592,-0.20288079977035522,-0.2008288707368706,-0.06286466121673584,-0.2719738483428955,-0.09971380045345768,-0.05657482147216797,-0.4078635573387146,-0.14879614671400532,-0.04063272476196289,-0.5006328821182251,-0.1870310809247826,-0.02226194739341736,-0.583268404006958,-0.2158290501468514,-0.012340158224105835,-0.3102650046348572,-0.0864594187372063,-0.010645508766174316,-0.46197599172592163,-0.12663588484457478,-0.0011317431926727295,-0.5595664083957672,-0.15968496164015278,0.006660908460617065,-0.656503826379776,-0.1859867181413506,0.033390581607818604,-0.3094896674156189,-0.07992705514362797,0.03378969430923462,-0.4530240297317505,-0.1144225056999062,0.03590342402458191,-0.5423713624477386,-0.14079505761793598,0.03897377848625183,-0.6281619071960449,-0.1615687813394402,0.07805323600769043,-0.2795392870903015,-0.08110968580177769,0.08730760216712952,-0.38788938522338867,-0.10979217102459415,0.09338295459747314,-0.4580150246620178,-0.12771453519991383,0.10016751289367676,-0.5249591171741486,-0.14235607346228107
B,0.0,0.0,0.0,-0.0577622652053833,-0.022162437438964844,-0.07981876168287272,-0.07316368818283081,-0.09723973274230957,-0.12543527666366572,0.0006156861782073975,-0.15935498476028442,-0.16013006750381464,0.07381859421730042,-0.20457327365875244,-0.19378651562965388,-0.06608167290687561,-0.2780487537384033,-0.09308241937196726,-0.06360197067260742,-0.41394659876823425,-0.140176056659584,-0.05097472667694092,-0.5057051181793213,-0.17668531719482417,-0.03522104024887085,-0.5871278941631317,-0.20382609847820277,-0.01405450701713562,-0.312090128660202,-0.0807244021061706,-0.011609554290771484,-0.4622318744659424,-0.11978384736812586,-0.002263396978378296,-0.5606798529624939,-0.15230843309200282,0.005882620811462402,-0.6560057103633881,-0.17769847694671626,0.032127171754837036,-0.3091159164905548,-0.07523982856309885,0.033381909132003784,-0.4519239068031311,-0.10939995828903193,0.03630527853965759,-0.5427733361721039,-0.13636681321895594,0.040233999490737915,-0.6290535032749176,-0.15690068784988398,0.07676255702972412,-0.2787032127380371,-0.0771095219615745,0.08555713295936584,-0.387326180934906,-0.10537646595275874,0.09279808402061462,-0.4579811692237854,-0.12296342734134669,0.10064634680747986,-0.5249891579151154,-0.13682559016979212
B,0.0,0.0,0.0,-0.06312441825866699,-0.02646028995513916,-0.07225989886558182,-0.08619588613510132,-0.10885882377624512,-0.1128120008949054,-0.011245518922805786,-0.17459243535995483,-0.14393005856311447,0.06463733315467834,-0.21577638387680054,-0.17430577763354904,-0.07729396224021912,-0.2820308804512024,-0.08318177201783783,-0.07665100693702698,-0.41914987564086914,-0.1263499070051921,-0.06768795847892761,-0.5117299556732178,-0.16019339450633652,-0.05489346385002136,-0.5926932990550995,-0.18644325026309616,-0.022568732500076294,-0.3152194619178772,-0.0745586935523761,-0.0229930579662323,-0.4679965376853943,-0.10994179137981064,-0.012952297925949097,-0.5658020079135895,-0.1403012979868663,-0.0030553042888641357,-0.6581431925296783,-0.1646925766114009,0.0256769061088562,-0.31046736240386963,-0.07269900628364212,0.02773144841194153,-0.4560977816581726,-0.10529605635440475,0.03341996669769287,-0.5467928647994995,-0.13253156431949265,0.03920671343803406,-0.6323002874851227,-0.15368695148265488,0.07443097233772278,-0.27711552381515503,-0.07761464604175217,0.08527964353561401,-0.38548099994659424,-0.10634775050914413,0.09356364607810974,-0.4552191197872162,-0.12513203510081894,0.10069945454597473,-0.5206598043441772,-0.14016286619937546
B,0.0,0.0,0.0,-0.06497853994369507,-0.029945015907287598,-0.06910618049704453,-0.08999162912368774,-0.11519038677215576,-0.10859376592242143,-0.016347438097000122,-0.18390172719955444,-0.1395253430088701,0.06008964776992798,-0.2234731912612915,-0.17010385198199174,-0.07784432172775269,-0.29121387004852295,-0.07906848592364213,-0.07953536510467529,-0.42980802059173584,-0.12143799317681214,-0.07271912693977356,-0.5216884016990662,-0.15504467887484452,-0.061787307262420654,-0.6028552353382111,-0.18131202859484574,-0.023102372884750366,-0.3220701813697815,-0.07266115797364137,-0.02487275004386902,-0.4750395715236664,-0.10802214992844483,-0.01611936092376709,-0.5727774202823639,-0.13881287378870866,-0.007364541292190552,-0.6652964949607849,-0.16329591376387498,0.025799810886383057,-0.3149626553058624,-0.07288568867051026,0.028482288122177124,-0.46218258142471313,-0.10533506078326127,0.03377231955528259,-0.5535376369953156,-0.1321771482905092,0.03866910934448242,-0.6408457159996033,-0.15305276615225694,0.07515841722488403,-0.2795700430870056,-0.07971584451996705,0.08505785465240479,-0.38823866844177246,-0.10832722140156648,0.09252804517745972,-0.4588273763656616,-0.1262700746735277,0.09838753938674927,-0.5265468955039978,-0.1406791548212709
B,0.0,0.0,0.0,-0.06650584936141968,-0.03605008125305176,-0.06734891674312848,-0.09680226445198059,-0.12006020545959473,-0.10792593351396818,-0.027622967958450317,-0.1889282464981079,-0.14066876909527082,0.04679223895072937,-0.23239237070083618,-0.17355306885036725,-0.08061197400093079,-0.30197781324386597,-0.07909576288255948,-0.08560165762901306,-0.44111937284469604,-0.12336377492937345,-0.08306652307510376,-0.5337231159210205,-0.1589909835794856,-0.07581296563148499,-0.6171389222145081,-0.18686141512188215,-0.02309325337409973,-0.328226774930954,-0.07519145748409528,-0.02758646011352539,-0.48102736473083496,-0.11240414968523282,-0.022441774606704712,-0.579853743314743,-0.1455249681213786,-0.016555726528167725,-0.6749532222747803,-0.17197175762447614,0.028418272733688354,-0.3152220845222473,-0.07767234436067838,0.032800137996673584,-0.4618936777114868,-0.11212990871462125,0.03816920518875122,-0.5521131157875061,-0.13948569140228528,0.04169803857803345,-0.6388263404369354,-0.1607285781839778,0.07971003651618958,-0.27425265312194824,-0.08652583203109998,0.09132209420204163,-0.38337022066116333,-0.1174340217450549,0.09857365489006042,-0.4533140957355499,-0.13529266855510969,0.1032247245311737,-0.5217334032058716,-0.1494028761127879
B,0.0,0.0,0.0,-0.06679272651672363,-0.039901018142700195,-0.06663738852097367,-0.09588479995727539,-0.12407577037811279,-0.1059507421190915,-0.028834939002990723,-0.193597674369812,-0.13748832707955216,0.04423332214355469,-0.23683995008468628,-0.1688208497102437,-0.08310258388519287,-0.3074060082435608,-0.07463835840775346,-0.08778554201126099,-0.4464799165725708,-0.11683929627491807,-0.08601990342140198,-0.5382830500602722,-0.15129464035584306,-0.08023828268051147,-0.6212471425533295,-0.17846689289166306,-0.02575090527534485,-0.33274567127227783,-0.07033374821497773,-0.029536187648773193,-0.4840281903743744,-0.10561899756743287,-0.024584561586380005,-0.5824994742870331,-0.13819972341610764,-0.0191231369972229,-0.6784200072288513,-0.1645280486877141,0.025934189558029175,-0.31960123777389526,-0.07252234136416291,0.03118354082107544,-0.4642500877380371,-0.10571288233353471,0.036440908908843994,-0.5537220537662506,-0.13329919343544816,0.03956294059753418,-0.6407182216644287,-0.1547887987430272,0.0780135989189148,-0.2791256308555603,-0.08104507541014527,0.08936202526092529,-0.3870903551578522,-0.11072073792769288,0.0961642861366272,-0.4560861587524414,-0.12831003134800767,0.1005750298500061,-0.524244099855423,-0.14238399928166245
B,0.0,0.0,0.0,-0.06739071011543274,-0.04195195436477661,-0.05741146889567972,-0.10239216685295105,-0.1260579228401184,-0.09232945305348039,-0.0436171293258667,-0.19736486673355103,-0.12109889400244356,0.025934308767318726,-0.2397417426109314,-0.15019107920170427,-0.08804890513420105,-0.3088890314102173,-0.06590468746662737,-0.09529691934585571,-0.4463469386100769,-0.10523782980681062,-0.09474530816078186,-0.5366085171699524,-0.13747840684891344,-0.08978778123855591,-0.6179988980293274,-0.1630011455440581,-0.02931034564971924,-0.3335152566432953,-0.06520625514031053,-0.03445109724998474,-0.4855536222457886,-0.09704799515247942,-0.03225991129875183,-0.5840673744678497,-0.1270407245779097,-0.029212594032287598,-0.6779606938362122,-0.1515759186172545,0.024199843406677246,-0.3192770481109619,-0.07026003611326814,0.028770893812179565,-0.4651961028575897,-0.10065803987026811,0.031966209411621094,-0.553857684135437,-0.12578990620613695,0.032554686069488525,-0.6377276182174683,-0.14574686748028398,0.07775041460990906,-0.2762756943702698,-0.08086308402062059,0.09029105305671692,-0.38306543231010437,-0.10863749248028398,0.09719523787498474,-0.4500563144683838,-0.12393433910847307,0.10112032294273376,-0.5150898098945618,-0.1362439946556151
B,0.0,0.0,0.0,-0.06602099537849426,-0.047254323959350586,-0.05396011231476905,-0.10200685262680054,-0.13297122716903687,-0.08747759966189506,-0.04646599292755127,-0.20270681381225586,-0.11568277833993079,0.020418107509613037,-0.24363172054290771,-0.1448190411740029,-0.08666723966598511,-0.31558483839035034,-0.06357248632247092,-0.09366896748542786,-0.45282480120658875,-0.1027740812116349,-0.09329596161842346,-0.5421107113361359,-0.1352036198788369,-0.08824688196182251,-0.6240849494934082,-0.16093993691737296,-0.026909470558166504,-0.3357090950012207,-0.06530995426709296,-0.030402034521102905,-0.4870527386665344,-0.09735007343823554,-0.027273833751678467,-0.5850044786930084,-0.12838882712657096,-0.023080378770828247,-0.6803017854690552,-0.1537434956246102,0.02707892656326294,-0.31769251823425293,-0.07253531871373298,0.03482857346534729,-0.46162909269332886,-0.10372756181294562,0.04035598039627075,-0.5510040819644928,-0.13029402999217155,0.04300212860107422,-0.6371580064296722,-0.15124096481139304,0.08013701438903809,-0.27242666482925415,-0.08493244407708289,0.09554129838943481,-0.37687647342681885,-0.11344206092888953,0.10352081060409546,-0.44513386487960815,-0.12940227000052573,0.10776442289352417,-0.5131207406520844,-0.14240852503115775
B,0.0,0.0,0.0,-0.06845742464065552,-0.04554164409637451,-0.05421857449596246,-0.10929349064826965,-0.13305604457855225,-0.08860435623114427,-0.056287944316864014,-0.19951081275939941,-0.11765593576615174,0.009944617748260498,-0.23837244510650635,-0.14789521235411485,-0.08516976237297058,-0.31449010968208313,-0.06827821123783906,-0.09262800216674805,-0.45280519127845764,-0.10858088272993882,-0.09403228759765625,-0.5415984094142914,-0.1410557283777507,-0.0907520055770874,-0.6231592297554016,-0.1665262981075557,-0.024146199226379395,-0.33194559812545776,-0.0703802062887462,-0.02552974224090576,-0.48513931035995483,-0.10260823655312379,-0.02171298861503601,-0.5827820897102356,-0.13348757761900742,-0.016669780015945435,-0.6774158775806427,-0.15882794100230058,0.029924213886260986,-0.3119632303714752,-0.0776881753224643,0.04032453894615173,-0.45535141229629517,-0.10827378469889481,0.04815152287483215,-0.5446450114250183,-0.13437559741919358,0.052871257066726685,-0.6289681792259216,-0.1551960660833629,0.08180281519889832,-0.26492244005203247,-0.09017452138846238,0.0983864963054657,-0.3683803081512451,-0.11743826705401261,0.10702455043792725,-0.43723607063293457,-0.1325704111475261,0.11221563816070557,-0.5043827295303345,-0.14525420504992326
B,0.0,0.0,0.0,-0.06874015927314758,-0.04797881841659546,-0.05059118806371998,-0.10861635208129883,-0.13498377799987793,-0.08290107040653538,-0.05718007683753967,-0.20152711868286133,-0.1105308258439095,0.007947206497192383,-0.23972171545028687,-0.13913721828708958,-0.08404362201690674,-0.3161042630672455,-0.06108394502649617,-0.09169626235961914,-0.45206087827682495,-0.0993429669643433,-0.09268653392791748,-0.5393171310424805,-0.13053464381943058,-0.08854049444198608,-0.6204753816127777,-0.15501783280620884,-0.023487210273742676,-0.3327792286872864,-0.06422946839580845,-0.023934602737426758,-0.4835502803325653,-0.09460493414650273,-0.01989161968231201,-0.5807284414768219,-0.12381246178398442,-0.014015138149261475,-0.6746181547641754,-0.1477424004579575,0.030087262392044067,-0.3118373453617096,-0.07262642174015355,0.042006999254226685,-0.4538460373878479,-0.1019653180147202,0.05010908842086792,-0.5425068736076355,-0.12645506351242375,0.05533397197723389,-0.6269319355487823,-0.14591094343910527,0.08066368103027344,-0.26415228843688965,-0.08597378670225453,0.09757190942764282,-0.3664568364620209,-0.11240409552107167,0.10606801509857178,-0.4344613254070282,-0.12625137954006505,0.11110681295394897,-0.5019379258155823,-0.13773156194935154
B,0.0,0.0,0.0,-0.06839177012443542,-0.04399460554122925,-0.05579197169498684,-0.1098683774471283,-0.13014709949493408,-0.09043131531433346,-0.0592995285987854,-0.1993352770805359,-0.11939429254488232,0.006709754467010498,-0.23923242092132568,-0.14898316324905636,-0.08628514409065247,-0.3121578097343445,-0.06704415888742687,-0.09392666816711426,-0.4485529959201813,-0.10700581730560543,-0.09499594569206238,-0.5363486707210541,-0.13901899517730953,-0.09078267216682434,-0.6177786290645599,-0.16409067572311642,-0.02484247088432312,-0.3296830356121063,-0.06814499707178356,-0.02638348937034607,-0.4810027778148651,-0.10022302479700329,-0.022545993328094482,-0.5780497193336487,-0.12998911501125576,-0.01643592119216919,-0.6727420091629028,-0.15422051907734158,0.02938222885131836,-0.30946192145347595,-0.07488631964878323,0.03968009352684021,-0.4510025680065155,-0.10595457763628247,0.046732038259506226,-0.5383560359477997,-0.13122430206493618,0.05149391293525696,-0.6225093007087708,-0.15112933279232266,0.0807533860206604,-0.26251715421676636,-0.08698299289898159,0.09633061289787292,-0.3620169162750244,-0.1148702255006242,0.10450997948646545,-0.4282990097999573,-0.12988191605762722,0.10981294512748718,-0.49517911672592163,-0.14220385016159298
B,0.0,0.0,0.0,-0.06802484393119812,-0.045809030532836914,-0.049896104212564296,-0.11149165034294128,-0.13372600078582764,-0.08121808427171118,-0.06160113215446472,-0.20059245824813843,-0.1079095135887087,0.004470527172088623,-0.2368118166923523,-0.1356921176870287,-0.0878857672214508,-0.3128434419631958,-0.06078005018429167,-0.09842982888221741,-0.447867751121521,-0.09757173615292913,-0.10221347212791443,-0.5337881445884705,-0.1277384589870394,-0.10125398635864258,-0.613225519657135,-0.15182958352164633,-0.027537792921066284,-0.33004245162010193,-0.06378323393659002,-0.03165367245674133,-0.4812665581703186,-0.09278178768948919,-0.030486851930618286,-0.5774295330047607,-0.12126416521863348,-0.0271872878074646,-0.6695034503936768,-0.14487862395839102,0.026361405849456787,-0.30954688787460327,-0.07187754469708807,0.03531995415687561,-0.4511711001396179,-0.0995932574828089,0.04136204719543457,-0.5393201410770416,-0.1242318357785166,0.044685304164886475,-0.6217826902866364,-0.14407981741027243,0.07752475142478943,-0.262132465839386,-0.0848551894982279,0.09252092242240906,-0.36504459381103516,-0.11021304684476263,0.0987071692943573,-0.4341301918029785,-0.12461115228728659,0.10182341933250427,-0.501268059015274,-0.1367592643459261
B,0.0,0.0,0.0,-0.06928831338882446,-0.04468083381652832,-0.047496737704591396,-0.11521866917610168,-0.1314910650253296,-0.07710491658838237,-0.06566756963729858,-0.19589924812316895,-0.10238794775398219,0.0015628337860107422,-0.22838985919952393,-0.1286301145115658,-0.09239345788955688,-0.3126525580883026,-0.05550376118810618,-0.10581377148628235,-0.4450775384902954,-0.08945897014530146,-0.11195245385169983,-0.5286547541618347,-0.1177324408450886,-0.11394062638282776,-0.6055934429168701,-0.14061958880813563,-0.03227540850639343,-0.33101606369018555,-0.05846880914361918,-0.039457768201828,-0.48023921251296997,-0.08551366420181239,-0.040256619453430176,-0.5751151442527771,-0.11220594288499797,-0.03893372416496277,-0.6651827991008759,-0.13435011895091975,0.02195146679878235,-0.31121453642845154,-0.06646247001083339,0.03028598427772522,-0.45185887813568115,-0.09283075274618113,0.035404056310653687,-0.538738340139389,-0.11610082329900706,0.037355124950408936,-0.6199575662612915,-0.13470834286601985,0.07315152883529663,-0.2647624611854553,-0.07912906797321284,0.08667773008346558,-0.3662591874599457,-0.1034119406500622,0.09182646870613098,-0.43391185998916626,-0.11655867637784922,0.09430521726608276,-0.49972599744796753,-0.12757448645027125
B,0.0,0.0,0.0,-0.06738647818565369,-0.04296332597732544,-0.04867839976304822,-0.11450856924057007,-0.1279168725013733,-0.07916250242942624,-0.06718868017196655,-0.19401925802230835,-0.10517165227884107,-0.000444561243057251,-0.22641420364379883,-0.13219308271163754,-0.09306710958480835,-0.30884018540382385,-0.057832592866361665,-0.10510861873626709,-0.4411235451698303,-0.09300434007400327,-0.11005401611328125,-0.5248518288135529,-0.12197201117032819,-0.1109859049320221,-0.602354109287262,-0.14516566111797147,-0.03289631009101868,-0.3275175094604492,-0.06089218123906903,-0.039002954959869385,-0.4781731367111206,-0.08911795332187467,-0.038888245820999146,-0.5738731026649475,-0.11613574042075925,-0.0369049608707428,-0.6657721996307373,-0.13835404231303983,0.021618276834487915,-0.3084135949611664,-0.06903352751487546,0.030161917209625244,-0.44739776849746704,-0.09627365483993344,0.035735905170440674,-0.5344946980476379,-0.11931117787116818,0.03812399506568909,-0.6181759536266327,-0.13770092441791348,0.07256191968917847,-0.2628161907196045,-0.0819840149497395,0.0848250687122345,-0.3620394170284271,-0.10641464754098706,0.09013307094573975,-0.4285745620727539,-0.11889878078454785,0.09314686059951782,-0.4956057071685791,-0.12954532518142514
B,0.0,0.0,0.0,-0.07117065787315369,-0.044674038887023926,-0.042142200540524755,-0.1196470558643341,-0.1360487937927246,-0.0675874569227517,-0.06881436705589294,-0.20120024681091309,-0.08953995935223702,0.00179290771484375,-0.22902566194534302,-0.11323529414437417,-0.09426486492156982,-0.31328946352005005,-0.050298239361268315,-0.10829269886016846,-0.4453465938568115,-0.0817989551236451,-0.11479058861732483,-0.5283557176589966,-0.10798125646613244,-0.11851432919502258,-0.6049530208110809,-0.12975577197573784,-0.03443583846092224,-0.33062970638275146,-0.05509060553811196,-0.039993107318878174,-0.4802360534667969,-0.08031613312266472,-0.04018592834472656,-0.5740491151809692,-0.10521318696044091,-0.039884209632873535,-0.6611348092556,-0.12617138705752495,0.01884976029396057,-0.3107631802558899,-0.06465397707722786,0.027599960565567017,-0.4514771103858948,-0.0900488638093293,0.03233858942985535,-0.5385343730449677,-0.11338151923916939,0.03324413299560547,-0.6197908520698547,-0.13202779672644738,0.06785938143730164,-0.26475054025650024,-0.0783688791801751,0.08013752102851868,-0.3676953911781311,-0.10308898917935494,0.08456152677536011,-0.43695616722106934,-0.11720789156458977,0.08663156628608704,-0.5044385194778442,-0.12889466367266778
B,0.0,0.0,0.0,-0.07263949513435364,-0.04576629400253296,-0.04148709094192782,-0.12216964364051819,-0.1381744146347046,-0.06716303965117731,-0.07388624548912048,-0.20416629314422607,-0.08963634511496821,-0.004418909549713135,-0.23076200485229492,-0.1139496757652978,-0.09446245431900024,-0.3184530735015869,-0.05031851371791163,-0.10646027326583862,-0.45021963119506836,-0.08316380968358317,-0.11320796608924866,-0.5333799123764038,-0.11060955813195505,-0.11787654459476471,-0.6109001934528351,-0.13341375878121653,-0.0352516770362854,-0.334194540977478,-0.056257747766039756,-0.04071149230003357,-0.4814576506614685,-0.0834711014297227,-0.04165896773338318,-0.5741218030452728,-0.10943486979272166,-0.04222315549850464,-0.662895917892456,-0.13095165481831827,0.017007291316986084,-0.31289803981781006,-0.06698295166756907,0.025990307331085205,-0.4506242275238037,-0.09430422326590815,0.031045496463775635,-0.5373973250389099,-0.1184500499632577,0.03214755654335022,-0.6208119988441467,-0.13747670939233103,0.06474301218986511,-0.2654578685760498,-0.08180135926272669,0.07672715187072754,-0.36580878496170044,-0.10806867918040552,0.08091133832931519,-0.4338136911392212,-0.12287434628274241,0.08246302604675293,-0.5021562576293945,-0.13501135697629252
B,0.0,0.0,0.0,-0.07202321290969849,-0.04715752601623535,-0.04009483883419307,-0.12529736757278442,-0.13660579919815063,-0.06595821807422908,-0.08618098497390747,-0.20423036813735962,-0.08897341916599544,-0.01696830987930298,-0.2287505865097046,-0.11360489705839427,-0.09546178579330444,-0.3160334825515747,-0.04875487962999614,-0.10784545540809631,-0.44630831480026245,-0.08026007691660197,-0.11698511242866516,-0.5269186496734619,-0.10699718574323924,-0.12515532970428467,-0.6023404598236084,-0.12949399033823283,-0.03831815719604492,-0.32961034774780273,-0.055199717528012116,-0.04312482476234436,-0.4763404428958893,-0.08118931332865031,-0.045800626277923584,-0.56680628657341,-0.10665001103916438,-0.04906389117240906,-0.6535666584968567,-0.1279173580769566,0.012784898281097412,-0.3076925575733185,-0.06623304764070781,0.020591557025909424,-0.44386351108551025,-0.09162186960020335,0.02433401346206665,-0.5311252474784851,-0.11563820520677837,0.023719996213912964,-0.6133900880813599,-0.13490798453130992,0.06007117033004761,-0.26023268699645996,-0.08135419467726024,0.0723402202129364,-0.3612254858016968,-0.1053970469001797,0.07571834325790405,-0.43151146173477173,-0.12005720416345866,0.07610765099525452,-0.49954789876937866,-0.13251254836359294
B,0.0,0.0,0.0,-0.06930246949195862,-0.04656761884689331,-0.04026523173087071,-0.12238547205924988,-0.1289336085319519,-0.06908165976636838,-0.0936276912689209,-0.19843614101409912,-0.09501054451101254,-0.026608437299728394,-0.22688806056976318,-0.12222770169609021,-0.09372687339782715,-0.3132398724555969,-0.053156740369729505,-0.10644105076789856,-0.44527995586395264,-0.08754537567727994,-0.11648598313331604,-0.5250656604766846,-0.11532715276115368,-0.12565448880195618,-0.5993318557739258,-0.1380959184490962,-0.037060707807540894,-0.3252898156642914,-0.06133018374674748,-0.04187589883804321,-0.4747339189052582,-0.09067008957498501,-0.04554188251495361,-0.5659438669681549,-0.11744825110071133,-0.051088422536849976,-0.6523168385028839,-0.13912979081504773,0.013696044683456421,-0.3016791045665741,-0.07391298130386303,0.021347463130950928,-0.44075149297714233,-0.10319014951818417,0.024379611015319824,-0.5279984176158905,-0.1279524298035426,0.021831989288330078,-0.6102249920368195,-0.14716135278575848,0.05980747938156128,-0.2520132064819336,-0.09024738088481854,0.07234394550323486,-0.3534835875034332,-0.11806916758649777,0.07630208134651184,-0.4234997034072876,-0.13369006231658886,0.07560276985168457,-0.4920072555541992,-0.14623289123409222
B,0.0,0.0,0.0,-0.0669158399105072,-0.044884324073791504,-0.03905915389287884,-0.12177231907844543,-0.121726393699646,-0.06953054586875851,-0.11113858222961426,-0.18943560123443604,-0.09751528421867306,-0.04899740219116211,-0.21930146217346191,-0.12637022803056652,-0.0913645327091217,-0.31796807050704956,-0.052691294946555445,-0.10623979568481445,-0.4487537741661072,-0.08787950793731625,-0.11816425621509552,-0.5272864103317261,-0.11629091123569424,-0.12919819355010986,-0.6004778444766998,-0.13932578931081707,-0.03787839412689209,-0.32678234577178955,-0.06237482199895794,-0.04536864161491394,-0.4738757014274597,-0.09366770754087383,-0.05143401026725769,-0.5646442770957947,-0.12078875968683178,-0.05966511368751526,-0.6504885852336884,-0.14202188620794232,0.011824876070022583,-0.30007073283195496,-0.0763461581848901,0.016263723373413086,-0.4392154812812805,-0.10770245561826641,0.01778256893157959,-0.5269501805305481,-0.13166960249174053,0.013718336820602417,-0.6093145310878754,-0.14951751301515515,0.05648157000541687,-0.24634593725204468,-0.09383572558391506,0.06507402658462524,-0.3511485457420349,-0.12272272924411709,0.06869828701019287,-0.4217292070388794,-0.1374118096612733,0.06806692481040955,-0.4898614287376404,-0.1486127294086259
B,0.0,0.0,0.0,-0.06688454747200012,-0.044822871685028076,-0.038032944684118775,-0.12210847437381744,-0.1213570237159729,-0.06828215289601758,-0.11266753077507019,-0.18598616123199463,-0.09636103678235486,-0.0512126088142395,-0.20963263511657715,-0.1259387614179559,-0.08603733777999878,-0.31633010506629944,-0.05388387981543019,-0.09770405292510986,-0.4461383521556854,-0.08949240613469556,-0.10756561160087585,-0.5259740352630615,-0.11852234918364957,-0.11596587300300598,-0.6006185412406921,-0.14228542465457394,-0.03380730748176575,-0.32242339849472046,-0.06418998110780194,-0.03889185190200806,-0.4685485064983368,-0.0962839009214349,-0.04356876015663147,-0.5603985786437988,-0.12453166711816266,-0.04971039295196533,-0.6484320163726807,-0.147031951134295,0.014512598514556885,-0.2939925789833069,-0.07844779211768582,0.02263900637626648,-0.4343685507774353,-0.1103539871025987,0.02495899796485901,-0.5217555165290833,-0.13496490139255002,0.021221131086349487,-0.6034739911556244,-0.15352994519957974,0.05824542045593262,-0.23894542455673218,-0.09609464127311185,0.06921267509460449,-0.34408801794052124,-0.1256771864343591,0.07324987649917603,-0.41538336873054504,-0.14105139989146664,0.07290679216384888,-0.4844953417778015,-0.15297040659675076
B,0.0,0.0,0.0,-0.06508901715278625,-0.0441204309463501,-0.03532816360700508,-0.1192246675491333,-0.12147027254104614,-0.06395511965263267,-0.11219415068626404,-0.18947172164916992,-0.09076854477632423,-0.05404871702194214,-0.2186046838760376,-0.11897177885282417,-0.08454954624176025,-0.3170294463634491,-0.05028448517430206,-0.09711039066314697,-0.44610899686813354,-0.0845166508387365,-0.10674062371253967,-0.5231709778308868,-0.11212640891778847,-0.11506795883178711,-0.5957862138748169,-0.1346335549186506,-0.03264260292053223,-0.3244614601135254,-0.06133478025901695,-0.037783145904541016,-0.47240149974823,-0.09229776899326225,-0.042305588722229004,-0.563467800617218,-0.11947844068515678,-0.04936370253562927,-0.64972323179245,-0.14081466088998695,0.014907240867614746,-0.29692453145980835,-0.07622562239873787,0.021100521087646484,-0.4361886978149414,-0.10736822973001381,0.022892266511917114,-0.5240973830223083,-0.13196803520429512,0.01844075322151184,-0.6069114804267883,-0.150425164801959,0.057354480028152466,-0.24261760711669922,-0.0941943291853704,0.06819507479667664,-0.34619998931884766,-0.12343298534858604,0.07224079966545105,-0.4171132445335388,-0.1392358530591764,0.07163503766059875,-0.486417680978775,-0.15137670825231453
B,0.0,0.0,0.0,-0.0657731294631958,-0.0435563325881958,-0.03515791281370184,-0.12232822179794312,-0.12124288082122803,-0.0639096884360697,-0.11785034835338593,-0.19246649742126465,-0.09082880004552862,-0.059477537870407104,-0.22237980365753174,-0.11908551438955328,-0.08414039015769958,-0.31518498063087463,-0.05065791442302725,-0.09650871157646179,-0.4425956606864929,-0.0849111093511965,-0.10772538185119629,-0.5178210139274597,-0.11239226295856497,-0.11708730459213257,-0.5886759757995605,-0.13487992569116614,-0.03444415330886841,-0.3217807412147522,-0.06145878642109892,-0.03906655311584473,-0.46737396717071533,-0.09256630524305365,-0.04341408610343933,-0.55653977394104,-0.11926651879457495,-0.049265146255493164,-0.6407845616340637,-0.14039727433828375,0.011126309633255005,-0.29434072971343994,-0.07615529134181998,0.01834622025489807,-0.4321354031562805,-0.10749463870433829,0.020372986793518066,-0.5195551216602325,-0.1320210634103205,0.016954362392425537,-0.6017931401729584,-0.15049406274465582,0.05208951234817505,-0.24075967073440552,-0.09392151369956991,0.06311920285224915,-0.344272643327713,-0.1233676312795069,0.06716945767402649,-0.4152991771697998,-0.13966753467229864,0.06739866733551025,-0.4840024709701538,-0.15227639063505194
B,0.0,0.0,0.0,-0.06492790579795837,-0.044721007347106934,-0.0337952383719653,-0.11887606978416443,-0.12533295154571533,-0.061828111197826274,-0.11319917440414429,-0.1973651647567749,-0.08828931012379826,-0.056537628173828125,-0.227216899394989,-0.11645769038426579,-0.08202487230300903,-0.31735512614250183,-0.05066150509941281,-0.09460639953613281,-0.4444778561592102,-0.08558281221615971,-0.10642257332801819,-0.518926739692688,-0.11360391684996785,-0.11732985079288483,-0.5891886949539185,-0.1361877740286559,-0.03220328688621521,-0.32204049825668335,-0.0622090370320052,-0.03650319576263428,-0.46839913725852966,-0.09373650410401524,-0.0419083833694458,-0.5581639111042023,-0.12132906624304951,-0.04922732710838318,-0.642972320318222,-0.14293716558444203,0.012937486171722412,-0.292818546295166,-0.07735088923203648,0.019883304834365845,-0.430280864238739,-0.10876347580182255,0.020643144845962524,-0.5169423222541809,-0.13372049936282338,0.015918314456939697,-0.5984054207801819,-0.15238646873461903,0.05264854431152344,-0.23790371417999268,-0.09539677658307255,0.06423908472061157,-0.3409348130226135,-0.12478595682608784,0.06816411018371582,-0.411694198846817,-0.14109508403765858,0.06827667355537415,-0.48026716709136963,-0.15359912523257435
B,0.0,0.0,0.0,-0.0641915500164032,-0.044643282890319824,-0.03198017771734385,-0.11833098530769348,-0.12419599294662476,-0.05879710461391596,-0.11798816919326782,-0.19580644369125366,-0.08460055510892062,-0.06434470415115356,-0.22719144821166992,-0.11183667402161745,-0.08003425598144531,-0.317426472902298,-0.045276431696549935,-0.09279152750968933,-0.4434139132499695,-0.07866109381808428,-0.10567998886108398,-0.517436683177948,-0.10576182078017382,-0.11728349328041077,-0.586632251739502,-0.12780254553450732,-0.032986730337142944,-0.32208332419395447,-0.05737734432710795,-0.0364859402179718,-0.4662613868713379,-0.08806304107798724,-0.041794657707214355,-0.5555362105369568,-0.11489663492335467,-0.048405617475509644,-0.63847616314888,-0.1359556413759151,0.010192245244979858,-0.2942346930503845,-0.07332270066632418,0.018107295036315918,-0.43051379919052124,-0.10387332956685214,0.01942548155784607,-0.5180231034755707,-0.12825631569518237,0.015749692916870117,-0.5994900763034821,-0.1466457642187038,0.0483306348323822,-0.24124997854232788,-0.09216099451674609,0.05898362398147583,-0.34435009956359863,-0.12038387577428011,0.06208029389381409,-0.4161890149116516,-0.13646976123942522,0.06171718239784241,-0.4854332506656647,-0.14908322166098742
B,0.0,0.0,0.0,-0.06687489151954651,-0.05061602592468262,-0.031116842618700957,-0.1166050136089325,-0.13183718919754028,-0.057772568753478026,-0.11875829100608826,-0.2053632140159607,-0.08400646164130876,-0.06911978125572205,-0.23472493886947632,-0.11159517183017442,-0.07432040572166443,-0.31900036334991455,-0.04065278484534929,-0.07945194840431213,-0.4416957199573517,-0.0731801496357889,-0.08829066157341003,-0.5170541703701019,-0.10117285265636156,-0.0955808162689209,-0.5876036882400513,-0.12422506823253343,-0.030255109071731567,-0.3225541412830353,-0.053040384641406035,-0.03172844648361206,-0.4641203284263611,-0.08316628946971605,-0.03555062413215637,-0.5542898774147034,-0.11077054156970689,-0.04060173034667969,-0.6389468312263489,-0.13275669827174852,0.010662257671356201,-0.29523342847824097,-0.06930692805957506,0.0187302827835083,-0.42987188696861267,-0.09836854352664659,0.021697282791137695,-0.5164419412612915,-0.1224776463122339,0.019387900829315186,-0.5957006514072418,-0.14104715301704118,0.04777112603187561,-0.24298548698425293,-0.08873371346902559,0.0588439404964447,-0.3463697135448456,-0.11467825188350389,0.061319977045059204,-0.41814661026000977,-0.1303048910112352,0.05983045697212219,-0.4857507348060608,-0.14308806075763414
B,0.0,0.0,0.0,-0.06598007678985596,-0.0502697229385376,-0.029940236179697877,-0.1141974925994873,-0.13458675146102905,-0.05579297412799633,-0.1175595074892044,-0.20895463228225708,-0.081470185710657,-0.07070490717887878,-0.24086958169937134,-0.10817278344796932,-0.07093015313148499,-0.321942538022995,-0.038691228075492745,-0.0755150318145752,-0.44403958320617676,-0.07064522971080578,-0.08401989936828613,-0.5185932517051697,-0.09793619979785717,-0.09142673015594482,-0.5879708826541901,-0.1201299147741679,-0.029054760932922363,-0.3243257999420166,-0.05126423556970394,-0.030083537101745605,-0.46633923053741455,-0.08073090185092724,-0.033651888370513916,-0.5568965077400208,-0.10703373123573101,-0.03811630606651306,-0.6397862434387207,-0.12782585044072903,0.009973645210266113,-0.2963044047355652,-0.06776679475473202,0.01990148425102234,-0.43310102820396423,-0.09627057780193127,0.023770630359649658,-0.5201883912086487,-0.11928273905681408,0.02241337299346924,-0.5989983677864075,-0.13692952115701473,0.04505610466003418,-0.2433009147644043,-0.08737161923812664,0.05852416157722473,-0.34833279252052307,-0.11287906189130581,0.06230205297470093,-0.42079898715019226,-0.1280327530639056,0.061717092990875244,-0.4880579710006714,-0.14026894588636196
B,0.0,0.0,0.0,-0.06605488061904907,-0.05514538288116455,-0.030012953654477315,-0.11069124937057495,-0.14303576946258545,-0.05491899475509854,-0.11682344973087311,-0.2176605463027954,-0.0799430251126978,-0.07523167133331299,-0.25960636138916016,-0.10548702776486607,-0.061846017837524414,-0.3253953158855438,-0.033163578808853345,-0.06288900971412659,-0.4474998712539673,-0.06428572684581013,-0.06958681344985962,-0.5230749845504761,-0.09129300117547245,-0.0746825635433197,-0.5925239324569702,-0.11306682378108235,-0.022713065147399902,-0.327875554561615,-0.04460283890421124,-0.020262956619262695,-0.46695423126220703,-0.0733982190495226,-0.02291184663772583,-0.5560437440872192,-0.09990380853469105,-0.02599620819091797,-0.638106644153595,-0.12088357806260319,0.012464553117752075,-0.3006278872489929,-0.060405527800867276,0.025637060403823853,-0.43439149856567383,-0.08803033232743473,0.030111581087112427,-0.5198273062705994,-0.11109099686200352,0.029547691345214844,-0.5964280068874359,-0.128893697262356,0.04332876205444336,-0.248643159866333,-0.07946353554780217,0.058733195066452026,-0.35018521547317505,-0.10400077849681111,0.06122443079948425,-0.4225159287452698,-0.11986986696774693,0.058806270360946655,-0.4896154999732971,-0.13282749950940342
B,0.0,0.0,0.0,-0.06668487191200256,-0.05888676643371582,-0.027812241662104498,-0.10926520824432373,-0.1504722237586975,-0.051154905084331403,-0.11374983191490173,-0.2256309986114502,-0.07513165575619496,-0.0721442699432373,-0.26695889234542847,-0.09974088621493138,-0.055787622928619385,-0.32913750410079956,-0.027750392529924284,-0.05379793047904968,-0.44861045479774475,-0.05736729604359425,-0.05738624930381775,-0.5240733921527863,-0.08423488688822545,-0.05890035629272461,-0.5929128527641296,-0.10576268387194432,-0.0174444317817688,-0.3282250463962555,-0.03946900096889294,-0.012848436832427979,-0.4628821015357971,-0.06635253233071126,-0.015665382146835327,-0.552304744720459,-0.09274550629015721,-0.017347723245620728,-0.634038120508194,-0.11396180940027989,0.016359031200408936,-0.29947733879089355,-0.05549964410420216,0.030807703733444214,-0.42962267994880676,-0.0809102739131049,0.032932400703430176,-0.5160653591156006,-0.1033862317835883,0.03192529082298279,-0.5923503339290619,-0.12123765153046406,0.04526492953300476,-0.24656838178634644,-0.07476296377535618,0.05998542904853821,-0.3476102352142334,-0.09766530347224034,0.060344815254211426,-0.41966813802719116,-0.1124223331844405,0.05574387311935425,-0.4848463535308838,-0.12467405301686085
B,0.0,0.0,0.0,-0.06583034992218018,-0.061842501163482666,-0.024642978750534894,-0.10506540536880493,-0.15600156784057617,-0.0462617547739228,-0.10947299003601074,-0.23114323616027832,-0.06922181784398163,-0.06904822587966919,-0.26927924156188965,-0.09299688874966705,-0.04834052920341492,-0.33160150051116943,-0.02351912199742401,-0.04647907614707947,-0.4488377273082733,-0.0515023106265744,-0.05130377411842346,-0.5232706367969513,-0.07730142860896194,-0.05464181303977966,-0.5910209715366364,-0.09843514948374832,-0.01163017749786377,-0.33050182461738586,-0.03691832064873779,-0.006954073905944824,-0.4649016857147217,-0.06306237071044052,-0.009784519672393799,-0.5547927021980286,-0.0890880981016835,-0.011996924877166748,-0.6371018588542938,-0.11010862230546081,0.020542293787002563,-0.29995131492614746,-0.05451843603736961,0.03541141748428345,-0.43217480182647705,-0.0799035066295346,0.03824424743652344,-0.5193106532096863,-0.10293741612917984,0.03785911202430725,-0.5959616601467133,-0.12109510689265335,0.0469018816947937,-0.24521219730377197,-0.07502343594319427,0.06016731262207031,-0.34801536798477173,-0.09846009402758682,0.059504419565200806,-0.4215194582939148,-0.11414890825039947,0.05479228496551514,-0.48814186453819275,-0.12705185353047455
B,0.0,0.0,0.0,-0.06872889399528503,-0.06271928548812866,-0.02264340905205131,-0.10790535807609558,-0.1579962968826294,-0.0417710517878902,-0.11268272995948792,-0.23552513122558594,-0.06304779028252483,-0.07195913791656494,-0.27183717489242554,-0.08483585839823604,-0.04784834384918213,-0.3347618579864502,-0.011887817957557445,-0.042540013790130615,-0.4494415521621704,-0.03543340911821247,-0.04490375518798828,-0.5229088366031647,-0.05930682023719669,-0.046019792556762695,-0.5888559818267822,-0.07916300868348003,-0.01243552565574646,-0.33545783162117004,-0.025133953743733173,-0.005378633737564087,-0.4668542146682739,-0.04600795482949138,-0.00806283950805664,-0.5545324385166168,-0.06920210396603466,-0.010165601968765259,-0.6345950663089752,-0.0884813604290855,0.018642336130142212,-0.30847182869911194,-0.04313550268963695,0.03457805514335632,-0.43811124563217163,-0.06352031355456234,0.03656306862831116,-0.5241653323173523,-0.08362817888811946,0.0354560911655426,-0.5989706516265869,-0.10027919089154125,0.04382708668708801,-0.25718486309051514,-0.06439008688286663,0.05678722262382507,-0.36085984110832214,-0.08317938571528316,0.05765289068222046,-0.4320578873157501,-0.09547367071465374,0.05399024486541748,-0.49542009830474854,-0.1062021416957748
B,0.0,0.0,0.0,-0.06860595941543579,-0.06637400388717651,-0.018118147948115393,-0.1066887378692627,-0.16732269525527954,-0.0334445026007586,-0.11066761612892151,-0.24494028091430664,-0.05222634712728791,-0.07034045457839966,-0.2789781093597412,-0.0718707379189425,-0.044856488704681396,-0.3363356292247772,-0.0021784386833303415,-0.040389448404312134,-0.44744962453842163,-0.023490592115848585,-0.04232454299926758,-0.5195212960243225,-0.046577771404116675,-0.04270264506340027,-0.5849740207195282,-0.06623904521140389,-0.01062425971031189,-0.33865591883659363,-0.01764646100374989,-0.003142625093460083,-0.4687771797180176,-0.036867172667115256,-0.00382879376411438,-0.5558061003684998,-0.0593175936726027,-0.0034612417221069336,-0.6359563767910004,-0.07802274937304787,0.0193406343460083,-0.3127671182155609,-0.03811210880550675,0.03409624099731445,-0.44226741790771484,-0.05735435823473267,0.03672417998313904,-0.5267531275749207,-0.07640845442685418,0.03697603940963745,-0.6009191572666168,-0.09219365681084923,0.043428122997283936,-0.2632436156272888,-0.06175237635645203,0.05535134673118591,-0.3682703375816345,-0.07909788305434517,0.056973278522491455,-0.4400886297225952,-0.09031516427668862,0.05502897500991821,-0.5046486556529999,-0.10046320522698693
B,0.0,0.0,0.0,-0.07205113768577576,-0.06920981407165527,-0.019777731975608503,-0.11130452156066895,-0.16881626844406128,-0.03666232340603415,-0.11873799562454224,-0.24794501066207886,-0.05689053051739279,-0.0778610110282898,-0.2817910313606262,-0.07779921778111998,-0.048797398805618286,-0.3354777693748474,-0.0026951301899487135,-0.046471625566482544,-0.4462299346923828,-0.02404649742513243,-0.04955333471298218,-0.5173299908638,-0.04739527963667456,-0.05087703466415405,-0.5826732516288757,-0.06744326092868391,-0.014600187540054321,-0.3379446268081665,-0.01761472412019316,-0.008030712604522705,-0.46881985664367676,-0.03697177954583708,-0.0094241201877594,-0.5551632642745972,-0.060026394208961165,-0.009551137685775757,-0.6367249190807343,-0.07945308276086394,0.015355348587036133,-0.31197506189346313,-0.03771052696376387,0.02970951795578003,-0.4421759843826294,-0.05739099346666876,0.03169125318527222,-0.5278618931770325,-0.07756603696017805,0.031709104776382446,-0.6030046939849854,-0.0942387003508145,0.038960427045822144,-0.262798011302948,-0.061050424357944166,0.04964357614517212,-0.37037530541419983,-0.07868496515422407,0.05048498511314392,-0.4431171715259552,-0.09055257775455061,0.048189014196395874,-0.5078893005847931,-0.10136287101178709
B,0.0,0.0,0.0,-0.06726038455963135,-0.062179625034332275,-0.02262617427754776,-0.1089266836643219,-0.16165435314178467,-0.04077476601946728,-0.11427173018455505,-0.2391798496246338,-0.061209831050518915,-0.07224684953689575,-0.270702600479126,-0.08243416216123478,-0.04958665370941162,-0.3304731547832489,-0.012832639402631685,-0.04850363731384277,-0.44520318508148193,-0.03604216094959156,-0.05184745788574219,-0.5170192718505859,-0.059641353449706,-0.05354693531990051,-0.5837371349334717,-0.07988621260869877,-0.013570576906204224,-0.3330959379673004,-0.02642668377507107,-0.008988708257675171,-0.4664267897605896,-0.04798480089652912,-0.009056687355041504,-0.5537683367729187,-0.07161375846612827,-0.007663756608963013,-0.6339620649814606,-0.09132958914983647,0.017893880605697632,-0.3057636320590973,-0.04470939155567066,0.028908640146255493,-0.43616777658462524,-0.06566660072553532,0.032147347927093506,-0.5217193365097046,-0.08632863279331104,0.03409576416015625,-0.5960712730884552,-0.1032931130741872,0.04385349154472351,-0.2555980086326599,-0.06627596881139652,0.05143129825592041,-0.36169785261154175,-0.08454099263894932,0.05079880356788635,-0.4332720935344696,-0.0969735604141988,0.04789412021636963,-0.4962400794029236,-0.10828955437887089
B,0.0,0.0,0.0,-0.06757190823554993,-0.06601196527481079,-0.02162519071737279,-0.10644125938415527,-0.16183698177337646,-0.041087109339628114,-0.11170703172683716,-0.23952710628509521,-0.06289929871002187,-0.0695781409740448,-0.2744351625442505,-0.08537307356039037,-0.04764258861541748,-0.3305988311767578,-0.01375969287494172,-0.04612591862678528,-0.44456952810287476,-0.03764515344539632,-0.05054786801338196,-0.5161095857620239,-0.06195571620503415,-0.05338957905769348,-0.5827874839305878,-0.08277938489356984,-0.012348562479019165,-0.3328692615032196,-0.028024831530842675,-0.006955534219741821,-0.46689656376838684,-0.04996512059608449,-0.008473426103591919,-0.5546140670776367,-0.07451282416025151,-0.009268611669540405,-0.6362777650356293,-0.09508874241748799,0.018828123807907104,-0.3048277497291565,-0.04660231594482411,0.03180509805679321,-0.4361428916454315,-0.06739394341150273,0.03589904308319092,-0.5227135121822357,-0.0888217312518691,0.037742286920547485,-0.598886102437973,-0.10666520122924794,0.04435652494430542,-0.25238633155822754,-0.06826629464069356,0.05522054433822632,-0.35470297932624817,-0.0869325396839713,0.054742634296417236,-0.4271308481693268,-0.10034672890344609,0.05142053961753845,-0.492170512676239,-0.1124399152819251
B,0.0,0.0,0.0,-0.06406015157699585,-0.05379664897918701,-0.032793032192614646,-0.11134713888168335,-0.14386588335037231,-0.05992188882174787,-0.10706162452697754,-0.2171822190284729,-0.08626250382604894,-0.05571848154067993,-0.2517154812812805,-0.11340576615276632,-0.058883607387542725,-0.32112550735473633,-0.044167345576909156,-0.06711351871490479,-0.447333961725235,-0.07818365302028951,-0.07610839605331421,-0.5238210558891296,-0.10566424038353261,-0.08222860097885132,-0.5942321419715881,-0.1278396343821555,-0.013760000467300415,-0.3192724585533142,-0.055544128828671546,-0.016993552446365356,-0.462999165058136,-0.08777851071300802,-0.01988425850868225,-0.5539706647396088,-0.11515651848259267,-0.022237777709960938,-0.6394422352313995,-0.1362927502030402,0.027304410934448242,-0.2870197296142578,-0.07094273176136312,0.03408011794090271,-0.42568039894104004,-0.10219115968885717,0.03727126121520996,-0.5128389000892639,-0.12582246419134435,0.03675919771194458,-0.5939793884754181,-0.14345211740675268,0.06430912017822266,-0.23188912868499756,-0.08944327589216527,0.07343214750289917,-0.3358054757118225,-0.11787891592922506,0.07400912046432495,-0.408555269241333,-0.13408325072470006,0.07063034176826477,-0.4783759117126465,-0.14664664324465093
B,0.0,0.0,0.0,-0.0638626217842102,-0.0493353009223938,-0.03456262164908708,-0.11189815402030945,-0.13473069667816162,-0.059966691221774227,-0.0939936637878418,-0.2065991759300232,-0.08373504542905152,-0.03731626272201538,-0.23402798175811768,-0.10810812973576844,-0.07068032026290894,-0.3146645426750183,-0.04206321054297746,-0.0865827202796936,-0.44069358706474304,-0.07219231539565385,-0.09781897068023682,-0.516080230474472,-0.09700014108020127,-0.10548025369644165,-0.5866090953350067,-0.11761355810958207,-0.02015671133995056,-0.32195016741752625,-0.05122698509293855,-0.02986648678779602,-0.46455061435699463,-0.07827187740403474,-0.03485563397407532,-0.5536829233169556,-0.10275929087001145,-0.03885415196418762,-0.6371170878410339,-0.12218673938113511,0.026786208152770996,-0.2953105568885803,-0.0646112527807361,0.029618769884109497,-0.4318523406982422,-0.09169181847173036,0.030769407749176025,-0.5168344378471375,-0.11374252700406373,0.02839505672454834,-0.5954503118991852,-0.13059767001468003,0.06948494911193848,-0.2439771294593811,-0.08140150123435319,0.07454311847686768,-0.34569376707077026,-0.10628126972514451,0.0751086175441742,-0.41509443521499634,-0.12026311122971833,0.0733063817024231,-0.4812416434288025,-0.1313347559531337
B,0.0,0.0,0.0,-0.06498333811759949,-0.05086261034011841,-0.03641419263345824,-0.11394321918487549,-0.1353878378868103,-0.06418858619196044,-0.09278017282485962,-0.20431339740753174,-0.09007855655414687,-0.031168192625045776,-0.2262553572654724,-0.11713273973924743,-0.07308965921401978,-0.31307142972946167,-0.04894163610202895,-0.08857342600822449,-0.4400483965873718,-0.08263585867149459,-0.10078895092010498,-0.515576183795929,-0.11003305913669692,-0.1101224422454834,-0.586860328912735,-0.13222196848852263,-0.02168738842010498,-0.31964534521102905,-0.058361263589688406,-0.030129671096801758,-0.4642915725708008,-0.08867697568399535,-0.035432249307632446,-0.5542892813682556,-0.11560795606834517,-0.04033583402633667,-0.6395847797393799,-0.13665188999635802,0.025716722011566162,-0.292106568813324,-0.07173260452015029,0.031341373920440674,-0.42916274070739746,-0.10114756377203094,0.03368794918060303,-0.5153083503246307,-0.12480475159151183,0.03151261806488037,-0.5954944789409637,-0.1425544336603366,0.06929248571395874,-0.2395663857460022,-0.08853266538841353,0.07865250110626221,-0.34109365940093994,-0.11477962286932097,0.08087161183357239,-0.4103986620903015,-0.12894423456651793,0.07914555072784424,-0.47650468349456787,-0.1401292845771991
B,0.0,0.0,0.0,-0.06717729568481445,-0.05524706840515137,-0.03951461237704734,-0.11085665225982666,-0.13993161916732788,-0.06987544891273956,-0.0721510648727417,-0.19921475648880005,-0.09787857529556732,-0.006534367799758911,-0.2225932478904724,-0.12780866023933868,-0.07557931542396545,-0.30683737993240356,-0.05691152435576896,-0.09170544147491455,-0.4366453289985657,-0.09331148859894256,-0.10248023271560669,-0.5156204104423523,-0.1222812905613182,-0.10964643955230713,-0.5903626084327698,-0.14583525058662872,-0.020158588886260986,-0.31491923332214355,-0.06607903537189941,-0.028361797332763672,-0.46024471521377563,-0.09943215546047668,-0.03426933288574219,-0.5519073903560638,-0.1297251730862854,-0.040643125772476196,-0.640794575214386,-0.15360791978275756,0.029862940311431885,-0.2878530025482178,-0.07901145514881591,0.03783819079399109,-0.42599794268608093,-0.11176813390886764,0.03886127471923828,-0.5149350166320801,-0.1394612043801544,0.03465491533279419,-0.5994297564029694,-0.16029064354336242,0.07632020115852356,-0.2357824444770813,-0.095230594247937,0.0888996422290802,-0.3363395929336548,-0.1254323273602722,0.0917195975780487,-0.4053943455219269,-0.14245405790245513,0.08974361419677734,-0.47236722707748413,-0.15575315055286865
B,0.0,0.0,0.0,-0.06537100672721863,-0.054561734199523926,-0.038988439244803885,-0.10856989026069641,-0.13799089193344116,-0.0680970753260226,-0.06521090865135193,-0.19209504127502441,-0.09455551008659313,0.003115326166152954,-0.21003133058547974,-0.12264568905311535,-0.07534798979759216,-0.30701255798339844,-0.054240135354575614,-0.08976879715919495,-0.4334968030452728,-0.08873074303346584,-0.09798011183738708,-0.511486142873764,-0.11655603150802563,-0.10249605774879456,-0.5854469835758209,-0.13946579943376491,-0.01852881908416748,-0.31584805250167847,-0.06262555520015667,-0.027746856212615967,-0.4588364362716675,-0.09319428156095455,-0.03256809711456299,-0.5491980314254761,-0.12100300739484737,-0.03706705570220947,-0.6359035968780518,-0.1430724764891238,0.032715678215026855,-0.2878109812736511,-0.07480663607793758,0.04022425413131714,-0.4239571690559387,-0.10523874114232967,0.04211416840553284,-0.5112073421478271,-0.12993604491430233,0.03944018483161926,-0.5949501991271973,-0.1486998404093356,0.08012330532073975,-0.23387432098388672,-0.09037071268039654,0.0944763720035553,-0.32946252822875977,-0.11915021936374615,0.09962683916091919,-0.3958311080932617,-0.1337207461424441,0.1006411612033844,-0.4617144465446472,-0.1449420357771487
B,0.0,0.0,0.0,-0.06582692265510559,-0.05153298377990723,-0.04016010791139024,-0.11052674055099487,-0.13300055265426636,-0.06987087011412996,-0.06732070446014404,-0.18421649932861328,-0.0965283545859279,0.0010988116264343262,-0.20174169540405273,-0.12503329247311967,-0.077172189950943,-0.2995944619178772,-0.05747258246020692,-0.09198448061943054,-0.4268333315849304,-0.09227583885268587,-0.10035911202430725,-0.5046350955963135,-0.11984001427964586,-0.10517260432243347,-0.5782906413078308,-0.1424921932824077,-0.019090086221694946,-0.30931925773620605,-0.06498856425361055,-0.02565339207649231,-0.45334285497665405,-0.09489851027802843,-0.02963116765022278,-0.5424464046955109,-0.12232541620807069,-0.03382566571235657,-0.6282767653465271,-0.14455700248555559,0.03239193558692932,-0.2822861075401306,-0.07631921351031679,0.04120352864265442,-0.42018356919288635,-0.10617782503442186,0.04294133186340332,-0.5069118738174438,-0.13165739506558793,0.03979998826980591,-0.5892052948474884,-0.15138532549218553,0.0793885588645935,-0.22951287031173706,-0.0910107451684894,0.09551498293876648,-0.3253328800201416,-0.11961736112908739,0.10084617137908936,-0.3919530212879181,-0.13533155947999376,0.10136833786964417,-0.4575939178466797,-0.1477497103817882
B,0.0,0.0,0.0,-0.06442323327064514,-0.05384361743927002,-0.0393651637249377,-0.10643824934959412,-0.13528621196746826,-0.06805403037003543,-0.06182268261909485,-0.18390917778015137,-0.09371162457398441,0.006136387586593628,-0.19968092441558838,-0.12126879645518329,-0.07189536094665527,-0.297898530960083,-0.054908341448822284,-0.0856587290763855,-0.4211651682853699,-0.08881174279383686,-0.09322506189346313,-0.49730002880096436,-0.11600743485621479,-0.09726950526237488,-0.5693094730377197,-0.1382142479532149,-0.013802409172058105,-0.30815643072128296,-0.061922608595409656,-0.01964467763900757,-0.44950199127197266,-0.0902878741734412,-0.022849619388580322,-0.5369371771812439,-0.11668722582987812,-0.026363283395767212,-0.6205888092517853,-0.13819837821654346,0.037482261657714844,-0.28152239322662354,-0.07273810608319309,0.047996193170547485,-0.414838045835495,-0.10094204796484973,0.05081212520599365,-0.5004835724830627,-0.1247804786079314,0.048416852951049805,-0.5814427733421326,-0.14338851226500537,0.08395811915397644,-0.2291833758354187,-0.08692357940606144,0.10228976607322693,-0.3224495053291321,-0.11318397028378513,0.11004894971847534,-0.3865410089492798,-0.12637089444331195,0.11279860138893127,-0.44917285442352295,-0.13701929403475788
B,0.0,0.0,0.0,-0.06576502323150635,-0.04842960834503174,-0.039984140988224226,-0.1095229983329773,-0.12856543064117432,-0.06850887506806203,-0.06421378254890442,-0.17703783512115479,-0.09377326488100834,0.0032920539379119873,-0.19301748275756836,-0.1208243113716776,-0.07570958137512207,-0.29267752170562744,-0.05554223849975415,-0.0888475775718689,-0.41575732827186584,-0.08936604529225178,-0.09555071592330933,-0.4921184480190277,-0.11663820266329594,-0.09934711456298828,-0.5643831491470337,-0.1392629709800417,-0.017507731914520264,-0.302493155002594,-0.06246640950047322,-0.0237104594707489,-0.4412432909011841,-0.09125405966841527,-0.026949286460876465,-0.5274097919464111,-0.11789890795552083,-0.03091558814048767,-0.6110039949417114,-0.13980024724804707,0.03399351239204407,-0.27590280771255493,-0.07334018170439549,0.04403713345527649,-0.4099188446998596,-0.10268944173657246,0.046563804149627686,-0.49508631229400635,-0.12754796117150136,0.04376709461212158,-0.5767660439014435,-0.14698686867558308,0.08098959922790527,-0.22327321767807007,-0.08754759698712178,0.09824615716934204,-0.315823495388031,-0.11594732522570439,0.10456472635269165,-0.3801867663860321,-0.13124547570549794,0.10616213083267212,-0.4444454312324524,-0.14343958764874287
B,0.0,0.0,0.0,-0.06641137599945068,-0.04762768745422363,-0.041116429374710606,-0.11081913113594055,-0.12759441137313843,-0.06997095595409064,-0.06380313634872437,-0.17408394813537598,-0.09521835099269538,0.007488518953323364,-0.18737667798995972,-0.12265402625610022,-0.07699567079544067,-0.28999024629592896,-0.05771980236579566,-0.09182628989219666,-0.4096948504447937,-0.09185346762944846,-0.10040301084518433,-0.4850870370864868,-0.11954579304267554,-0.10537967085838318,-0.5569986701011658,-0.14275634090711264,-0.01854655146598816,-0.3011986017227173,-0.06395004491616874,-0.02548876404762268,-0.4379729628562927,-0.09332248370458274,-0.029395192861557007,-0.5237302184104919,-0.12095603148748069,-0.03349810838699341,-0.6073398292064667,-0.14371198217679648,0.032872945070266724,-0.2746801972389221,-0.07403631310273795,0.043008774518966675,-0.4060283303260803,-0.10426591138650565,0.044909268617630005,-0.4900631308555603,-0.13069730799008994,0.04192432761192322,-0.570637971162796,-0.15125870506574302,0.0794098973274231,-0.22222226858139038,-0.08736961136867194,0.0968923568725586,-0.3131501078605652,-0.11702525417615561,0.10430771112442017,-0.3756085932254791,-0.133573112891213,0.10725447535514832,-0.4382740557193756,-0.14668200712014823
B,0.0,0.0,0.0,-0.06513458490371704,-0.04563111066818237,-0.04398366814689325,-0.10937672853469849,-0.12016767263412476,-0.075171306787297,-0.06570273637771606,-0.16033935546875,-0.10222141450481104,0.006321579217910767,-0.17036539316177368,-0.1310749352558105,-0.07839009165763855,-0.2808210253715515,-0.061182398407026994,-0.09357306361198425,-0.3988083600997925,-0.09560590988235163,-0.10143664479255676,-0.4723231792449951,-0.12261528527574228,-0.10557296872138977,-0.5416114330291748,-0.14476527279452966,-0.01908344030380249,-0.2918967008590698,-0.0657193363292663,-0.023970842361450195,-0.42517709732055664,-0.0943312571032493,-0.02718910574913025,-0.5077418684959412,-0.12049148237542795,-0.031000882387161255,-0.5870138108730316,-0.14213031536178278,0.03303864598274231,-0.26597630977630615,-0.07418734586076425,0.04510277509689331,-0.3917089104652405,-0.10297228401736902,0.04761353135108948,-0.4733164310455322,-0.1269812137468307,0.044114112854003906,-0.550501137971878,-0.14600886410312341,0.07948708534240723,-0.21427315473556519,-0.08619527524547266,0.09963205456733704,-0.3009827136993408,-0.11298243707256006,0.10920849442481995,-0.35968807339668274,-0.12603022163943933,0.11313393712043762,-0.41717639565467834,-0.1368059069498031
B,0.0,0.0,0.0,-0.06723353266716003,-0.036831021308898926,-0.04910745962797591,-0.1133444607257843,-0.10112231969833374,-0.08425354703604171,-0.0729033350944519,-0.1315019130706787,-0.11439899101196715,-0.001190096139907837,-0.13648325204849243,-0.1461047206753392,-0.08872872591018677,-0.26045775413513184,-0.06896010532318542,-0.1048685610294342,-0.37615782022476196,-0.10521323724924514,-0.11288973689079285,-0.4493025541305542,-0.13267780586420486,-0.11684909462928772,-0.5189010202884674,-0.15501275404631087,-0.02817678451538086,-0.27447372674942017,-0.07162723436294982,-0.03301563858985901,-0.4003646969795227,-0.10158137723146865,-0.03483453392982483,-0.4780746102333069,-0.12712146087824294,-0.03680768609046936,-0.5547843873500824,-0.1483574633234639,0.02555394172668457,-0.25149011611938477,-0.0785152812236447,0.036791831254959106,-0.3714993894100189,-0.10870627059875915,0.04044172167778015,-0.45018649101257324,-0.13172216459452102,0.037887632846832275,-0.5267381966114044,-0.14998030408560226,0.07408866286277771,-0.20305222272872925,-0.08929729952751586,0.0937124490737915,-0.2863941788673401,-0.11666886999546477,0.10285386443138123,-0.34213578701019287,-0.12872309728800246,0.10575452446937561,-0.3983531594276428,-0.1387814705008168
B,0.0,0.0,0.0,-0.06664001941680908,-0.03961658477783203,-0.04502355809387382,-0.10996302962303162,-0.10254853963851929,-0.07930845151719268,-0.06572532653808594,-0.128312349319458,-0.10921565572795089,0.006489843130111694,-0.13019311428070068,-0.14189553390320953,-0.08236506581306458,-0.253709077835083,-0.07044162730750259,-0.09903976321220398,-0.3661867380142212,-0.1075952960091513,-0.10704454779624939,-0.4381016492843628,-0.13618241380032714,-0.11214238405227661,-0.5061761438846588,-0.15912728141125854,-0.022074073553085327,-0.2657649517059326,-0.07587847243127044,-0.02612537145614624,-0.39286792278289795,-0.10743407289561446,-0.02803879976272583,-0.47213876247406006,-0.13490267227467712,-0.0314754843711853,-0.5480293333530426,-0.1571522368031424,0.03116077184677124,-0.24099493026733398,-0.08484014253195937,0.04164990782737732,-0.36260688304901123,-0.11640060822543319,0.04609119892120361,-0.4413679540157318,-0.14156946669396575,0.04470402002334595,-0.5153419077396393,-0.1608436120587271,0.07772642374038696,-0.19269031286239624,-0.0970231233077925,0.09668919444084167,-0.2763766050338745,-0.125974388225643,0.10642406344413757,-0.3330288231372833,-0.13932715485867675,0.11094915866851807,-0.3886238932609558,-0.14996104071911986
B,0.0,0.0,0.0,-0.06768855452537537,-0.036259591579437256,-0.047145821233584684,-0.11069831252098083,-0.0976862907409668,-0.08147509031493883,-0.0643586814403534,-0.11971426010131836,-0.11103058986861924,0.010431647300720215,-0.11074411869049072,-0.14232974134881715,-0.0845930278301239,-0.24177855253219604,-0.06828584902484636,-0.10304683446884155,-0.34654924273490906,-0.10425489776332597,-0.11166337132453918,-0.4141867756843567,-0.13098064445455293,-0.11702290177345276,-0.4784417748451233,-0.15238041066129426,-0.02411729097366333,-0.25804924964904785,-0.07222447179753999,-0.029008477926254272,-0.37776875495910645,-0.10234859966237764,-0.03079971671104431,-0.4529334306716919,-0.12632424019773225,-0.033336788415908813,-0.5255879759788513,-0.14521825694043855,0.0304546058177948,-0.2366344928741455,-0.08029161774118165,0.041463762521743774,-0.3525453805923462,-0.11158769958217363,0.04599270224571228,-0.4260430932044983,-0.13325021051366548,0.045636773109436035,-0.4978848993778229,-0.14881214879949312,0.0798003077507019,-0.19090700149536133,-0.09205828242500047,0.09966525435447693,-0.269453763961792,-0.12053971373040895,0.10972121357917786,-0.3227953016757965,-0.1316462793250821,0.11471131443977356,-0.37641116976737976,-0.13959390305478792
B,0.0,0.0,0.0,-0.06660842895507812,-0.032577693462371826,-0.048033586520887184,-0.1079455018043518,-0.08829742670059204,-0.08350812159869747,-0.06511089205741882,-0.10483849048614502,-0.11415703855846004,0.007232844829559326,-0.09580379724502563,-0.14708857499454098,-0.08520182967185974,-0.23428881168365479,-0.06964499019477444,-0.10655364394187927,-0.336578369140625,-0.10662586503121929,-0.11543571949005127,-0.4025237560272217,-0.13385565840098934,-0.12004843354225159,-0.4652188718318939,-0.15531112514827328,-0.024594992399215698,-0.2502387762069702,-0.07336282991263943,-0.031017333269119263,-0.36873769760131836,-0.10420871787164288,-0.03200000524520874,-0.44108811020851135,-0.12911257408950405,-0.03334769606590271,-0.5119028985500336,-0.14873028062675075,0.029856473207473755,-0.22910189628601074,-0.081366742778755,0.03941422700881958,-0.3437207341194153,-0.11373070143554287,0.044173479080200195,-0.4146358370780945,-0.13699659966323452,0.04472246766090393,-0.48467665910720825,-0.15377296768519955,0.078084796667099,-0.18480372428894043,-0.09289178513381557,0.09687381982803345,-0.26342618465423584,-0.12240941338632183,0.10845696926116943,-0.31403470039367676,-0.13450692855212765,0.11476743221282959,-0.36640602350234985,-0.14334772788379269
B,0.0,0.0,0.0,-0.06604480743408203,-0.03256732225418091,-0.047628211722724245,-0.10908949375152588,-0.08792650699615479,-0.08393708516751985,-0.0674685537815094,-0.10622221231460571,-0.11534713853990297,0.00839775800704956,-0.09496241807937622,-0.14925055851136904,-0.08079242706298828,-0.23249834775924683,-0.07217370618974428,-0.09977027773857117,-0.33389243483543396,-0.10944902797137956,-0.1079985499382019,-0.3990768790245056,-0.137107557551019,-0.11240279674530029,-0.4612106680870056,-0.15908300031816225,-0.02001449465751648,-0.24707424640655518,-0.076400331155412,-0.023892730474472046,-0.3631364107131958,-0.1081219231048749,-0.02443942427635193,-0.4344852864742279,-0.133269107834451,-0.026256710290908813,-0.504211813211441,-0.15299788762723665,0.03397694230079651,-0.22429776191711426,-0.08464796741401415,0.045975685119628906,-0.33801865577697754,-0.11795429040586214,0.05150386691093445,-0.4087013602256775,-0.1416154568353818,0.0521295964717865,-0.4778018295764923,-0.15847217191850405,0.08126705884933472,-0.1785019040107727,-0.09624808926974993,0.10242679715156555,-0.256458044052124,-0.12706222285424928,0.1143445074558258,-0.3078821301460266,-0.1400231634536908,0.1202801764011383,-0.3601141571998596,-0.14929918100034456
B,0.0,0.0,0.0,-0.06582987308502197,-0.0265120267868042,-0.049696913705759016,-0.11097753047943115,-0.0784759521484375,-0.08733969812243458,-0.06986650824546814,-0.10109472274780273,-0.11950340752451893,0.0025916099548339844,-0.09976476430892944,-0.154174147890501,-0.0796247124671936,-0.23072600364685059,-0.07654449229090687,-0.09629184007644653,-0.33327919244766235,-0.1157401267155933,-0.10439914464950562,-0.4006531238555908,-0.14509145800917622,-0.10840815305709839,-0.46443161368370056,-0.1682669359907436,-0.018160730600357056,-0.24445396661758423,-0.08012978617995259,-0.02067786455154419,-0.3645099401473999,-0.11376660947649953,-0.020466238260269165,-0.43843239545822144,-0.1403445739015865,-0.021953046321868896,-0.5091128051280975,-0.16114936654417988,0.036095768213272095,-0.22094237804412842,-0.08774138872473713,0.047005027532577515,-0.3376103639602661,-0.12228724990933415,0.052256643772125244,-0.4080990254878998,-0.14557674412577626,0.052231550216674805,-0.47591084241867065,-0.16233380024283406,0.0831005871295929,-0.1747349500656128,-0.09876398627608296,0.1025475263595581,-0.25618255138397217,-0.13064183180182454,0.11390042304992676,-0.3073166012763977,-0.14344678704588887,0.1197049617767334,-0.359055757522583,-0.1524876940712261
B,0.0,0.0,0.0,-0.06522360444068909,-0.028657138347625732,-0.053214246189895675,-0.10905101895332336,-0.08273488283157349,-0.0927744151714478,-0.06851175427436829,-0.11084133386611938,-0.1262774036887322,0.00611528754234314,-0.11122697591781616,-0.1618010567191277,-0.07758590579032898,-0.23745638132095337,-0.07757587150365453,-0.09340468049049377,-0.34495121240615845,-0.11733593211204152,-0.1013813316822052,-0.4148138761520386,-0.14703844652206044,-0.10485261678695679,-0.4804452359676361,-0.1702255772116814,-0.01698160171508789,-0.2506263256072998,-0.07939534053832631,-0.0197373628616333,-0.3733178973197937,-0.11346426770717244,-0.018680989742279053,-0.4494944214820862,-0.14022435412437062,-0.018379300832748413,-0.5220017433166504,-0.1608801798585091,0.03671279549598694,-0.22708052396774292,-0.08561243281394582,0.047934770584106445,-0.34500110149383545,-0.1203804628613625,0.0536322295665741,-0.41805315017700195,-0.143835680342022,0.05487653613090515,-0.4877373278141022,-0.16049467191726308,0.08378270268440247,-0.18092674016952515,-0.09561488941938023,0.10289004445075989,-0.2644032835960388,-0.12719565794498067,0.11448916792869568,-0.31806543469429016,-0.1401115672352944,0.1208026111125946,-0.3720688223838806,-0.14916326270133595
B,0.0,0.0,0.0,-0.0655786395072937,-0.0355570912361145,-0.04528562442817474,-0.10247710347175598,-0.10924243927001953,-0.07723295779385353,-0.049471139907836914,-0.15343862771987915,-0.10381974370636726,0.01912897825241089,-0.1656751036643982,-0.13310811759390617,-0.06436580419540405,-0.26524513959884644,-0.07161448986687446,-0.0745629370212555,-0.3867706060409546,-0.10801529975094581,-0.07893440127372742,-0.4664415121078491,-0.13659351409830833,-0.08053252100944519,-0.5385054647922516,-0.15938768626608635,-0.004319548606872559,-0.27277159690856934,-0.07545559199013496,-0.004449754953384399,-0.40821143984794617,-0.10719662995495582,-0.0016734600067138672,-0.4944697916507721,-0.13481319786467338,-0.0008144676685333252,-0.574415773153305,-0.15657626928248192,0.04693847894668579,-0.24519777297973633,-0.08251794518389488,0.06036779284477234,-0.37400558590888977,-0.11423019410528923,0.06597873568534851,-0.4555218815803528,-0.14037179292597557,0.06714072823524475,-0.5287674367427826,-0.15973179878153587,0.09147492051124573,-0.19421309232711792,-0.09262128265061165,0.11309424042701721,-0.2871817946434021,-0.12391431720413948,0.12400206923484802,-0.348354697227478,-0.1403215611115911,0.12993541359901428,-0.40705007314682007,-0.15202421785750175
B,0.0,0.0,0.0,-0.06126338243484497,-0.047878384590148926,-0.03697883272877789,-0.09771698713302612,-0.13397455215454102,-0.0625825592350111,-0.04766523838043213,-0.18428754806518555,-0.08508898998013592,0.018541544675827026,-0.20011740922927856,-0.10962583059779263,-0.06143999099731445,-0.28950226306915283,-0.052821534968529704,-0.06965446472167969,-0.4144953489303589,-0.0852111198972807,-0.07296225428581238,-0.4959377348423004,-0.1118946292471037,-0.07435983419418335,-0.5700483918190002,-0.13385882908812619,-0.003264307975769043,-0.2964410185813904,-0.0592629381488905,-0.004624068737030029,-0.43395233154296875,-0.08724503154269314,-0.00394013524055481,-0.523024171590805,-0.11299263621083355,-0.0040839314460754395,-0.6070288121700287,-0.1334526085328207,0.04703092575073242,-0.2688480019569397,-0.06919888342133618,0.05974680185317993,-0.4032474756240845,-0.09732218021861172,0.06410062313079834,-0.4878758192062378,-0.12096882546654797,0.06487458944320679,-0.5661854147911072,-0.13889190489760495,0.09210368990898132,-0.2177712321281433,-0.08211525464764691,0.11195230484008789,-0.31310832500457764,-0.11064680600873089,0.12105029821395874,-0.37688392400741577,-0.1259162270497427,0.1262708604335785,-0.4394289255142212,-0.13701087171546078
B,0.0,0.0,0.0,-0.061246514320373535,-0.055427491664886475,-0.03742947822769338,-0.09798550605773926,-0.1414240598678589,-0.06311446821649724,-0.04919818043708801,-0.19453966617584229,-0.08593273556192571,0.016197025775909424,-0.21194881200790405,-0.11004980301817113,-0.06305006146430969,-0.3010592460632324,-0.048667635976869406,-0.07071113586425781,-0.426179438829422,-0.08064556515176946,-0.07328814268112183,-0.5055968761444092,-0.1068414191003626,-0.07322394847869873,-0.578885942697525,-0.12820551192720586,-0.00556492805480957,-0.3069821000099182,-0.05523649251421148,-0.006148219108581543,-0.4453108608722687,-0.08154534941871816,-0.0051326751708984375,-0.5326868295669556,-0.10595030730922872,-0.004093766212463379,-0.6153203547000885,-0.12559655702074224,0.04422834515571594,-0.2791970372200012,-0.06586023813446218,0.05752113461494446,-0.41013962030410767,-0.09208128994663412,0.06266355514526367,-0.4922930598258972,-0.1137178207035845,0.06418389081954956,-0.5695240497589111,-0.13039827740152532,0.08961224555969238,-0.22794508934020996,-0.08003642058332616,0.10969653725624084,-0.320143461227417,-0.10539456850250417,0.11903050541877747,-0.3831937909126282,-0.11850504970510656,0.12467369437217712,-0.4454488456249237,-0.12851708030660802
B,0.0,0.0,0.0,-0.06364062428474426,-0.057192087173461914,-0.03968057889181864,-0.10050421953201294,-0.1462535858154297,-0.06596366051275027,-0.053936123847961426,-0.20614385604858398,-0.08908273014861834,0.010371476411819458,-0.22802293300628662,-0.11355967554885638,-0.06313440203666687,-0.3088865876197815,-0.05025267708737147,-0.06861037015914917,-0.43788254261016846,-0.08327079299527895,-0.0710436999797821,-0.5196115374565125,-0.11028784248668444,-0.07054165005683899,-0.5940842926502228,-0.1319699558957268,-0.005304813385009766,-0.31457656621932983,-0.05626354474264872,-0.0034334659576416016,-0.45618078112602234,-0.08297674838144076,-0.0012038350105285645,-0.5453910231590271,-0.1078884500606705,0.0013821125030517578,-0.6282947063446045,-0.12781335148650896,0.044544368982315063,-0.28659588098526,-0.06664935234624636,0.05775919556617737,-0.41892510652542114,-0.09282909068900835,0.06363800168037415,-0.5012896060943604,-0.1150213229997803,0.06649038195610046,-0.5784001648426056,-0.13225474688846361,0.08979558944702148,-0.23496180772781372,-0.08089116695958865,0.10858842730522156,-0.3279048800468445,-0.10600298378307116,0.11692717671394348,-0.3918512463569641,-0.11942502591449511,0.12207069993019104,-0.4552525281906128,-0.12980259690124285
B,0.0,0.0,0.0,-0.06336519122123718,-0.059235572814941406,-0.0375565028302276,-0.10051208734512329,-0.15150421857833862,-0.06222839639707445,-0.05631282925605774,-0.21562671661376953,-0.084248639505347,0.007594704627990723,-0.23965024948120117,-0.10738694654031633,-0.06366291642189026,-0.3147968053817749,-0.04533300907536386,-0.06930974125862122,-0.4424920082092285,-0.07656167433782457,-0.07177093625068665,-0.5230162739753723,-0.10233836607261537,-0.07123181223869324,-0.5963722169399261,-0.12325211600585817,-0.006413131952285767,-0.32031768560409546,-0.0520203894488418,-0.0045316219329833984,-0.4617418944835663,-0.07750380770488619,-0.0022579729557037354,-0.5503139197826385,-0.10158836827798723,0.00026747584342956543,-0.6321534514427185,-0.12091609076782106,0.04349750280380249,-0.29206085205078125,-0.06312965587898134,0.05678647756576538,-0.42491063475608826,-0.08868303881212114,0.0626944899559021,-0.507708340883255,-0.11063686744495271,0.06530898809432983,-0.5854178965091705,-0.12767992899938463,0.0890779197216034,-0.24055641889572144,-0.07797671840711473,0.10799786448478699,-0.3339746594429016,-0.10238034264369844,0.11599338054656982,-0.3990471363067627,-0.11575478301568864,0.1205085813999176,-0.4632127285003662,-0.1262371985725963
B,0.0,0.0,0.0,-0.0629473626613617,-0.060910582542419434,-0.03807023572352364,-0.09879794716835022,-0.15612995624542236,-0.06288682329085304,-0.058312416076660156,-0.22492647171020508,-0.08513828026678993,0.0030068159103393555,-0.25255441665649414,-0.10824127154972984,-0.061387598514556885,-0.3211827278137207,-0.04426895859268143,-0.0641801655292511,-0.4506666362285614,-0.07643082397606804,-0.06360945105552673,-0.5316655933856964,-0.10321531849530174,-0.06010594964027405,-0.6058461666107178,-0.12435292112257912,-0.004526466131210327,-0.32510536909103394,-0.05115091087844803,-0.000861823558807373,-0.4685133099555969,-0.07734412359621956,0.0029461681842803955,-0.559750109910965,-0.10203603314784004,0.007507055997848511,-0.6444931030273438,-0.12142526018050148,0.04542025923728943,-0.2961021661758423,-0.06267671691801979,0.059423983097076416,-0.42983895540237427,-0.08841231125023796,0.0671437680721283,-0.5139653384685516,-0.10996075379279091,0.07198360562324524,-0.5925067663192749,-0.12651932644274666,0.09052744507789612,-0.24436455965042114,-0.07814509826329186,0.10916873812675476,-0.33898431062698364,-0.10150462048676445,0.11731046438217163,-0.40366095304489136,-0.11361230569508507,0.12240076065063477,-0.4670599102973938,-0.12322072344448998
B,0.0,0.0,0.0,-0.06318286061286926,-0.06006014347076416,-0.03713035003869436,-0.09914875030517578,-0.1572335958480835,-0.060134636029886224,-0.0590897798538208,-0.22901171445846558,-0.08075123073189161,-0.0007132887840270996,-0.25985491275787354,-0.10223187299101255,-0.06202322244644165,-0.32178735733032227,-0.041063448205875375,-0.06434768438339233,-0.4518889784812927,-0.07100352437822721,-0.06276696920394897,-0.5324757099151611,-0.09639809073536298,-0.05843108892440796,-0.6056285798549652,-0.11657615543930433,-0.005521804094314575,-0.3260301947593689,-0.04744891615240476,-0.0012527406215667725,-0.470246285200119,-0.0712861994060745,0.003375232219696045,-0.5606591403484344,-0.09492438079445265,0.008772492408752441,-0.643414169549942,-0.11382210047571562,0.04434463381767273,-0.29848212003707886,-0.058496927634166695,0.05687230825424194,-0.43250298500061035,-0.08184778483240507,0.06471970677375793,-0.5156949758529663,-0.10273346842853925,0.07029891014099121,-0.5928134024143219,-0.11922967226831815,0.09004667401313782,-0.24867671728134155,-0.07352452518074415,0.10662835836410522,-0.3448934853076935,-0.09450753571121595,0.11475014686584473,-0.40938618779182434,-0.1058824935707321,0.12102624773979187,-0.47192203998565674,-0.11538320572702787
B,0.0,0.0,0.0,-0.06420871615409851,-0.06157875061035156,-0.037283968573945,-0.09991216659545898,-0.15810668468475342,-0.0612533468963079,-0.06172153353691101,-0.23039460182189941,-0.08303980196131988,-0.0030360817909240723,-0.26133447885513306,-0.105566319471734,-0.061057448387145996,-0.322227418422699,-0.04193780610575004,-0.06278178095817566,-0.4530850946903229,-0.07306480819596572,-0.060754209756851196,-0.534206360578537,-0.0991220515431337,-0.055542051792144775,-0.6079730689525604,-0.11966418886794372,-0.005361050367355347,-0.3266150951385498,-0.04886214846982284,-0.0015265941619873047,-0.47117504477500916,-0.07463062966479583,0.003104567527770996,-0.562466025352478,-0.09917837048186584,0.008677035570144653,-0.646447628736496,-0.11838557983054443,0.044169455766677856,-0.2996131181716919,-0.06041188949956222,0.05633586645126343,-0.43381014466285706,-0.08522282952679916,0.06359168887138367,-0.5178371667861938,-0.10632571244849487,0.06824994087219238,-0.5955060720443726,-0.12267911100997253,0.08994826674461365,-0.25008928775787354,-0.07599112058295532,0.10691845417022705,-0.34673452377319336,-0.09770340139283462,0.11413225531578064,-0.41232943534851074,-0.10928617829694076,0.11839744448661804,-0.4754958152770996,-0.11879008675231262
B,0.0,0.0,0.0,-0.06323856115341187,-0.0638037919998169,-0.035172070065186745,-0.09635579586029053,-0.16467934846878052,-0.05653985838000608,-0.055644094944000244,-0.24140888452529907,-0.07600146407787634,0.0033277273178100586,-0.27236443758010864,-0.09607269490663839,-0.05855134129524231,-0.3242300748825073,-0.03612192968432737,-0.059355467557907104,-0.4551575183868408,-0.06437044466440511,-0.05595862865447998,-0.5359069108963013,-0.08877934391205144,-0.049396634101867676,-0.6083787679672241,-0.10823713863794637,-0.0036729276180267334,-0.32945340871810913,-0.042550637075351005,0.00132712721824646,-0.4735642671585083,-0.06518448764984441,0.007103592157363892,-0.5638971924781799,-0.08808251346056295,0.013522684574127197,-0.6450920403003693,-0.10626140112583471,0.04524862766265869,-0.30409491062164307,-0.05360155055825544,0.05786067247390747,-0.4377688765525818,-0.07534842068855596,0.06619420647621155,-0.5203073620796204,-0.09529363239710165,0.07181137800216675,-0.5950934290885925,-0.11115806425516439,0.09066128730773926,-0.25604408979415894,-0.06867892915909124,0.10837683081626892,-0.352486252784729,-0.08781961972420049,0.11688119173049927,-0.41707277297973633,-0.09855934853260351,0.12237238883972168,-0.47768643498420715,-0.10769535476867986
B,0.0,0.0,0.0,-0.06419160962104797,-0.06469237804412842,-0.03425945578339906,-0.09731581807136536,-0.16904860734939575,-0.053696362806590514,-0.05481192469596863,-0.24842745065689087,-0.0714651220870337,0.004764467477798462,-0.2776852250099182,-0.0899110832643828,-0.05883312225341797,-0.32525771856307983,-0.032430625094207244,-0.059862881898880005,-0.4546301066875458,-0.058856593949826674,-0.056971222162246704,-0.5347365736961365,-0.08262545852187486,-0.05112805962562561,-0.6071745753288269,-0.1020461717081389,-0.004318416118621826,-0.3308985233306885,-0.038727971298726516,0.0007369816303253174,-0.47382652759552,-0.059942679984601455,0.00657278299331665,-0.5634440183639526,-0.08261934904578538,0.012840211391448975,-0.6445638835430145,-0.10088386623385759,0.044050514698028564,-0.30610257387161255,-0.049687104804547744,0.05687829852104187,-0.4380974769592285,-0.07041676579240175,0.06530660390853882,-0.520422101020813,-0.09075674651387544,0.0706927478313446,-0.595075786113739,-0.10708506642106386,0.08926650881767273,-0.25876784324645996,-0.06466035781625123,0.10742533206939697,-0.3543252944946289,-0.08313381908658357,0.11658081412315369,-0.41876399517059326,-0.09412804482701631,0.12287721037864685,-0.4788939356803894,-0.10365599630597444
B,0.0,0.0,0.0,-0.06381246447563171,-0.0659480094909668,-0.03323798898139785,-0.09514474868774414,-0.17110848426818848,-0.051889127972515325,-0.05161285400390625,-0.25095927715301514,-0.06911341744938682,0.0071485936641693115,-0.2816840410232544,-0.08714365113058875,-0.05797627568244934,-0.32457417249679565,-0.030811170968206625,-0.05814296007156372,-0.4549456834793091,-0.05658075857439826,-0.0546688437461853,-0.5352897047996521,-0.07985120165625403,-0.04826074838638306,-0.6075804233551025,-0.09898383069315742,-0.003268301486968994,-0.33021461963653564,-0.03746186095753501,0.0023685991764068604,-0.47323742508888245,-0.058372585955055456,0.008272439241409302,-0.5628382563591003,-0.08136830377856086,0.014410465955734253,-0.6434386968612671,-0.0999127318290789,0.0452573299407959,-0.3057445287704468,-0.048692556950243215,0.05872109532356262,-0.437856525182724,-0.06926752525845359,0.06725090742111206,-0.5202906727790833,-0.08999874341765235,0.07233908772468567,-0.5949916839599609,-0.10668764907399009,0.09059810638427734,-0.2585633397102356,-0.06380102682390998,0.10863292217254639,-0.3548899292945862,-0.08223812181034873,0.11738473176956177,-0.41957226395606995,-0.09342201698103736,0.12286615371704102,-0.47984254360198975,-0.1031684120325167
B,0.0,0.0,0.0,-0.06515520811080933,-0.0690462589263916,-0.03203199722690897,-0.0931774377822876,-0.17722398042678833,-0.04828127764983492,-0.047493547201156616,-0.25746679306030273,-0.06328467571063356,0.00876152515411377,-0.2902976870536804,-0.07914348238034563,-0.055961668491363525,-0.32775479555130005,-0.02526756294889765,-0.05460837483406067,-0.4569629430770874,-0.04893897765202837,-0.05033561587333679,-0.5367630422115326,-0.07137110375686007,-0.0438443124294281,-0.6082115471363068,-0.0900204061798604,-0.0001703798770904541,-0.33326029777526855,-0.03182447620554285,0.006668359041213989,-0.4752388000488281,-0.05087177746815996,0.013081490993499756,-0.5642215609550476,-0.07368572347684221,0.01891586184501648,-0.6435092687606812,-0.09213041060490923,0.048475295305252075,-0.30878227949142456,-0.043129849367574025,0.06227314472198486,-0.43932920694351196,-0.06241260387821512,0.07104331254959106,-0.5219171643257141,-0.08335782878918963,0.07601666450500488,-0.5970886945724487,-0.10027255409283953,0.0935317873954773,-0.26167649030685425,-0.05824978941006975,0.11125409603118896,-0.35807543992996216,-0.0758590280346425,0.11981409788131714,-0.4224326014518738,-0.08677091740889864,0.12522172927856445,-0.48283568024635315,-0.09633495204968767
B,0.0,0.0,0.0,-0.06510603427886963,-0.0699537992477417,-0.031655606868355335,-0.09070876240730286,-0.18292224407196045,-0.04652150073894745,-0.04514986276626587,-0.26770132780075073,-0.06028241390237099,0.010561138391494751,-0.30254507064819336,-0.0745467031920839,-0.053105294704437256,-0.3300302028656006,-0.02035822817930466,-0.05052262544631958,-0.4586217403411865,-0.04196150326976067,-0.04513603448867798,-0.5368152856826782,-0.06315851310142762,-0.03731110692024231,-0.6062654554843903,-0.08101869473108536,0.0020571351051330566,-0.33470427989959717,-0.026164644452421726,0.009999394416809082,-0.47564011812210083,-0.04355426976331955,0.017298758029937744,-0.5629245936870575,-0.06536713341125733,0.023837536573410034,-0.6401359438896179,-0.08315130421766526,0.04993048310279846,-0.3104504346847534,-0.036983781548826755,0.06435105204582214,-0.4398730397224426,-0.0550866583908487,0.07296320796012878,-0.5200459957122803,-0.07499949732670075,0.07800039649009705,-0.5928859412670135,-0.09131158241876847,0.09453153610229492,-0.26420867443084717,-0.051705122979967655,0.11201617121696472,-0.3596384525299072,-0.06834157654890305,0.12097159028053284,-0.42311179637908936,-0.07880343595394379,0.12714210152626038,-0.4826808273792267,-0.0881621400440622
B,0.0,0.0,0.0,-0.06573083996772766,-0.07128250598907471,-0.031066012548365052,-0.09088113903999329,-0.18506240844726562,-0.04533358568147605,-0.04396337270736694,-0.26844966411590576,-0.05866588929490035,0.01281195878982544,-0.30002307891845703,-0.07253841215566581,-0.053210437297821045,-0.3279815912246704,-0.01921586969689315,-0.050544410943984985,-0.4550137221813202,-0.04057001227334922,-0.044487327337265015,-0.532131016254425,-0.06152621934012359,-0.03568282723426819,-0.6009438335895538,-0.07918807023958152,0.001964479684829712,-0.33275073766708374,-0.025211549343623574,0.0107022225856781,-0.47267279028892517,-0.042329146506347115,0.018534451723098755,-0.5595892071723938,-0.06383693868116325,0.025834709405899048,-0.6369874179363251,-0.08135280662969535,0.050092846155166626,-0.3085121512413025,-0.03625032583073562,0.0649445652961731,-0.43693971633911133,-0.05433237084940856,0.07387644052505493,-0.5170732140541077,-0.07420128488735145,0.07933768630027771,-0.590360164642334,-0.0903328349609751,0.09500205516815186,-0.26231318712234497,-0.05116874629453605,0.11288267374038696,-0.35742059350013733,-0.06776057088569587,0.12196478247642517,-0.4208233952522278,-0.07805006855920738,0.12820503115653992,-0.48023027181625366,-0.08722904974416679
B,0.0,0.0,0.0,-0.06430071592330933,-0.07325214147567749,-0.030542756907209423,-0.08937099575996399,-0.18992775678634644,-0.0435993685494509,-0.045583367347717285,-0.27914655208587646,-0.05570966146098044,0.011265486478805542,-0.3153840899467468,-0.06760277367339995,-0.05259409546852112,-0.32919538021087646,-0.013746930762692955,-0.05137935280799866,-0.45438599586486816,-0.03261623299823668,-0.046909183263778687,-0.5294467508792877,-0.05192119396434691,-0.039660632610321045,-0.5959672033786774,-0.06845556712852385,0.001513153314590454,-0.33449888229370117,-0.018862174368962314,0.009235203266143799,-0.4727487564086914,-0.03353992245303061,0.015537947416305542,-0.5581821799278259,-0.05327956519232657,0.02121385931968689,-0.6328421235084534,-0.06946816808687117,0.04918092489242554,-0.31114470958709717,-0.029269489936098125,0.06308361887931824,-0.4387589693069458,-0.04551644764052298,0.07086822390556335,-0.5169598460197449,-0.06376504666314986,0.07527187466621399,-0.5877093970775604,-0.07874383545623687,0.09385493397712708,-0.26673710346221924,-0.04361122242318061,0.11142367124557495,-0.3603892922401428,-0.058796578563317325,0.12060302495956421,-0.4223146140575409,-0.06811060524688628,0.1272401511669159,-0.4799244999885559,-0.07644685871110823
B,0.0,0.0,0.0,-0.06487783789634705,-0.07479250431060791,-0.03147343466162056,-0.08988338708877563,-0.19038265943527222,-0.04526888126611084,-0.04717564582824707,-0.2801274061203003,-0.058061882053607405,0.009511500597000122,-0.3206191062927246,-0.07039142692565292,-0.051717609167099,-0.3296923041343689,-0.012559972834878863,-0.051916539669036865,-0.45405057072639465,-0.032256002669328154,-0.047083884477615356,-0.5287879407405853,-0.05252190599321693,-0.03894874453544617,-0.5952544212341309,-0.06948165888070434,0.002034515142440796,-0.33523160219192505,-0.017183073927753867,0.008682847023010254,-0.47223079204559326,-0.031964629088633956,0.014483451843261719,-0.5569004118442535,-0.05166112551569313,0.020310133695602417,-0.6311521232128143,-0.06772589976071686,0.049702614545822144,-0.31230396032333374,-0.02742908069967598,0.06276476383209229,-0.43975934386253357,-0.04345731357216209,0.06994915008544922,-0.5175166726112366,-0.06049974927782387,0.07445374131202698,-0.588191568851471,-0.07450401330470413,0.09485501050949097,-0.2682785987854004,-0.041846900378459395,0.11043676733970642,-0.362463116645813,-0.05619066128610939,0.11825278401374817,-0.42384326457977295,-0.06425631338834137,0.12382102012634277,-0.48133182525634766,-0.07156864101170868
B,0.0,0.0,0.0,-0.06374558806419373,-0.07769566774368286,-0.02968512666660672,-0.08685773611068726,-0.19452810287475586,-0.04184745257038003,-0.0438598096370697,-0.2858666181564331,-0.05339636286038285,0.01219227910041809,-0.32666027545928955,-0.06450423230666047,-0.05029699206352234,-0.32658064365386963,-0.0074467794528914055,-0.050612419843673706,-0.44819051027297974,-0.02495919359165555,-0.0483245849609375,-0.5210732221603394,-0.04393138741392022,-0.042751044034957886,-0.5862305164337158,-0.060345545460165795,0.002983599901199341,-0.33275240659713745,-0.01232196861195689,0.010510563850402832,-0.46735909581184387,-0.0256372411294592,0.0157850980758667,-0.5500227510929108,-0.04487363253969079,0.020884335041046143,-0.6226083636283875,-0.06087857862252122,0.04980206489562988,-0.3106095790863037,-0.022864798132957276,0.06367248296737671,-0.4362368583679199,-0.03801862900394326,0.07003605365753174,-0.5129531621932983,-0.05529215936797982,0.07351750135421753,-0.5826728045940399,-0.0697291903688324,0.09407338500022888,-0.2677004337310791,-0.037386223722876366,0.10980713367462158,-0.36015528440475464,-0.051377762158097084,0.1170724630355835,-0.4218556880950928,-0.0598226115598095,0.12210088968276978,-0.4796372056007385,-0.06769239534872895
B,0.0,0.0,0.0,-0.06486654281616211,-0.0793459415435791,-0.0293267540284603,-0.08646264672279358,-0.19792234897613525,-0.04002584737028769,-0.044443875551223755,-0.2919808626174927,-0.050215663725992954,0.00963100790977478,-0.3379679322242737,-0.05957496013726882,-0.051539868116378784,-0.32590943574905396,-0.0010520230163990618,-0.051122844219207764,-0.446483314037323,-0.017158847639819896,-0.04792281985282898,-0.5187728404998779,-0.03583334978904418,-0.04215097427368164,-0.5825892984867096,-0.05190896835412673,0.0014124810695648193,-0.3313053250312805,-0.005082043691089666,0.008912771940231323,-0.4651844799518585,-0.016888968984147823,0.01350313425064087,-0.5462413728237152,-0.03576593693580321,0.01761186122894287,-0.6165615320205688,-0.05151347290959052,0.04773560166358948,-0.3098375201225281,-0.01515413575108937,0.06075504422187805,-0.43612194061279297,-0.0292810987332075,0.06522518396377563,-0.5120672285556793,-0.045575781131645954,0.06774735450744629,-0.5794355273246765,-0.05925270390000037,0.0925186276435852,-0.2686538100242615,-0.029287718574067867,0.10747072100639343,-0.36205482482910156,-0.04229318943109206,0.11425858736038208,-0.42375582456588745,-0.04989843663062743,0.11934220790863037,-0.48149698972702026,-0.05707538720454863
B,0.0,0.0,0.0,-0.06492215394973755,-0.07931441068649292,-0.028282594030685004,-0.08634084463119507,-0.19693130254745483,-0.03891202258128601,-0.04379832744598389,-0.2888491749763489,-0.04936301531452614,0.009042799472808838,-0.33435094356536865,-0.05907434048313576,-0.047468602657318115,-0.3267222046852112,-0.001183577442503747,-0.0475822389125824,-0.44605016708374023,-0.017823105772919234,-0.04487663507461548,-0.5184304118156433,-0.036862777641005096,-0.03916513919830322,-0.581980973482132,-0.05300671430487114,0.004560291767120361,-0.33114248514175415,-0.005854299852586564,0.011807352304458618,-0.4637656807899475,-0.018008867373652038,0.016363024711608887,-0.5451725721359253,-0.03624916644949394,0.020853668451309204,-0.6145778596401215,-0.05121089713830429,0.050824135541915894,-0.30871087312698364,-0.016554541980809745,0.06334558129310608,-0.4351422190666199,-0.030766220858282622,0.06763407588005066,-0.5108852386474609,-0.04608348952788788,0.06987696886062622,-0.5777875483036041,-0.05880651073712784,0.0954800546169281,-0.26625895500183105,-0.03133053528327423,0.11085101962089539,-0.3593894839286804,-0.044373663237280425,0.11687284708023071,-0.42124736309051514,-0.051553575416988906,0.12052923440933228,-0.4789563715457916,-0.05812824340719658
B,0.0,0.0,0.0,-0.06585446000099182,-0.08042150735855103,-0.02784897769393524,-0.08733147382736206,-0.20044249296188354,-0.03761736127140125,-0.0452570915222168,-0.29334157705307007,-0.04750631945731243,0.008265107870101929,-0.33858194947242737,-0.0563637484848698,-0.04886889457702637,-0.32313764095306396,0.0027965492516557333,-0.04954934120178223,-0.44027388095855713,-0.013182330043633783,-0.04692256450653076,-0.511104941368103,-0.031826498085280264,-0.041622549295425415,-0.5726772546768188,-0.04750224771501621,0.0030462443828582764,-0.32699912786483765,-0.0011722410382901671,0.010042399168014526,-0.45591044425964355,-0.012689954699595773,0.013172388076782227,-0.5338151454925537,-0.03009802485408386,0.015951454639434814,-0.599784642457962,-0.044458495551367605,0.048958033323287964,-0.3063690662384033,-0.011475501680394018,0.06126561760902405,-0.4297214150428772,-0.02474652426840862,0.06344413757324219,-0.5036965012550354,-0.038779972219487036,0.06372937560081482,-0.5673494637012482,-0.050574289733191335,0.09362027049064636,-0.2672003507614136,-0.025999581539650762,0.1068657636642456,-0.35888513922691345,-0.03779799314739307,0.11042520403862,-0.42064493894577026,-0.044259479367752874,0.1117742657661438,-0.4775945544242859,-0.050390457832833135
B,0.0,0.0,0.0,-0.0659777820110321,-0.07880836725234985,-0.02618224086344867,-0.08691933751106262,-0.1976906657218933,-0.03452584991336494,-0.04475677013397217,-0.2910904884338379,-0.043082983289963295,0.007577955722808838,-0.3343926668167114,-0.05083504418016105,-0.04860988259315491,-0.3210306167602539,0.003843936080926369,-0.04913586378097534,-0.43896377086639404,-0.011037400980598022,-0.046860456466674805,-0.5103851556777954,-0.028882687036997368,-0.04175698757171631,-0.5728250741958618,-0.044138019030100395,0.0031075775623321533,-0.3258437514305115,-0.0008863955723370509,0.009809494018554688,-0.4549975097179413,-0.011856400464779426,0.013537853956222534,-0.5348273515701294,-0.02955731289566188,0.017033785581588745,-0.6026104390621185,-0.04402898723364501,0.0488380491733551,-0.30519217252731323,-0.011652579588002254,0.061308860778808594,-0.42796510457992554,-0.02494896860898166,0.06498396396636963,-0.5025536417961121,-0.04005571553588538,0.06651061773300171,-0.5677111148834229,-0.05247083032608657,0.09322360157966614,-0.2658354640007019,-0.026337471847540428,0.10780787467956543,-0.3582397997379303,-0.03863968053937583,0.11310431361198425,-0.4195379912853241,-0.0456062416184011,0.11643710732460022,-0.4764465093612671,-0.051937294249540855
B,0.0,0.0,0.0,-0.06750708818435669,-0.07282459735870361,-0.029872633231235568,-0.089112788438797,-0.19319814443588257,-0.04059302405769927,-0.0464300811290741,-0.28779417276382446,-0.05041274772341353,0.006381511688232422,-0.3322279751300812,-0.05936057092006308,-0.04850316047668457,-0.3231767416000366,-0.006053584342254226,-0.04759562015533447,-0.4444901943206787,-0.022640285727931087,-0.044392526149749756,-0.5180822014808655,-0.04096051649506194,-0.03800934553146362,-0.5832244455814362,-0.0568096523111592,0.005284398794174194,-0.32699447870254517,-0.010049651091350142,0.011237740516662598,-0.45981502532958984,-0.02271649585421187,0.015811920166015625,-0.5432943105697632,-0.041325982374502246,0.01998811960220337,-0.615323930978775,-0.05686329649145705,0.051851511001586914,-0.30370229482650757,-0.01986841270084483,0.06536334753036499,-0.42812734842300415,-0.035190257889581744,0.0705239474773407,-0.5053861737251282,-0.052512395841432635,0.07289496064186096,-0.5739079117774963,-0.06684845657403571,0.09671980142593384,-0.26180708408355713,-0.03362899990136725,0.11306089162826538,-0.3548109531402588,-0.0487983000403176,0.11945557594299316,-0.41733184456825256,-0.058449204725576465,0.1231306791305542,-0.4765006899833679,-0.06687611312921149
B,0.0,0.0,0.0,-0.06484982371330261,-0.07668709754943848,-0.03093364286274891,-0.08473366498947144,-0.19267606735229492,-0.04452321874947529,-0.04249259829521179,-0.2836158275604248,-0.05702236491293888,0.009736120700836182,-0.32963740825653076,-0.06908434080929737,-0.0447106659412384,-0.32925254106521606,-0.012700052103411963,-0.04348134994506836,-0.45449239015579224,-0.03258527639360409,-0.04031479358673096,-0.5315479338169098,-0.05284058499188404,-0.03363969922065735,-0.5993445813655853,-0.06956064897627812,0.009736627340316772,-0.3327747583389282,-0.017420595614623835,0.01748749613761902,-0.46869492530822754,-0.03292060094923954,0.023265540599822998,-0.5553624927997589,-0.053313145516824534,0.028950899839401245,-0.6298910081386566,-0.06974868672938328,0.057136863470077515,-0.30893272161483765,-0.02761050137729626,0.07249519228935242,-0.43588942289352417,-0.04447616088242512,0.07932278513908386,-0.5150882601737976,-0.06264689016194325,0.08339542150497437,-0.5856326222419739,-0.07735265987963658,0.10120600461959839,-0.26561087369918823,-0.041698495028924754,0.11802229285240173,-0.3612086772918701,-0.05741647827477436,0.12572649121284485,-0.42430415749549866,-0.06667336273045521,0.13054132461547852,-0.48292213678359985,-0.07455784278960209
B,0.0,0.0,0.0,-0.0649118423461914,-0.07811331748962402,-0.03218441681676154,-0.08600425720214844,-0.19698566198349,-0.04583626093082671,-0.04176795482635498,-0.29023826122283936,-0.058163902179529714,0.013222068548202515,-0.3359016180038452,-0.06981692688279395,-0.04266083240509033,-0.33420175313949585,-0.01245681421571021,-0.040208786725997925,-0.45999741554260254,-0.03150656671934371,-0.03750443458557129,-0.5361895263195038,-0.05120580868535285,-0.031506627798080444,-0.6039400398731232,-0.06786598490290885,0.011298418045043945,-0.33758991956710815,-0.016417066023876714,0.020481884479522705,-0.4750714898109436,-0.03110891246907954,0.026724785566329956,-0.5611192584037781,-0.05068875701837783,0.0329858660697937,-0.6353586614131927,-0.0668290056448484,0.058009326457977295,-0.3124566078186035,-0.026103653402259397,0.07498306035995483,-0.4409721791744232,-0.042600369469454336,0.08331286907196045,-0.5198078751564026,-0.06058720724396949,0.08853939175605774,-0.5898016095161438,-0.0753448479037786,0.10217490792274475,-0.2668619751930237,-0.03983900176100974,0.12086251378059387,-0.3629646897315979,-0.05556829126291518,0.12905889749526978,-0.4273082911968231,-0.06537589655928855,0.13400554656982422,-0.4871284067630768,-0.073861124382546
B,0.0,0.0,0.0,-0.0636858344078064,-0.07533621788024902,-0.03444245397258783,-0.0873454213142395,-0.18886351585388184,-0.052076387546549086,-0.041909754276275635,-0.2742200493812561,-0.06807052656222368,0.014753073453903198,-0.31285250186920166,-0.08430263712216401,-0.04121658205986023,-0.3367442488670349,-0.025129731140623335,-0.03632688522338867,-0.4681246876716614,-0.0492297479431727,-0.03165671229362488,-0.5493162274360657,-0.07226238711882615,-0.024325847625732422,-0.6218407452106476,-0.09127161218930269,0.014099329710006714,-0.33883047103881836,-0.030470210454950575,0.025639235973358154,-0.48258519172668457,-0.0495228053550818,0.03430655598640442,-0.5727525949478149,-0.07246588482666994,0.04262208938598633,-0.6526621580123901,-0.09104641839076066,0.06183674931526184,-0.3110509514808655,-0.04092328935075784,0.07951954007148743,-0.4438844919204712,-0.06081729694415117,0.090648353099823,-0.5260521173477173,-0.08160288944054628,0.09802746772766113,-0.5998834073543549,-0.09828030630160356,0.10662010312080383,-0.26115351915359497,-0.0553775833468535,0.12829992175102234,-0.358961284160614,-0.07374173714924837,0.1395566463470459,-0.4235760569572449,-0.08498271121789003,0.14696764945983887,-0.4837256073951721,-0.09451090111542726
C,0.0,0.0,0.0,0.12258094549179077,-0.03687518835067749,0.026419569880204108,0.20567923784255981,-0.12053453922271729,0.035760932743983176,0.27373820543289185,-0.16799098253250122,0.02823008331699839,0.32463955879211426,-0.225300133228302,0.01760698403461447,0.1595950722694397,-0.3168249726295471,0.07389588761373034,0.20435312390327454,-0.4291604161262512,0.057690625220971015,0.25467225909233093,-0.45917022228240967,0.02960077594264021,0.29828715324401855,-0.45846429467201233,0.008691446997659114,0.12722739577293396,-0.3317103683948517,0.034118023843006995,0.1820458173751831,-0.4581027626991272,0.012243794419305232,0.24389338493347168,-0.4833473563194275,-0.026055711179537866,0.2931588888168335,-0.46265608072280884,-0.052247184186740014,0.09078019857406616,-0.33185014128685,-0.010666903897686097,0.14895057678222656,-0.45515114068984985,-0.0304301761533452,0.21216148138046265,-0.4813520312309265,-0.05674580377296934,0.2649335265159607,-0.47151899337768555,-0.07489287745909223,0.05598771572113037,-0.3107360303401947,-0.0558603991265727,0.10715004801750183,-0.4139907658100128,-0.075842401802106,0.15550529956817627,-0.46297383308410645,-0.09069915753559599,0.20320963859558105,-0.48453444242477417,-0.10144927990393171
C,0.0,0.0,0.0,0.12969771027565002,-0.03356623649597168,0.04067047408278768,0.2169097661972046,-0.10730034112930298,0.05395362994130437,0.2844924032688141,-0.14626967906951904,0.04668882212098424,0.33389362692832947,-0.202256977558136,0.03419514468367879,0.18085375428199768,-0.29748356342315674,0.08833045607860868,0.2270960509777069,-0.4051157236099243,0.08069105541761701,0.27224448323249817,-0.4419330656528473,0.057022933871110126,0.31714218854904175,-0.4613572955131531,0.035152730554898426,0.14971625804901123,-0.3090006411075592,0.03760517111476247,0.1997688114643097,-0.43424123525619507,0.020538904727061436,0.2579769194126129,-0.46804606914520264,-0.018294836371580914,0.3102422058582306,-0.46693676710128784,-0.04785136783067401,0.11440548300743103,-0.30732277035713196,-0.017119138478676632,0.16550499200820923,-0.4311501979827881,-0.033792412816922024,0.22506281733512878,-0.4661363363265991,-0.06023320832792933,0.2785872519016266,-0.4740166664123535,-0.08112125003282245,0.08421584963798523,-0.2822459936141968,-0.07149299138728793,0.1335093080997467,-0.3883482813835144,-0.08812376016322787,0.18027007579803467,-0.44081148505210876,-0.10189175510350879,0.22659382224082947,-0.4720076322555542,-0.11482624614183123
C,0.0,0.0,0.0,0.12605033814907074,-0.03413587808609009,0.04102387683516895,0.20608823001384735,-0.09638398885726929,0.05668825315362369,0.2692812830209732,-0.130668044090271,0.052206855584444156,0.3183588534593582,-0.1901562213897705,0.044402495343746295,0.17303632199764252,-0.28581398725509644,0.09914238410121357,0.21997474133968353,-0.39175742864608765,0.09344213860160266,0.26474110782146454,-0.43108707666397095,0.07232216404801761,0.3100680261850357,-0.45100390911102295,0.05324641274339115,0.14303870499134064,-0.3018139600753784,0.04946917327171718,0.1956082433462143,-0.4230157136917114,0.037489783335985294,0.2526213079690933,-0.4592253565788269,0.0049858836834744125,0.30477114021778107,-0.46082210540771484,-0.020510503705082783,0.11006174981594086,-0.3057546615600586,-0.00573366941833342,0.16153551638126373,-0.4211078882217407,-0.02134669540399159,0.21932847797870636,-0.45802268385887146,-0.043911933581767926,0.2711714953184128,-0.4678431451320648,-0.061461358945308575,0.08155538141727448,-0.28631699085235596,-0.06091387910717572,0.13189537823200226,-0.3859363794326782,-0.07673868877762402,0.1773664504289627,-0.43444710969924927,-0.08760241759890164,0.2217646688222885,-0.46239250898361206,-0.09783238513344372
C,0.0,0.0,0.0,0.13862675428390503,-0.010947465896606445,0.05300676476176136,0.21982690691947937,-0.06149047613143921,0.0740851278227126,0.28353607654571533,-0.08353561162948608,0.07179680120165699,0.3380923271179199,-0.12411648035049438,0.06330933075363987,0.18698665499687195,-0.25977623462677,0.11282322209294193,0.23803701996803284,-0.35947245359420776,0.11374870341236942,0.2872198820114136,-0.3977537155151367,0.09355812173302525,0.3344557285308838,-0.41162732243537903,0.07220542084391468,0.1549411416053772,-0.27505987882614136,0.05445126842673176,0.21784120798110962,-0.3951006531715393,0.04646529655869358,0.2817196547985077,-0.4261683225631714,0.008022045977071457,0.3390178680419922,-0.4182851314544678,-0.024282842614098854,0.12200555205345154,-0.2801831364631653,-0.008190932423218555,0.18368247151374817,-0.39396023750305176,-0.021140986793085403,0.2504216134548187,-0.4237273335456848,-0.051650177426978416,0.30856069922447205,-0.42884504795074463,-0.07807084519450314,0.0949825644493103,-0.2640695571899414,-0.06965165931765682,0.15240171551704407,-0.3599569797515869,-0.08897190887515194,0.2026289999485016,-0.40782082080841064,-0.10777002174441463,0.25041869282722473,-0.4372207522392273,-0.12615739155594952
C,0.0,0.0,0.0,0.1258542239665985,-0.020456314086914062,0.03217960368652939,0.20902594923973083,-0.072579026222229,0.04219701733251213,0.2756776809692383,-0.09456402063369751,0.0338841996695578,0.3328191339969635,-0.1365308165550232,0.02269777130146622,0.18292328715324402,-0.27380913496017456,0.08911551382203697,0.2306191325187683,-0.3767911493778229,0.08061454292197823,0.2777308523654938,-0.4120718240737915,0.05700892429609894,0.3266046941280365,-0.42581090331077576,0.03632910396714806,0.15267542004585266,-0.2896345257759094,0.043576820155578844,0.20787373185157776,-0.4067760705947876,0.031006696036058656,0.2670714557170868,-0.4420735836029053,-0.0020079462714761576,0.322456032037735,-0.43850117921829224,-0.02841057595054508,0.11843588948249817,-0.2929365634918213,-0.007977378221255549,0.1731279194355011,-0.4074825346469879,-0.024318696597617873,0.23056188225746155,-0.4418729543685913,-0.0467163525913179,0.284413605928421,-0.4454549252986908,-0.06423699263672233,0.08643847703933716,-0.27385634183883667,-0.060292010793489226,0.1403944194316864,-0.36944180727005005,-0.0778544709477842,0.1873876452445984,-0.4174240827560425,-0.0898427829537809,0.2342124879360199,-0.442348450422287,-0.10049092177490593
C,0.0,0.0,0.0,0.1366446614265442,-0.014587342739105225,0.0534901077086829,0.2172023355960846,-0.06215578317642212,0.0733894908959769,0.2800399661064148,-0.08303982019424438,0.06899201666664112,0.33569610118865967,-0.12606960535049438,0.05947304686259258,0.18737083673477173,-0.25755810737609863,0.1206619719202422,0.23699799180030823,-0.3575736880302429,0.12234933471034992,0.28456199169158936,-0.3931211829185486,0.1017180511886977,0.3311083912849426,-0.4057431221008301,0.08027336543153751,0.15549635887145996,-0.27241069078445435,0.06167935004185665,0.21309435367584229,-0.39049994945526123,0.05295863171767223,0.2717507779598236,-0.4207746386528015,0.013701318592836742,0.32445061206817627,-0.4120793044567108,-0.01842458935726654,0.12304231524467468,-0.2784438133239746,-0.0021059638195879415,0.17942142486572266,-0.3913831412792206,-0.015112024902293797,0.24078965187072754,-0.42055848240852356,-0.04464410076190006,0.2936887741088867,-0.42041999101638794,-0.06903309578348171,0.09781491756439209,-0.2627826929092407,-0.06503294611621868,0.1554194688796997,-0.3556963801383972,-0.08179128373313915,0.2034439742565155,-0.40109768509864807,-0.09830393845487606,0.24830493330955505,-0.42543289065361023,-0.11425060982156765
C,0.0,0.0,0.0,0.1262660026550293,-0.021893739700317383,0.03778599910521052,0.20756161212921143,-0.07577019929885864,0.04984155260109446,0.2726089358329773,-0.09925109148025513,0.04228318072938464,0.3303072452545166,-0.1400253176689148,0.031602643058533886,0.1791202425956726,-0.26939505338668823,0.09415581412696383,0.22725054621696472,-0.3708685338497162,0.08607395328664325,0.2741651237010956,-0.4046366810798645,0.0635845322170212,0.3221103549003601,-0.4168526828289032,0.043866742030616024,0.15144383907318115,-0.2839707136154175,0.04597349800252459,0.20753082633018494,-0.3990624248981476,0.033124573157067516,0.26640939712524414,-0.43251824378967285,0.000914593321169832,0.32004404067993164,-0.4281601905822754,-0.024299456178312084,0.11936989426612854,-0.2870660424232483,-0.00790449175900676,0.17589256167411804,-0.39940792322158813,-0.02348280921495416,0.23329967260360718,-0.4318709969520569,-0.04418922997928121,0.2858651280403137,-0.43607476353645325,-0.0603061694643543,0.08932420611381531,-0.2679550051689148,-0.06212537027812459,0.14366641640663147,-0.3611382842063904,-0.0780865292987869,0.1896594762802124,-0.4087978005409241,-0.0885497000060127,0.23430758714675903,-0.43584054708480835,-0.09804391525602796
C,0.0,0.0,0.0,0.12496325373649597,-0.028713226318359375,0.033050621887412035,0.20665952563285828,-0.09253120422363281,0.037902503302063906,0.26782169938087463,-0.11519569158554077,0.02466867028709885,0.32470524311065674,-0.15232115983963013,0.006869099130597078,0.168034166097641,-0.2748660445213318,0.05333052857753273,0.21348869800567627,-0.3850637674331665,0.030413323109712564,0.26156288385391235,-0.4173736572265625,0.002609444576989972,0.30969929695129395,-0.4201476573944092,-0.01965019569757942,0.13925203680992126,-0.28127288818359375,0.003739182166498267,0.19184482097625732,-0.40934985876083374,-0.026554544428620375,0.2538227140903473,-0.43392255902290344,-0.06639269829753403,0.30902183055877686,-0.4189378619194031,-0.09568979681495193,0.10835501551628113,-0.27292346954345703,-0.049631987670693434,0.1613876223564148,-0.39822375774383545,-0.07830218316081528,0.21946001052856445,-0.42953190207481384,-0.11053117455008987,0.2698156535625458,-0.43081098794937134,-0.1345193991160727,0.08268484473228455,-0.23983412981033325,-0.10210960448745254,0.1315319836139679,-0.33562469482421875,-0.1283628502583838,0.1768474578857422,-0.38888612389564514,-0.15055511982205871,0.21788787841796875,-0.4238886833190918,-0.16964912504914764
C,0.0,0.0,0.0,0.12573885917663574,-0.024295151233673096,0.04873880191161106,0.20488497614860535,-0.083645761013031,0.06071033893539379,0.2651519179344177,-0.10605067014694214,0.0501437243671603,0.32063212990760803,-0.1506558060646057,0.035219339713592035,0.16637638211250305,-0.27437877655029297,0.09156041784598301,0.21067756414413452,-0.38402849435806274,0.08448241098238896,0.25886648893356323,-0.41435009241104126,0.06549582822634648,0.3042784631252289,-0.4149032235145569,0.04874629347040127,0.14185699820518494,-0.285652220249176,0.03588370798541973,0.18975341320037842,-0.4183613061904907,0.020667318314451677,0.2562066614627838,-0.4396480619907379,-0.011577870637040633,0.3093482553958893,-0.40987688302993774,-0.0347641649989896,0.11508452892303467,-0.283069908618927,-0.023345423802595633,0.16421610116958618,-0.41499823331832886,-0.038162598326664465,0.23066860437393188,-0.4340343773365021,-0.058480353966217535,0.28426212072372437,-0.41776078939437866,-0.07381610380099346,0.09463253617286682,-0.252868115901947,-0.08155176596329738,0.14456617832183838,-0.35433053970336914,-0.0975371356456094,0.19446393847465515,-0.4012313187122345,-0.10945362405465175,0.2374352514743805,-0.4246135354042053,-0.1195015441028886
C,0.0,0.0,0.0,0.1241445541381836,-0.025593817234039307,0.04953140938775391,0.20347359776496887,-0.08727753162384033,0.06359414184586853,0.2644313871860504,-0.11102110147476196,0.05560694808261246,0.3169364929199219,-0.153842031955719,0.044495565687583394,0.16427907347679138,-0.2799813151359558,0.09444382215039582,0.20918726921081543,-0.3914223313331604,0.08890938932196946,0.2595174312591553,-0.42090076208114624,0.0726170110155806,0.3047381639480591,-0.41802161931991577,0.05935099521772713,0.14078128337860107,-0.2912689447402954,0.04111497650043816,0.1871342957019806,-0.4279000163078308,0.02719419064121098,0.25422006845474243,-0.4445578157901764,0.0008464789588913391,0.3052658438682556,-0.4072663486003876,-0.01589433116717487,0.11625689268112183,-0.2884948253631592,-0.016030935699774318,0.16527417302131653,-0.42704078555107117,-0.02944069368643909,0.2335793375968933,-0.4416385889053345,-0.04388229748113304,0.28731492161750793,-0.4177178144454956,-0.05330541929109245,0.09861770272254944,-0.2588207721710205,-0.07227393811447769,0.1486886739730835,-0.3654288053512573,-0.08729318356020599,0.20050939917564392,-0.41275763511657715,-0.09616243665917068,0.24551436305046082,-0.43317651748657227,-0.10222200875981002
C,0.0,0.0,0.0,0.1220698207616806,-0.031162381172180176,0.040530391270465316,0.20177771151065826,-0.09369838237762451,0.05092488625103897,0.2625974863767624,-0.11953026056289673,0.04164991551095909,0.311066672205925,-0.1662495732307434,0.03034763806516594,0.16131837666034698,-0.28228604793548584,0.08341908105666107,0.20468352735042572,-0.39304375648498535,0.0742925594096846,0.2547196000814438,-0.4215243458747864,0.05617207312042183,0.30039049685001373,-0.41902124881744385,0.042243518168277205,0.13697414100170135,-0.29368603229522705,0.03570814081484741,0.1796036809682846,-0.43425118923187256,0.018997704843229712,0.24524615705013275,-0.449542373418808,-0.007957842899315892,0.296684131026268,-0.411895751953125,-0.02451887703483635,0.11141102015972137,-0.2903144359588623,-0.016093397280030786,0.15661831200122833,-0.431858628988266,-0.030998689820819436,0.22140012681484222,-0.44780242443084717,-0.04498901194875771,0.2729882746934891,-0.42585140466690063,-0.05359561345522934,0.09286262094974518,-0.2589471936225891,-0.06759024760668808,0.14223612844944,-0.3628293573856354,-0.08263018331473404,0.19124959409236908,-0.4128701388835907,-0.09115578583424622,0.2334050089120865,-0.43790096044540405,-0.09675155184214645
C,0.0,0.0,0.0,0.1189056783914566,-0.032155632972717285,0.04880491370516893,0.2010984569787979,-0.09722554683685303,0.061294217651663985,0.26455213129520416,-0.12360817193984985,0.05296949023562547,0.3146766573190689,-0.1688631772994995,0.04282932082372781,0.1333039551973343,-0.2892391085624695,0.09392686287122842,0.1945384293794632,-0.393827348947525,0.08973216364341852,0.2566734701395035,-0.4170449376106262,0.07325434038597223,0.3075585514307022,-0.40799546241760254,0.06099803844648477,0.1166427880525589,-0.29935479164123535,0.04566632682639238,0.1840357631444931,-0.43597277998924255,0.034308710193215575,0.2586298733949661,-0.4446476697921753,0.009342734759627547,0.30789346992969513,-0.3998359441757202,-0.005202926637650762,0.10396243631839752,-0.29284244775772095,-0.0051398765650105815,0.1681130975484848,-0.42574697732925415,-0.009918779077054296,0.2443690448999405,-0.43735215067863464,-0.019361563900531564,0.29650624096393585,-0.4086315631866455,-0.02610208740276221,0.10562525689601898,-0.2554672360420227,-0.05523253505867842,0.16493390500545502,-0.35787898302078247,-0.05765113508147124,0.22237013280391693,-0.3945029675960541,-0.05759144475501898,0.26839064061641693,-0.4033085107803345,-0.05782079970282439
C,0.0,0.0,0.0,0.1172056645154953,-0.03575950860977173,0.043900229397763724,0.2008277028799057,-0.10553175210952759,0.05247943511938047,0.26691438257694244,-0.13288766145706177,0.04255182704662275,0.3152952939271927,-0.1760353446006775,0.031153643864740843,0.12531377375125885,-0.2923341989517212,0.07766590303515386,0.19172303378582,-0.3965005874633789,0.06994284725521993,0.2544558197259903,-0.42658376693725586,0.05181480980252218,0.308920755982399,-0.4239891767501831,0.03794310650562238,0.1100977212190628,-0.2977951765060425,0.03155158868764829,0.18545623123645782,-0.43796420097351074,0.014190858590950484,0.2588537484407425,-0.44997158646583557,-0.012744332302759176,0.3102293163537979,-0.4084276556968689,-0.027932753425488954,0.10130219161510468,-0.28611207008361816,-0.016230608906994348,0.16957856714725494,-0.42114710807800293,-0.023923547577510362,0.24620197713375092,-0.44032004475593567,-0.03449329325223971,0.3004757910966873,-0.41944482922554016,-0.04215681889320422,0.10874228179454803,-0.2447304129600525,-0.06332837009097148,0.16989199817180634,-0.3484448492527008,-0.06657526605988551,0.22717763483524323,-0.39232584834098816,-0.06780129635001231,0.27311094105243683,-0.40916091203689575,-0.06966663860941935
C,0.0,0.0,0.0,0.11657634377479553,-0.04056340456008911,0.06352756596621134,0.19122931361198425,-0.11282855272293091,0.08597266353186228,0.2501509487628937,-0.14387482404708862,0.08694508350905039,0.29487696290016174,-0.176641047000885,0.08711419678743937,0.11670851707458496,-0.29548248648643494,0.10978370584066965,0.18516480922698975,-0.38699641823768616,0.1138390419584141,0.24827530980110168,-0.4138638377189636,0.10423347778137781,0.2994960844516754,-0.40966081619262695,0.09618018991764643,0.1074388325214386,-0.30421772599220276,0.059464190672002815,0.1894945502281189,-0.4343644380569458,0.05583145521100619,0.2558828592300415,-0.442716509103775,0.040630046794973396,0.2982842028141022,-0.4012698531150818,0.03305954537805178,0.10476130247116089,-0.2955830693244934,0.007746986630223773,0.18183770775794983,-0.417724072933197,0.010308136748932384,0.2511448264122009,-0.4294304847717285,0.009495351048968814,0.2968238294124603,-0.4023943841457367,0.007885996769033454,0.12178602814674377,-0.2551826238632202,-0.042178190727867104,0.19321852922439575,-0.34711235761642456,-0.039168066759742715,0.2505764961242676,-0.37875106930732727,-0.0347789073783531,0.2942887246608734,-0.38481849431991577,-0.03230158187929533
C,0.0,0.0,0.0,0.11943140625953674,-0.04476189613342285,0.06821925196700818,0.19309979677200317,-0.11373597383499146,0.09276787940316922,0.2520067095756531,-0.14452022314071655,0.0949167535071922,0.29982393980026245,-0.17610269784927368,0.09648215029292828,0.1203882098197937,-0.30197668075561523,0.11305913332753903,0.1884562373161316,-0.39557701349258423,0.11730758104377514,0.2525221109390259,-0.4150814414024353,0.10829477015786892,0.3039700388908386,-0.4064803719520569,0.10073108974748379,0.10996139049530029,-0.31167981028556824,0.0609950013821674,0.1943775713443756,-0.43150314688682556,0.058553706890876356,0.26631027460098267,-0.43956518173217773,0.04607696834855801,0.312183678150177,-0.4012247920036316,0.04033864293151623,0.10697364807128906,-0.3015673756599426,0.00773538326748735,0.1900233030319214,-0.41502803564071655,0.010516577436561647,0.2628002166748047,-0.4246019721031189,0.013507618605132166,0.3105965256690979,-0.39767539501190186,0.015331974289352956,0.1238548755645752,-0.26149117946624756,-0.04351180788225406,0.1968361735343933,-0.3508904278278351,-0.040905497931902346,0.2532450556755066,-0.3818800747394562,-0.03461573641843074,0.29693955183029175,-0.3869750201702118,-0.029376218059127268
C,0.0,0.0,0.0,0.12494407594203949,-0.05371701717376709,0.08751578712070796,0.18980039656162262,-0.12223941087722778,0.11996197038496348,0.24357907474040985,-0.15364336967468262,0.12672040694559428,0.29487504065036774,-0.18266946077346802,0.1315854870637736,0.12437288463115692,-0.3006935119628906,0.12003085100258204,0.19268198311328888,-0.3924533724784851,0.12529800170267436,0.2548847943544388,-0.40778055787086487,0.1215561040600619,0.3028615266084671,-0.39455413818359375,0.11792472087944361,0.11210714280605316,-0.3061313033103943,0.05830157258714053,0.197133406996727,-0.4286278784275055,0.055383705433257546,0.2685166746377945,-0.43080654740333557,0.050836929019340005,0.31315018236637115,-0.3938435912132263,0.051389199580796685,0.11009193956851959,-0.2914298474788666,-0.0034597726615288593,0.1950462907552719,-0.4096066951751709,-0.004925330735943589,0.2669273167848587,-0.41244786977767944,0.003978105626799788,0.31256045401096344,-0.38504162430763245,0.011352273534782853,0.12801404297351837,-0.25275760889053345,-0.061172782544247184,0.20190174877643585,-0.3409862816333771,-0.0659649736324468,0.25748245418071747,-0.36987823247909546,-0.06080486169850019,0.3001028448343277,-0.3755418658256531,-0.05494680172597555
C,0.0,0.0,0.0,0.12634940445423126,-0.06884127855300903,0.10254662512586066,0.18379183113574982,-0.13875871896743774,0.1408913659934754,0.23445872962474823,-0.1735129952430725,0.15147969900414893,0.2862349599599838,-0.20760810375213623,0.15962060569570014,0.12243230640888214,-0.29627689719200134,0.12329128413245627,0.18572740256786346,-0.3922542333602905,0.12423035531089255,0.2484959214925766,-0.4096977710723877,0.11914283810899207,0.29760850965976715,-0.3974089026451111,0.11566241114184805,0.10940410196781158,-0.29752182960510254,0.05417654319450804,0.18889151513576508,-0.4317823052406311,0.046328675288414445,0.25991274416446686,-0.4388870596885681,0.04216691135213324,0.30433566868305206,-0.40555158257484436,0.043978289056276765,0.10761396586894989,-0.27979153394699097,-0.0138257217521911,0.18681155145168304,-0.4093284010887146,-0.02074446500494531,0.25914596021175385,-0.4198720455169678,-0.012597894009495292,0.30658914148807526,-0.39930158853530884,-0.003989434048826013,0.12818418443202972,-0.24292683601379395,-0.07583930314734033,0.20037661492824554,-0.33850544691085815,-0.0834559422846084,0.2547600418329239,-0.36901670694351196,-0.07816179813101343,0.29758767783641815,-0.37573060393333435,-0.07149030984594873
C,0.0,0.0,0.0,0.12205414474010468,-0.07493704557418823,0.10452220897310838,0.1771136075258255,-0.15003079175949097,0.14150731573933228,0.2296251505613327,-0.19567781686782837,0.1501183540665494,0.2840757817029953,-0.2341112494468689,0.15731479535931214,0.1146714836359024,-0.29694169759750366,0.1253920526348935,0.1782100647687912,-0.40993016958236694,0.12701183865898713,0.2444729059934616,-0.42644572257995605,0.12361872504585847,0.2938212901353836,-0.4152113199234009,0.12248219112986192,0.10520915687084198,-0.29725563526153564,0.057175907596288766,0.19048477709293365,-0.44058552384376526,0.053905903651653375,0.26442287862300873,-0.44716164469718933,0.05479741032355889,0.30632905662059784,-0.4160493016242981,0.06039863015645608,0.10861353576183319,-0.2799988389015198,-0.009707992606521998,0.19389091432094574,-0.41874638199806213,-0.009721531242789183,0.2684675008058548,-0.42832231521606445,0.007015039037256088,0.315596267580986,-0.4050799608230591,0.020835173606215562,0.13654948770999908,-0.24319028854370117,-0.07116281677848235,0.21182148158550262,-0.34355324506759644,-0.07227725972300902,0.27016304433345795,-0.3756753206253052,-0.06116257672077552,0.31528331339359283,-0.38415393233299255,-0.050359849528135214
C,0.0,0.0,0.0,0.1210540235042572,-0.08065241575241089,0.108283661562254,0.17341163754463196,-0.15888702869415283,0.1460978167832394,0.22496232390403748,-0.2068600058555603,0.154710583645155,0.2779635190963745,-0.2449091076850891,0.16143227394228177,0.11113345623016357,-0.30095383524894714,0.13085780318384366,0.17474505305290222,-0.40850403904914856,0.13589397843485074,0.24056759476661682,-0.4260624051094055,0.13385414357786374,0.29042911529541016,-0.41942477226257324,0.13354802902345853,0.10240194201469421,-0.3005990982055664,0.06242134447698788,0.1861727237701416,-0.4420400857925415,0.06137890394334988,0.2590765655040741,-0.451468288898468,0.06270810987358288,0.3015013039112091,-0.4228440523147583,0.06885602350835995,0.10765987634658813,-0.2835366725921631,-0.003908309363524154,0.19191250205039978,-0.4239291250705719,0.0014981591610734313,0.2650306522846222,-0.43468281626701355,0.020036300900628135,0.31121161580085754,-0.4126400351524353,0.03471679266100125,0.13735315203666687,-0.24804985523223877,-0.06473167214984699,0.21196094155311584,-0.35165584087371826,-0.05744554821843906,0.27164456248283386,-0.3811182677745819,-0.04135149691695972,0.3178001344203949,-0.38439327478408813,-0.027691395696948007
C,0.0,0.0,0.0,0.1135721504688263,-0.089505136013031,0.11876299924347222,0.16475078463554382,-0.16798168420791626,0.16215633547994912,0.21473315358161926,-0.21813428401947021,0.17496973968241036,0.27064818143844604,-0.25611811876296997,0.18600646353456796,0.10363367199897766,-0.31346940994262695,0.1367786297867042,0.16747111082077026,-0.42583099007606506,0.1440732697317344,0.2312973141670227,-0.43857285380363464,0.14651722408029855,0.2789371907711029,-0.42377883195877075,0.1494644353458625,0.09722524881362915,-0.31062889099121094,0.06276090390178979,0.18113702535629272,-0.45469993352890015,0.06390171445104897,0.25386372208595276,-0.4593830704689026,0.0704418639013511,0.29524606466293335,-0.4296995997428894,0.0802922690579635,0.10474440455436707,-0.2898690104484558,-0.00876090821680009,0.18926221132278442,-0.4336394667625427,-0.006381761346574422,0.26198312640190125,-0.4384949207305908,0.01534445717129529,0.30643174052238464,-0.41380810737609863,0.03320101595613778,0.13703158497810364,-0.2518548369407654,-0.07355347328689277,0.21172723174095154,-0.35719865560531616,-0.07349006139543235,0.2700497508049011,-0.3866482675075531,-0.05982922815587699,0.31444481015205383,-0.3921937048435211,-0.04668103956487357
C,0.0,0.0,0.0,0.1146693080663681,-0.08289194107055664,0.0893501289576406,0.16227199137210846,-0.16808795928955078,0.11714502651394554,0.21005378663539886,-0.21712732315063477,0.12000943202675529,0.26278333365917206,-0.2520793676376343,0.12114668119848915,0.09637437760829926,-0.31116706132888794,0.09970303852261253,0.17100323736667633,-0.41862884163856506,0.10095171857775398,0.23676900565624237,-0.42513829469680786,0.09557837475241371,0.28459976613521576,-0.41027528047561646,0.09175583202542015,0.0890958160161972,-0.3101043999195099,0.0415041581183786,0.17969204485416412,-0.4496976137161255,0.041671792456519086,0.25368116796016693,-0.45085006952285767,0.03896139044464775,0.29755799472332,-0.4181632399559021,0.037378529497992474,0.09749896824359894,-0.28962188959121704,-0.014295825323451083,0.18715818226337433,-0.4352196455001831,-0.006084074786294025,0.25787489116191864,-0.4360044002532959,0.00443833315895148,0.3020964115858078,-0.40939652919769287,0.008213691824686009,0.12944777309894562,-0.2501183748245239,-0.06555462401210121,0.20291538536548615,-0.3572361469268799,-0.05818480770884804,0.2602783292531967,-0.3854737877845764,-0.04877570044099144,0.30418144166469574,-0.3918763995170593,-0.04394642408787064
C,0.0,0.0,0.0,0.10474248230457306,-0.0953364372253418,0.12303763887440766,0.15414674580097198,-0.1729140281677246,0.170909675569888,0.20109744369983673,-0.22256386280059814,0.18886308631455506,0.2527821213006973,-0.2630736827850342,0.20481874308144654,0.09678788483142853,-0.3173201382160187,0.13985577485119904,0.16012321412563324,-0.4247789978981018,0.1496309514955243,0.22560949623584747,-0.4350801706314087,0.152035283656474,0.2743441313505173,-0.418099969625473,0.15483486911809052,0.09249024093151093,-0.3120127320289612,0.06762282809769715,0.17473427951335907,-0.4554021656513214,0.0726862203196248,0.24878568947315216,-0.45948687195777893,0.0791094478086194,0.291080042719841,-0.4299001693725586,0.08742235860383119,0.10125641524791718,-0.2921186685562134,-0.0012395738990420568,0.18611986935138702,-0.44076305627822876,0.005621482884194506,0.2562941759824753,-0.44553494453430176,0.027420435832496537,0.29802171885967255,-0.4185079336166382,0.04390185213243569,0.13483352959156036,-0.2577509880065918,-0.06276137867415343,0.20713405311107635,-0.3664713501930237,-0.06040763968074714,0.263504758477211,-0.3967679738998413,-0.047070906697157966,0.30544881522655487,-0.4019182324409485,-0.0347431797667781
C,0.0,0.0,0.0,0.10996115207672119,-0.09244829416275024,0.10177267892882647,0.15834957361221313,-0.17699819803237915,0.13613495780751528,0.20621871948242188,-0.228318989276886,0.1441276128463489,0.25627580285072327,-0.2657512426376343,0.15026072217747988,0.09071826934814453,-0.3246607184410095,0.10845851703212084,0.16307863593101501,-0.4358099102973938,0.11106791897342028,0.22960719466209412,-0.4441925585269928,0.10833415939137758,0.2777278423309326,-0.4280426502227783,0.10734411879107775,0.08392027020454407,-0.31970566511154175,0.045202581124756946,0.1751808226108551,-0.4609633684158325,0.04673588453457178,0.25067129731178284,-0.464268296957016,0.04814583985731424,0.2950228452682495,-0.43371856212615967,0.05088997809812845,0.09426531195640564,-0.2960067093372345,-0.014766450127210007,0.18576326966285706,-0.44354426860809326,-0.0064400020927148915,0.25816649198532104,-0.44702160358428955,0.009516068647061005,0.30314329266548157,-0.42267584800720215,0.01866891971454443,0.12882408499717712,-0.2554691433906555,-0.06905248956158339,0.20076853036880493,-0.36816272139549255,-0.0636319612093228,0.257358193397522,-0.3981901705265045,-0.0517552887029904,0.30130457878112793,-0.4048091471195221,-0.043050741863991604
C,0.0,0.0,0.0,0.1132059395313263,-0.0840994119644165,0.10710986151804036,0.16072484850883484,-0.16414576768875122,0.14458410635103291,0.20794406533241272,-0.2129448652267456,0.15318227007497853,0.26044607162475586,-0.2504359483718872,0.15917821421732015,0.09641554951667786,-0.31108227372169495,0.12985244586576528,0.16133615374565125,-0.41923582553863525,0.13737507357706136,0.22752803564071655,-0.43135613203048706,0.1351317186604888,0.27640411257743835,-0.4204466938972473,0.13388054266084737,0.08813390135765076,-0.31274014711380005,0.06356566592563695,0.17146381735801697,-0.45168158411979675,0.06970484747995442,0.24591931700706482,-0.45798859000205994,0.07106482430805272,0.290852427482605,-0.42761123180389404,0.07407018735517568,0.09381195902824402,-0.29662269353866577,-0.00010258173591637387,0.17963796854019165,-0.43879300355911255,0.012071298504963579,0.25201132893562317,-0.44135206937789917,0.031025780434504213,0.2976694405078888,-0.4134320020675659,0.0428571906637103,0.1231372058391571,-0.26255977153778076,-0.058315524761781035,0.19553443789482117,-0.3697448968887329,-0.047195205395325956,0.25417909026145935,-0.39510828256607056,-0.029710037564143477,0.2981888949871063,-0.3951176702976227,-0.016557184909686384
C,0.0,0.0,0.0,0.11901050806045532,-0.06916040182113647,0.10897407794116987,0.17065683007240295,-0.13639235496520996,0.15010378623126996,0.22058653831481934,-0.17483723163604736,0.16076200568794263,0.2746094763278961,-0.2115831971168518,0.16868919992565168,0.10419124364852905,-0.30215349793434143,0.15151613319038404,0.1639302670955658,-0.3972238600254059,0.16414124631999982,0.2265702784061432,-0.409301221370697,0.1616831805717851,0.2742766737937927,-0.3968028426170349,0.15806087219833387,0.09572353959083557,-0.3062121868133545,0.0814546432506944,0.17476916313171387,-0.4287703335285187,0.08843370640396131,0.24516740441322327,-0.43077322840690613,0.08502183967947019,0.2894272208213806,-0.3961664140224457,0.08441311234354032,0.09758293628692627,-0.2938603460788727,0.012722871468653807,0.17791348695755005,-0.417233407497406,0.022598709182133803,0.249090313911438,-0.41777169704437256,0.03836435565470708,0.29543936252593994,-0.38644301891326904,0.04841082656501783,0.12220388650894165,-0.26057636737823486,-0.05088103076697337,0.19509336352348328,-0.3525128960609436,-0.04442456623793589,0.252096563577652,-0.375343382358551,-0.03022180756808268,0.295092910528183,-0.3715393543243408,-0.019007845579395166
C,0.0,0.0,0.0,0.11674807965755463,-0.04651111364364624,0.0935326406803938,0.18367551267147064,-0.11279112100601196,0.13149182890327893,0.23842449486255646,-0.14444983005523682,0.1406500676718565,0.28926290571689606,-0.18263107538223267,0.1474247315970274,0.1169361025094986,-0.28615570068359375,0.16208880041511975,0.17430199682712555,-0.372128427028656,0.17938065920742474,0.23940803110599518,-0.3860977292060852,0.17234686408909283,0.28832264244556427,-0.3759273290634155,0.16379946862133465,0.10889582335948944,-0.29528725147247314,0.09660057370336972,0.18324421346187592,-0.4092850089073181,0.10266965274485074,0.2537490874528885,-0.4074169993400574,0.08506136779459439,0.29556842148303986,-0.3661755919456482,0.07469178383024655,0.10367150604724884,-0.29422006011009216,0.03061815556856118,0.1786724179983139,-0.3989354372024536,0.03951371107967816,0.2524288147687912,-0.4015347957611084,0.04335522671016179,0.2976222187280655,-0.3663076162338257,0.04515647534998379,0.12034444510936737,-0.2643834948539734,-0.032064214155354875,0.19186712801456451,-0.3443032503128052,-0.02457041460303344,0.2509071081876755,-0.36450254917144775,-0.01439659557519235,0.2926604598760605,-0.3587636649608612,-0.007050805997380394
C,0.0,0.0,0.0,0.1166684478521347,-0.04204481840133667,0.07335768613447158,0.18884532153606415,-0.10805916786193848,0.10046528998245208,0.24564440548419952,-0.13601624965667725,0.102690338822498,0.2915072590112686,-0.17127346992492676,0.10323712203134505,0.11820195615291595,-0.2860262393951416,0.1340926882945439,0.17456193268299103,-0.3771897554397583,0.14332409176458327,0.23739998042583466,-0.393880695104599,0.13116137656797378,0.2865176349878311,-0.38302886486053467,0.1196237203799626,0.10720206797122955,-0.29442471265792847,0.07714138153423278,0.18382109701633453,-0.4084700345993042,0.0748096403800389,0.25346748530864716,-0.4045206904411316,0.050550140174522085,0.29387860000133514,-0.3578461706638336,0.03622289347876517,0.10010169446468353,-0.2914390563964844,0.019128994750275297,0.17317794263362885,-0.400145947933197,0.023772269221439046,0.24678228795528412,-0.3990932106971741,0.01897206689645259,0.2922297269105911,-0.36029839515686035,0.014606902109875364,0.1132517009973526,-0.25753891468048096,-0.03678873207937272,0.18041230738162994,-0.3443610668182373,-0.03088532973598035,0.2380634993314743,-0.36559945344924927,-0.025819272068844157,0.27948902547359467,-0.3592517375946045,-0.02300185923050435
C,0.0,0.0,0.0,0.11328473687171936,-0.03620427846908569,0.06273434240716824,0.18776148557662964,-0.10613083839416504,0.08580318022865185,0.24618402123451233,-0.13728463649749756,0.08710485626357922,0.29273533821105957,-0.17328709363937378,0.08786375750202069,0.11534589529037476,-0.2881583571434021,0.11934295226234326,0.17199572920799255,-0.3790091276168823,0.1270158283819569,0.2340940237045288,-0.3969855308532715,0.11642444808381924,0.28234854340553284,-0.38731104135513306,0.10682035912174115,0.10282933712005615,-0.29902738332748413,0.06975410808223614,0.17699751257896423,-0.41457194089889526,0.06760872084993252,0.24689838290214539,-0.4124630093574524,0.04810962010520825,0.28918999433517456,-0.3671535849571228,0.0373985574056519,0.09576785564422607,-0.29512691497802734,0.018506105284870955,0.16812416911125183,-0.4066871404647827,0.022857819910825583,0.2410203516483307,-0.4082828164100647,0.020268273766816947,0.2874857783317566,-0.3738970160484314,0.01764501374560723,0.10759162902832031,-0.2620238661766052,-0.03128868039351573,0.17304903268814087,-0.3506309390068054,-0.025540369335828927,0.22940051555633545,-0.3753628432750702,-0.020024305913864282,0.27157557010650635,-0.37415996193885803,-0.016648479510365632
C,0.0,0.0,0.0,0.12165647745132446,-0.03879678249359131,0.07346290911738151,0.1995576024055481,-0.10504919290542603,0.09937247450653786,0.26109930872917175,-0.13267701864242554,0.0985294860154795,0.31306543946266174,-0.16666430234909058,0.09424072320763344,0.13182368874549866,-0.2965257167816162,0.13933981026713127,0.18222928047180176,-0.3919220566749573,0.15245074595515007,0.24094334244728088,-0.41032174229621887,0.14334074224535698,0.28543150424957275,-0.39893800020217896,0.13325673903528923,0.1137758195400238,-0.3076046109199524,0.07965649481121773,0.18097755312919617,-0.42228877544403076,0.0817395132333445,0.2520168423652649,-0.42049482464790344,0.058441089496056975,0.2950718402862549,-0.3737368583679199,0.043779866799752654,0.100312739610672,-0.3058772385120392,0.01841635073725456,0.1681773066520691,-0.41658979654312134,0.0229077935517239,0.24613648653030396,-0.41493985056877136,0.016027655482332648,0.2959599494934082,-0.3773382306098938,0.010119030281941832,0.10429096221923828,-0.27488332986831665,-0.04070729573066956,0.16971606016159058,-0.3699965178966522,-0.03792371411617523,0.23013311624526978,-0.3896561861038208,-0.034391859516460954,0.2750930190086365,-0.3808863162994385,-0.032425215437967836
C,0.0,0.0,0.0,0.12255050241947174,-0.03754472732543945,0.0666717529081211,0.20280735194683075,-0.1008521318435669,0.08809895960320091,0.26629965007305145,-0.12753266096115112,0.08336435405243492,0.3179398328065872,-0.16592741012573242,0.07534824458588218,0.13516376912593842,-0.29839929938316345,0.13326972124804115,0.18679173290729523,-0.3986642062664032,0.14209870395887947,0.247438445687294,-0.41286444664001465,0.1281395196699009,0.2932528108358383,-0.39559876918792725,0.11490489689339256,0.11782445013523102,-0.30937641859054565,0.07540130762089348,0.1838049441576004,-0.42890551686286926,0.07451982197989082,0.25753508508205414,-0.42493700981140137,0.04568210018504715,0.3018444925546646,-0.37194615602493286,0.02645502386320686,0.10440193116664886,-0.3085009753704071,0.015488272138725279,0.17032183706760406,-0.42179739475250244,0.01930226159919357,0.2488066703081131,-0.41795897483825684,0.007745840192626474,0.2981611341238022,-0.37514278292655945,-0.0023717569868608734,0.10686181485652924,-0.27757036685943604,-0.0430549033201828,0.16948632895946503,-0.37342971563339233,-0.039907517305721285,0.2296556979417801,-0.3946947157382965,-0.038961543164361956,0.27463243901729584,-0.3862910270690918,-0.03989009412299538
C,0.0,0.0,0.0,0.12303665280342102,-0.03399491310119629,0.05006768764204139,0.20671463012695312,-0.0933523178100586,0.06487070978826637,0.27265650033950806,-0.12035608291625977,0.05713064805811996,0.3236732482910156,-0.16219735145568848,0.046185484390917964,0.16532030701637268,-0.2896571159362793,0.10128756822294349,0.20945894718170166,-0.3914003372192383,0.09592513204759712,0.2631361484527588,-0.40041548013687134,0.07679038704580421,0.3034804165363312,-0.3757457137107849,0.06241339282340164,0.14079800248146057,-0.30109959840774536,0.05043458030766601,0.192538321018219,-0.4304596781730652,0.037106232952538676,0.2588048279285431,-0.42589235305786133,0.007008883405688948,0.3009585738182068,-0.3716825246810913,-0.01167187350594645,0.11519163846969604,-0.3009920120239258,-0.0037560197503978543,0.17166441679000854,-0.428493857383728,-0.015971345592078023,0.24322587251663208,-0.42188143730163574,-0.03374081267767792,0.29139554500579834,-0.37560582160949707,-0.04495636536532288,0.09683170914649963,-0.2761339545249939,-0.05682068480902558,0.1573355793952942,-0.37370431423187256,-0.07075331895404702,0.21593472361564636,-0.3982328772544861,-0.0798209512119854,0.26262199878692627,-0.3924976587295532,-0.08549542515331154
C,0.0,0.0,0.0,0.12139356136322021,-0.029038965702056885,0.042094591669098236,0.20280566811561584,-0.08562260866165161,0.05465803261782298,0.2679295241832733,-0.10809195041656494,0.04550991546298633,0.31870660185813904,-0.1508747935295105,0.03342950310494075,0.16158604621887207,-0.27921438217163086,0.09887766431953082,0.20421257615089417,-0.3840489983558655,0.09018282931234012,0.2592505216598511,-0.394015908241272,0.06717180799628863,0.2995900809764862,-0.3701786398887634,0.050805516205088,0.13804590702056885,-0.2931176424026489,0.05194853957678447,0.18772852420806885,-0.42471784353256226,0.03456686776067386,0.2555902302265167,-0.4183899760246277,-0.0007425347442620023,0.2968795597553253,-0.3596576452255249,-0.022283833809837006,0.11346441507339478,-0.29592806100845337,0.0008580971176854746,0.16713038086891174,-0.42667150497436523,-0.014662727118178509,0.2378309667110443,-0.41663551330566406,-0.03638365153287282,0.28261610865592957,-0.3648991584777832,-0.04869321022246709,0.09466755390167236,-0.27356553077697754,-0.04975494775985112,0.15271717309951782,-0.37370118498802185,-0.06435421515320172,0.2119487226009369,-0.3939315378665924,-0.07437412101839413,0.25876516103744507,-0.38107308745384216,-0.07996458966348996
C,0.0,0.0,0.0,0.11665143072605133,-0.027439892292022705,0.021982064167190174,0.2000255435705185,-0.07898980379104614,0.02485908165030537,0.26722072064876556,-0.10420536994934082,0.011749026062119583,0.3218591958284378,-0.14398008584976196,-0.0031289172599429094,0.16359741985797882,-0.2734231948852539,0.06727538600020466,0.20329950749874115,-0.3791041970252991,0.047780137205649,0.25625212490558624,-0.39014774560928345,0.017774779046106914,0.29827214777469635,-0.36784929037094116,-0.0024229968672955238,0.13492660224437714,-0.28900814056396484,0.030897941136885265,0.18438602983951569,-0.41807594895362854,0.005449461912888864,0.2470344454050064,-0.4157005548477173,-0.0336240570301527,0.2894345670938492,-0.36570262908935547,-0.05838080525941791,0.10490651428699493,-0.29147976636886597,-0.010196899367343804,0.15865720808506012,-0.4198646545410156,-0.032118145679902455,0.22281192243099213,-0.4194340407848358,-0.05910667062349262,0.26847033202648163,-0.3770987391471863,-0.07536606893486919,0.07962097227573395,-0.27112239599227905,-0.0517606961781496,0.13633893430233002,-0.36518624424934387,-0.06960785791821422,0.1913575977087021,-0.39541909098625183,-0.08350320563263836,0.23803769052028656,-0.3943274915218353,-0.09263451800293865
C,0.0,0.0,0.0,0.1266353577375412,-0.023119986057281494,0.045134352343723094,0.206430122256279,-0.07472831010818481,0.05745349247996501,0.27132435142993927,-0.0969465970993042,0.046314993696853435,0.3278185576200485,-0.14331114292144775,0.030553592192575252,0.17098368704319,-0.2680549621582031,0.1093467006558626,0.21321170032024384,-0.37095168232917786,0.10132703726236514,0.26574544608592987,-0.38532784581184387,0.0719370076531618,0.30642618238925934,-0.3631291687488556,0.049119440662309444,0.1402009278535843,-0.28586846590042114,0.056689636605426585,0.1906193047761917,-0.4132494330406189,0.04041397740189723,0.25321196019649506,-0.4206821918487549,-0.006307733887240374,0.29400433599948883,-0.368113249540329,-0.039611676884248936,0.10776783525943756,-0.29236310720443726,-0.00033467347560645067,0.1602175384759903,-0.41869255900382996,-0.01541974133755275,0.22790537774562836,-0.42347609996795654,-0.04957539792115995,0.2746865600347519,-0.3787037134170532,-0.07387806679065534,0.08165313303470612,-0.2726288437843323,-0.056549420756653035,0.14339770376682281,-0.3691001236438751,-0.07275364006812879,0.2008766382932663,-0.3979082703590393,-0.09042214061076947,0.24810071289539337,-0.3917267918586731,-0.10438452864940473
C,0.0,0.0,0.0,0.12522849440574646,-0.01998758316040039,0.044707586919003006,0.20486629009246826,-0.07023632526397705,0.05649747878783273,0.2701350152492523,-0.09071153402328491,0.0450391712831788,0.3237350285053253,-0.14092320203781128,0.02842840917878675,0.17029112577438354,-0.26486021280288696,0.10410345525019693,0.21332573890686035,-0.3685333728790283,0.09382652670615244,0.2659405767917633,-0.38212913274765015,0.06271632194989252,0.3052408993244171,-0.3579930067062378,0.03845372602813768,0.139737069606781,-0.2812352776527405,0.05037455067508745,0.1931299865245819,-0.40888673067092896,0.030976429511838433,0.2555590569972992,-0.4125496745109558,-0.019178312341637138,0.2951328456401825,-0.3595706522464752,-0.05522744178301764,0.10729137063026428,-0.28762727975845337,-0.0074527869699068106,0.16176974773406982,-0.4128558039665222,-0.02504366270727587,0.22863981127738953,-0.41636747121810913,-0.06316505193240118,0.273451030254364,-0.37183380126953125,-0.09070461064106894,0.07984602451324463,-0.26778459548950195,-0.06423900842196417,0.14105013012886047,-0.3632603585720062,-0.08270931809670401,0.19714093208312988,-0.39444926381111145,-0.1036737021756835,0.2427445948123932,-0.3915101885795593,-0.12084243267304373
C,0.0,0.0,0.0,0.11949099600315094,-0.017438888549804688,0.032948027375311995,0.20022736489772797,-0.06729340553283691,0.04170351383385196,0.2682909518480301,-0.09029000997543335,0.030095729055972242,0.3207610100507736,-0.14259248971939087,0.014709744612844133,0.16750307381153107,-0.2654469609260559,0.09740516823825374,0.21115736663341522,-0.3679230809211731,0.08579464537200465,0.2615964561700821,-0.3816562294960022,0.05408419949111476,0.2981139272451401,-0.3579273223876953,0.030471022251219892,0.13694815337657928,-0.2850392460823059,0.05204155576524272,0.19229252636432648,-0.4079398512840271,0.033166448596091413,0.2510889917612076,-0.41438066959381104,-0.015248891887097216,0.28756581246852875,-0.3636763095855713,-0.04955684113207326,0.10403044521808624,-0.2948382496833801,0.0015238043956173897,0.16082532703876495,-0.41534075140953064,-0.0160224018514441,0.22376413643360138,-0.4216434955596924,-0.0527799846500443,0.26575545966625214,-0.37777504324913025,-0.07855625170174108,0.07377444207668304,-0.28096717596054077,-0.04894810634556279,0.1336921602487564,-0.37488484382629395,-0.06681022512617574,0.188624307513237,-0.4058036804199219,-0.08642281311455235,0.23492498695850372,-0.40127331018447876,-0.10172430890503392
C,0.0,0.0,0.0,0.1171942949295044,-0.017575621604919434,0.02817828101348141,0.1989710032939911,-0.0662764310836792,0.035234973628632815,0.26802462339401245,-0.08915042877197266,0.023399368722550662,0.32129499316215515,-0.13947856426239014,0.007955750313215049,0.17042073607444763,-0.265189528465271,0.09009725679885605,0.21570783853530884,-0.36555740237236023,0.07854060163032273,0.2636912167072296,-0.3813251852989197,0.04776739781033257,0.2992142140865326,-0.36110594868659973,0.024403710712306292,0.1390312910079956,-0.2850753664970398,0.04760106732379654,0.19605326652526855,-0.4023268222808838,0.028449409504048617,0.2523236870765686,-0.4115349054336548,-0.01901519219148895,0.2886716425418854,-0.3657072186470032,-0.05289028878081581,0.10544338822364807,-0.29504889249801636,-5.737593431831556e-05,0.16200050711631775,-0.41082054376602173,-0.017029882545955388,0.22236701846122742,-0.42095571756362915,-0.053062043290026395,0.2649642527103424,-0.38206443190574646,-0.07886359761226913,0.07375288009643555,-0.2826652526855469,-0.04810909474957725,0.12911733984947205,-0.37687093019485474,-0.06566876838672897,0.18208318948745728,-0.4115203022956848,-0.08541491548288604,0.22916415333747864,-0.4105953276157379,-0.1011293969558551
C,0.0,0.0,0.0,0.12206333875656128,-0.0138816237449646,0.03648911919793818,0.20297741889953613,-0.06349819898605347,0.048458875532958245,0.2706367075443268,-0.08695036172866821,0.039320749606702066,0.3219960629940033,-0.13891661167144775,0.025985631536457277,0.1729334592819214,-0.2628653049468994,0.10449345913133357,0.218531996011734,-0.3636496067047119,0.09717540201148722,0.26692286133766174,-0.38079833984375,0.06782841440639231,0.30247434973716736,-0.36111289262771606,0.04441669341525767,0.14102494716644287,-0.2830248475074768,0.05708289277157519,0.1982816457748413,-0.401822566986084,0.04052094873389933,0.25488847494125366,-0.4121989607810974,-0.008256535601105952,0.29141131043434143,-0.3674871623516083,-0.043802107308295035,0.10748538374900818,-0.29478883743286133,0.004620624150845742,0.16443443298339844,-0.40965160727500916,-0.01083078290918138,0.2259352207183838,-0.41857415437698364,-0.04879924896755483,0.2684647738933563,-0.37984520196914673,-0.07675663623609807,0.07576754689216614,-0.2840675115585327,-0.04773421082296636,0.1310161054134369,-0.37905678153038025,-0.06531767788925436,0.18355658650398254,-0.41369330883026123,-0.08675248417654302,0.22992321848869324,-0.4137599468231201,-0.10449601206579473
C,0.0,0.0,0.0,0.11154378950595856,-0.015305876731872559,0.00816979017184849,0.1996580809354782,-0.06466078758239746,0.009204410389827444,0.27269764244556427,-0.09142565727233887,-0.0023368684101683357,0.32480479776859283,-0.14161914587020874,-0.015149317308498667,0.17544890940189362,-0.2667618989944458,0.06441696491168614,0.22097711265087128,-0.3665439486503601,0.04912450667546864,0.2654809206724167,-0.3851618468761444,0.02085398640559788,0.3004494160413742,-0.37161362171173096,0.0007566992084662161,0.14418409764766693,-0.28909868001937866,0.03610493000672932,0.19908051192760468,-0.40009206533432007,0.016465335526334002,0.25036050379276276,-0.4151044487953186,-0.021574840507639692,0.2877217084169388,-0.3829406499862671,-0.04770678151322727,0.10860763490200043,-0.2997068762779236,0.0014997590573671005,0.1658797413110733,-0.4084113538265228,-0.016109379566444204,0.22037331759929657,-0.42518138885498047,-0.04352608565164928,0.2628997415304184,-0.40111100673675537,-0.06232993174268131,0.07130800187587738,-0.2901419997215271,-0.035036376304162786,0.12340746819972992,-0.38024622201919556,-0.051689385063184545,0.1727665513753891,-0.42103147506713867,-0.06657981369568233,0.22117547690868378,-0.4325116276741028,-0.07771748546434765
C,0.0,0.0,0.0,0.10387313365936279,-0.013259708881378174,-0.012863081051079917,0.19562199711799622,-0.06243693828582764,-0.02062017201450317,0.26825493574142456,-0.09287691116333008,-0.03530609524813144,0.3204019069671631,-0.14667397737503052,-0.049502722090153384,0.17244762182235718,-0.266990602016449,0.03459230148229153,0.21732613444328308,-0.36864179372787476,0.0090449293050483,0.2614065110683441,-0.3839941918849945,-0.02236412755217998,0.2934807538986206,-0.3669368028640747,-0.041897184317974734,0.140954852104187,-0.2920076251029968,0.019475077176423383,0.19692185521125793,-0.4005362093448639,-0.008585742777256655,0.24512487649917603,-0.40949761867523193,-0.045977673595814395,0.27732330560684204,-0.3753570318222046,-0.06897316417661159,0.10407403111457825,-0.30256083607673645,-0.0027390400506988044,0.16131627559661865,-0.4139586389064789,-0.027211935361890482,0.21123164892196655,-0.4304802119731903,-0.053564074551729846,0.2489909827709198,-0.4058176577091217,-0.06862808308568447,0.06267017126083374,-0.293967604637146,-0.02794118701484649,0.11299297213554382,-0.38369524478912354,-0.0478687836882159,0.1611991822719574,-0.4279741048812866,-0.06307240120139568,0.20829960703849792,-0.4417714476585388,-0.07226544908252208
C,0.0,0.0,0.0,0.10013672709465027,-0.012702465057373047,-0.012777682812384228,0.19475999474525452,-0.06582677364349365,-0.01987527632104502,0.26934370398521423,-0.09568899869918823,-0.033804267132154564,0.32035312056541443,-0.14912289381027222,-0.047474227332941155,0.17241832613945007,-0.2687646150588989,0.035936758434900185,0.2165224254131317,-0.36606210470199585,0.013724601408966919,0.26030081510543823,-0.3868979215621948,-0.015706100919715027,0.2945669889450073,-0.3765934705734253,-0.03481822782146082,0.1411539614200592,-0.29319047927856445,0.02074444158984079,0.19469726085662842,-0.40048664808273315,-0.003716709743684987,0.2422785460948944,-0.41296201944351196,-0.03884601914273844,0.27706319093704224,-0.38215410709381104,-0.061016547912231545,0.10404157638549805,-0.3032274842262268,-0.0014076695772473613,0.15891817212104797,-0.4118526875972748,-0.023157147177926163,0.2070237100124359,-0.4324299097061157,-0.047403457993141274,0.24505797028541565,-0.41400524973869324,-0.06198961608993159,0.062172502279281616,-0.29359179735183716,-0.026734211900702576,0.11212694644927979,-0.3809152841567993,-0.04517070152746783,0.1586352288722992,-0.4248726963996887,-0.05874960818277941,0.20441681146621704,-0.44106608629226685,-0.06730059110509501
C,0.0,0.0,0.0,0.0981343537569046,-0.013261556625366211,-0.018662278156909906,0.19217683374881744,-0.0663290023803711,-0.029145505827102625,0.26698096096515656,-0.09553241729736328,-0.04521136971953865,0.31944333016872406,-0.1483059525489807,-0.06105067821982857,0.16988112032413483,-0.2717489004135132,0.025681318167414702,0.21202929317951202,-0.37157708406448364,-0.0005727209157271318,0.2542022615671158,-0.3935359716415405,-0.032127218868765794,0.28762148320674896,-0.38241395354270935,-0.052131103899512254,0.13612894713878632,-0.2963138818740845,0.01290821229275707,0.18791337311267853,-0.403786838054657,-0.014113085892233812,0.23279158771038055,-0.41984468698501587,-0.05008904504421707,0.2663642317056656,-0.3909863531589508,-0.07295006382111069,0.09625224769115448,-0.30466392636299133,-0.007097949356023037,0.15034283697605133,-0.4128146171569824,-0.03084702099505421,0.1947919875383377,-0.43756866455078125,-0.0563286194467878,0.23128719627857208,-0.42166805267333984,-0.07179393487814423,0.051090583205223083,-0.292804479598999,-0.030611608725223505,0.10000680387020111,-0.3804982900619507,-0.050576838281187975,0.14469163119792938,-0.4303363561630249,-0.06569733339193817,0.1895752102136612,-0.4516894519329071,-0.07546467947605606
C,0.0,0.0,0.0,0.0972689837217331,-0.011846721172332764,-0.02243351236182889,0.19267307221889496,-0.06668436527252197,-0.034921946453039254,0.267546609044075,-0.09895455837249756,-0.05167902119654855,0.3221309632062912,-0.15057373046875,-0.06805636964935502,0.16973872482776642,-0.2750433087348938,0.01555308934104005,0.21111102402210236,-0.37912601232528687,-0.012212082261328305,0.2529967874288559,-0.4003652334213257,-0.04347734384435853,0.28758780658245087,-0.3897320032119751,-0.06347348027128419,0.13402880728244781,-0.2998206615447998,0.0042117764408544645,0.18477527797222137,-0.4108866751194,-0.025170488732044305,0.2305043488740921,-0.42575886845588684,-0.060610695259754266,0.26567547023296356,-0.3971409797668457,-0.0828964286317273,0.09244485199451447,-0.3065531849861145,-0.014119719604138936,0.14711309969425201,-0.41770774126052856,-0.040134853201095666,0.19188620150089264,-0.44075149297714233,-0.0654239007105275,0.23014120757579803,-0.4257811903953552,-0.08062222086090287,0.045459091663360596,-0.2925589084625244,-0.036074126588289346,0.09443701803684235,-0.38001030683517456,-0.05822192736167153,0.13871313631534576,-0.4328238368034363,-0.0743885584940358,0.18415765464305878,-0.4599001109600067,-0.0848752208818837
C,0.0,0.0,0.0,0.09868352115154266,-0.011214733123779297,-0.018622418891823145,0.1956361085176468,-0.06704926490783691,-0.029116461079752298,0.27205874025821686,-0.09805566072463989,-0.04500298949722037,0.3271758407354355,-0.14953923225402832,-0.06081920492295012,0.17394839227199554,-0.27574729919433594,0.02371288833376184,0.21644969284534454,-0.3796456456184387,-0.0012736628094671687,0.25847263634204865,-0.4022461175918579,-0.032032690968549105,0.2924618571996689,-0.3918258547782898,-0.05209137874487624,0.1382782906293869,-0.3010757565498352,0.010505050394499449,0.18957512080669403,-0.4136028289794922,-0.016639355596339556,0.23568595945835114,-0.4290286898612976,-0.05330788719300017,0.27017293870449066,-0.39876633882522583,-0.07680832224730239,0.09662877023220062,-0.30909639596939087,-0.009496787589228006,0.15162278711795807,-0.4208085238933563,-0.03351530062798247,0.19779767096042633,-0.4426310956478119,-0.060214851077830644,0.23614080250263214,-0.42545437812805176,-0.0768957175577043,0.05027620494365692,-0.2965003252029419,-0.03282647210005507,0.09981264173984528,-0.38463690876960754,-0.05346117916349158,0.14411596953868866,-0.43486255407333374,-0.06945091861132369,0.18914245069026947,-0.4589773118495941,-0.0801736824477075
C,0.0,0.0,0.0,0.09756357967853546,-0.014321088790893555,-0.0212452656194273,0.19306959211826324,-0.07281255722045898,-0.03315855400410328,0.27015508711338043,-0.10606908798217773,-0.04970102222409878,0.3264283388853073,-0.15591198205947876,-0.06576664956060085,0.17114461958408356,-0.281754732131958,0.01810187263640728,0.21171168982982635,-0.3884277641773224,-0.008451481589645482,0.2535839229822159,-0.4083075523376465,-0.0393264538213316,0.2887202650308609,-0.39834684133529663,-0.05941716791835461,0.13518698513507843,-0.30609190464019775,0.0060804609604474535,0.18644805252552032,-0.41999131441116333,-0.023030419142514802,0.23242972791194916,-0.43157923221588135,-0.05866361247149143,0.26825399696826935,-0.4023932218551636,-0.08096655668464336,0.09289418160915375,-0.3134620487689972,-0.012763940969080068,0.148564413189888,-0.4248768091201782,-0.03810204030719433,0.19548527896404266,-0.44227951765060425,-0.06273961277452145,0.23592673242092133,-0.42404675483703613,-0.0775790310069624,0.04491247236728668,-0.3008805811405182,-0.035246378050715066,0.0940323919057846,-0.38921862840652466,-0.0558928868338171,0.13818107545375824,-0.44058507680892944,-0.07054990740266476,0.18395812809467316,-0.46795883774757385,-0.08024843247380886
C,0.0,0.0,0.0,0.10179577767848969,-0.01856052875518799,-0.016947452972431165,0.19619490206241608,-0.07050943374633789,-0.027476453284521085,0.2709541767835617,-0.1014556884765625,-0.043519957984585744,0.3245738595724106,-0.1542593240737915,-0.059478010113139135,0.17224307358264923,-0.27930939197540283,0.023579529424409884,0.21443592011928558,-0.3814999461174011,-0.002626654288519603,0.25557513535022736,-0.40364789962768555,-0.03378648223986147,0.28972722589969635,-0.3931949734687805,-0.053868736202616674,0.1372147649526596,-0.3031644821166992,0.009665259097914713,0.18705089390277863,-0.4139847159385681,-0.018530418227214795,0.23289723694324493,-0.42954275012016296,-0.05461918475737093,0.26948054134845734,-0.40169841051101685,-0.07783059316386698,0.09601326286792755,-0.310371994972229,-0.011062396752436143,0.1476656049489975,-0.42145252227783203,-0.03695082205047129,0.1942923218011856,-0.4425085186958313,-0.06372824596871851,0.2352583259344101,-0.4253491759300232,-0.08022728847970484,0.05003364384174347,-0.2980377674102783,-0.03485674696673868,0.09801648557186127,-0.38643157482147217,-0.05741479160894869,0.14336799085140228,-0.43348270654678345,-0.07372580754270075,0.19080622494220734,-0.45494168996810913,-0.08436548250426767
C,0.0,0.0,0.0,0.09989611804485321,-0.014750480651855469,-0.018696334126389047,0.19546712934970856,-0.0650017261505127,-0.030114222231304666,0.27141614258289337,-0.09326672554016113,-0.04715509890297653,0.32630275189876556,-0.14334321022033691,-0.06415193705538513,0.16966117918491364,-0.2737864851951599,0.026080286216938475,0.21311511099338531,-0.37377744913101196,0.0017624925524160062,0.25508449971675873,-0.3971022963523865,-0.028740867885744592,0.28943781554698944,-0.3890688419342041,-0.04867182477096321,0.13547493517398834,-0.29837727546691895,0.013167614203894118,0.18634767830371857,-0.40721800923347473,-0.01288025817552807,0.23134009540081024,-0.42438217997550964,-0.04833925320485832,0.2661566585302353,-0.3968732953071594,-0.07114064125994446,0.0953623503446579,-0.30768802762031555,-0.006774172565883418,0.1484908014535904,-0.41690027713775635,-0.02972520879188778,0.19367550313472748,-0.4417757987976074,-0.05461077197173836,0.2320733219385147,-0.427894651889801,-0.07003373830298187,0.050656870007514954,-0.29668372869491577,-0.03023708416799309,0.10034708678722382,-0.38303884863853455,-0.04973362563828232,0.14464126527309418,-0.4303421974182129,-0.06378408699015381,0.18937437236309052,-0.45120975375175476,-0.07292366950491669
C,0.0,0.0,0.0,0.09847258031368256,-0.010196983814239502,-0.014725257094482913,0.19253765046596527,-0.05718117952346802,-0.025261682841460242,0.2666291147470474,-0.07918155193328857,-0.04187305589346124,0.32288725674152374,-0.119809091091156,-0.05891397168068124,0.16815347969532013,-0.2726212739944458,0.023330957245548234,0.20992670953273773,-0.375671923160553,-0.0030475905272169257,0.2526661306619644,-0.40084177255630493,-0.034497968304435744,0.28740061819553375,-0.39030545949935913,-0.05449384396104051,0.13544867932796478,-0.29425284266471863,0.008189806331415639,0.1867770403623581,-0.40736186504364014,-0.019315597984473243,0.23335261642932892,-0.4255995750427246,-0.05609090198902322,0.2690226286649704,-0.39588791131973267,-0.07979305033711626,0.09766755998134613,-0.2999034523963928,-0.013295112560967937,0.1507233828306198,-0.4145555794239044,-0.038135978776494994,0.19707058370113373,-0.43789803981781006,-0.0653208265188141,0.23586781322956085,-0.41850802302360535,-0.08192435597209169,0.05562867224216461,-0.28566646575927734,-0.03756385241774751,0.10507117211818695,-0.3765382170677185,-0.059255714911500945,0.1505163162946701,-0.4251817464828491,-0.07540657316474153,0.19576789438724518,-0.4436367154121399,-0.0856336573245926
C,0.0,0.0,0.0,0.09842967987060547,-0.013591527938842773,-0.007444541801021387,0.19069796800613403,-0.06456971168518066,-0.015540453970686485,0.26262152194976807,-0.08677709102630615,-0.03131101503248601,0.31971901655197144,-0.12276673316955566,-0.04766522570724874,0.16648447513580322,-0.27899008989334106,0.028007706261917065,0.20618245005607605,-0.38402146100997925,0.0033846675490281086,0.25095802545547485,-0.4081246256828308,-0.026577705882743885,0.28840163350105286,-0.39651620388031006,-0.046123484514907886,0.133142352104187,-0.29923078417778015,0.008052006929858635,0.18257609009742737,-0.41928768157958984,-0.019030295677737286,0.2345256209373474,-0.4354614019393921,-0.055599900327877094,0.2743009030818939,-0.40070435404777527,-0.0794178754019299,0.0963132381439209,-0.30205512046813965,-0.017714774601415684,0.1482948362827301,-0.4256165623664856,-0.0438573978769341,0.19949907064437866,-0.4450545012950897,-0.07255861758466153,0.24199146032333374,-0.4181150794029236,-0.09023474752183347,0.057269513607025146,-0.2836185693740845,-0.045533066980794956,0.10843342542648315,-0.3775051236152649,-0.06925944834227948,0.1572270393371582,-0.4243672490119934,-0.08731000720734983,0.20501434803009033,-0.4380396008491516,-0.09898248910184293
C,0.0,0.0,0.0,0.10054141283035278,-0.01869899034500122,-0.008606804770749932,0.19218403100967407,-0.0707474946975708,-0.01876792894057644,0.2638826072216034,-0.09129124879837036,-0.03667697147778881,0.3222758173942566,-0.12794601917266846,-0.05571989924959553,0.16546836495399475,-0.2848725914955139,0.024258767950016136,0.20196622610092163,-0.3891085386276245,-0.002582023389038568,0.2474881112575531,-0.4124433994293213,-0.03486333997301472,0.2874533236026764,-0.4003303050994873,-0.05610427842788113,0.13149750232696533,-0.3022553324699402,0.004103258947509403,0.17566931247711182,-0.42273908853530884,-0.02440619864813698,0.2297080159187317,-0.43954652547836304,-0.06297616870455158,0.27375972270965576,-0.4052160382270813,-0.08860328258327854,0.0940123200416565,-0.3022976517677307,-0.021655403313559418,0.1408008337020874,-0.42710644006729126,-0.048676641893905526,0.19397392868995667,-0.44509464502334595,-0.07843899936727894,0.24001392722129822,-0.4168351888656616,-0.0969022160892905,0.05501726269721985,-0.2796276807785034,-0.0495597815638007,0.10511022806167603,-0.3724130392074585,-0.07359010936073673,0.15382802486419678,-0.4167294502258301,-0.09165696264557255,0.2014768123626709,-0.42815101146698,-0.1033612957721175
C,0.0,0.0,0.0,0.10437104105949402,-0.014461338520050049,0.0033453844689006473,0.19535565376281738,-0.06643617153167725,-0.001024197929893944,0.26756879687309265,-0.08723622560501099,-0.016595755264518175,0.32521894574165344,-0.12561923265457153,-0.033903632805106554,0.17029902338981628,-0.2803577184677124,0.04561019639635333,0.209877610206604,-0.38522446155548096,0.025017071023228254,0.2562015950679779,-0.41014930605888367,-0.005630729280767355,0.2948751151561737,-0.3968542218208313,-0.02663886223768941,0.1368880271911621,-0.29969942569732666,0.019088251024129477,0.18352988362312317,-0.42505669593811035,-0.005738954551873121,0.2381395697593689,-0.442463219165802,-0.04668659020995847,0.27905935049057007,-0.4020276665687561,-0.07406228084897748,0.10086524486541748,-0.3030085265636444,-0.012644907020387564,0.15052202343940735,-0.43006616830825806,-0.03632058997487775,0.2071436047554016,-0.44666004180908203,-0.06863129188155881,0.2526267468929291,-0.41277724504470825,-0.08929114837980023,0.06581881642341614,-0.28307390213012695,-0.04567950640654317,0.11955738067626953,-0.3754125237464905,-0.06829598595237485,0.17080369591712952,-0.4146233797073364,-0.08760240723228208,0.21891948580741882,-0.4191970229148865,-0.10047573645448438
C,0.0,0.0,0.0,0.11085604131221771,-0.020631372928619385,0.01309567491728103,0.2038011997938156,-0.07345360517501831,0.013836110823035597,0.27569083869457245,-0.09456765651702881,0.0008226541077647198,0.33135445415973663,-0.13448721170425415,-0.013959898732423426,0.1756569892168045,-0.28147608041763306,0.06315116106736696,0.2167719155550003,-0.3823825716972351,0.04675160988438165,0.2656266838312149,-0.40467268228530884,0.017563112892389654,0.3074560612440109,-0.39238905906677246,-0.003326585635363699,0.14441616833209991,-0.2990107238292694,0.03115236095356977,0.19363172352313995,-0.4197821021080017,0.009501667574227213,0.2519311159849167,-0.43230509757995605,-0.03050162375700438,0.29572679102420807,-0.3903829753398895,-0.05738903687131369,0.11018909513950348,-0.30240142345428467,-0.006031922649412991,0.16232849657535553,-0.42559513449668884,-0.02602147974801028,0.22074346244335175,-0.4382822811603546,-0.055232045359730364,0.2677174359560013,-0.40448105335235596,-0.07430905581247771,0.07797597348690033,-0.28177958726882935,-0.04445566342008078,0.1332329660654068,-0.3721092939376831,-0.06271679431927168,0.18358047306537628,-0.4095311760902405,-0.07829104841482604,0.23062123358249664,-0.41478461027145386,-0.08905977488291228
C,0.0,0.0,0.0,0.10824736952781677,-0.020196378231048584,0.005107814828363644,0.20093020796775818,-0.07115888595581055,0.0009148602587742971,0.27164384722709656,-0.09182894229888916,-0.01461735376113893,0.3268011510372162,-0.13241088390350342,-0.031114483335556997,0.17146247625350952,-0.28004103899002075,0.043857412329373346,0.21199563145637512,-0.38359928131103516,0.020629985174593912,0.2610364556312561,-0.40216517448425293,-0.009787189857604517,0.30205413699150085,-0.38602951169013977,-0.030045908027830137,0.13990530371665955,-0.2968093752861023,0.016278868457732187,0.18960195779800415,-0.41894805431365967,-0.01068237618500234,0.24807938933372498,-0.42654457688331604,-0.04871341408187391,0.29056718945503235,-0.3841491937637329,-0.07321159736210348,0.1060154139995575,-0.2975528836250305,-0.01659021534914018,0.15837842226028442,-0.4216546416282654,-0.04054269389206411,0.21705248951911926,-0.43179064989089966,-0.06776224271351339,0.2629590928554535,-0.39766359329223633,-0.08451148317152501,0.0736129879951477,-0.27466994524002075,-0.05097088039809705,0.12602564692497253,-0.36434823274612427,-0.07173779801422597,0.1765192151069641,-0.40213435888290405,-0.08751175747210027,0.2232544720172882,-0.40889787673950195,-0.09771637068087102
C,0.0,0.0,0.0,0.10774067044258118,-0.021994829177856445,0.011712965448055002,0.19772687554359436,-0.07469820976257324,0.010044425618502828,0.267739474773407,-0.09637272357940674,-0.00450208002268937,0.3241593539714813,-0.13359975814819336,-0.019624052676704196,0.16540351510047913,-0.282118558883667,0.0544152351884577,0.20571056008338928,-0.3851584196090698,0.03471939068720076,0.25647178292274475,-0.40357357263565063,0.006762761980894538,0.2982877492904663,-0.3876873850822449,-0.011822098973539141,0.13624471426010132,-0.29771721363067627,0.02407195035800669,0.18437808752059937,-0.42265814542770386,-7.808921338892105e-05,0.24571755528450012,-0.4282680153846741,-0.035065123918798236,0.2889280617237091,-0.3821699619293213,-0.05690289113238123,0.10523268580436707,-0.29844212532043457,-0.011378739136603144,0.15660959482192993,-0.4252985715866089,-0.03280767995431688,0.2185187041759491,-0.4317362606525421,-0.05637584451153543,0.26513105630874634,-0.3934365510940552,-0.07014959502532747,0.07705371081829071,-0.2756233215332031,-0.04803265828206804,0.13097509741783142,-0.3655778467655182,-0.06589804041698244,0.18328440189361572,-0.4002819061279297,-0.07827662873580721,0.2301098108291626,-0.40331894159317017,-0.08565468538120058
C,0.0,0.0,0.0,0.1122143417596817,-0.0239068865776062,0.022816826577695792,0.20042262971401215,-0.07790595293045044,0.024471935804399436,0.26951487362384796,-0.0989343523979187,0.009680713515194839,0.32677359879016876,-0.13629001379013062,-0.006642255943802411,0.16650979220867157,-0.2867445945739746,0.0694299908237781,0.20791833102703094,-0.3935043215751648,0.05169965791276354,0.2604130357503891,-0.407660573720932,0.02285175862482447,0.30145619809627533,-0.38392922282218933,0.003454275883200353,0.13725115358829498,-0.3008081614971161,0.031381555821212714,0.18688742816448212,-0.4295288920402527,0.008461360807928031,0.2507462352514267,-0.43182098865509033,-0.029891244147506768,0.29289816319942474,-0.3782830238342285,-0.054259370092836434,0.10688899457454681,-0.30097776651382446,-0.01136327722349506,0.16075624525547028,-0.4280555844306946,-0.03048984800705057,0.2257864624261856,-0.43016213178634644,-0.05632233900257688,0.27212630212306976,-0.3853721618652344,-0.07240437996813398,0.08071784675121307,-0.276172399520874,-0.0547615354997788,0.13760392367839813,-0.36688661575317383,-0.07099621278473478,0.19159598648548126,-0.39979562163352966,-0.08413405996986967,0.23827128112316132,-0.3997003436088562,-0.09272861016222578
C,0.0,0.0,0.0,0.11706940829753876,-0.03007042407989502,0.030431131249031296,0.20267973840236664,-0.08564090728759766,0.032855000694951286,0.27020086348056793,-0.108528733253479,0.016882436698040237,0.3296082764863968,-0.144442617893219,-0.001109152567835281,0.16574902832508087,-0.28825944662094116,0.07561083917852329,0.20916874706745148,-0.39340731501579285,0.05977105384107517,0.26373521983623505,-0.406619668006897,0.03251203929420399,0.30772770941257477,-0.3847056031227112,0.013378906411787739,0.13826124370098114,-0.30141517519950867,0.032590519984921684,0.18956588208675385,-0.43395423889160156,0.011806476277968159,0.25453077256679535,-0.434663325548172,-0.024417457754054794,0.29860587418079376,-0.3816453814506531,-0.04788150603536678,0.10982616245746613,-0.3004644513130188,-0.014547824511566887,0.16588665544986725,-0.43060266971588135,-0.031146732742229233,0.23231400549411774,-0.43247777223587036,-0.053013834754267464,0.28002120554447174,-0.39148372411727905,-0.06740049237970425,0.0867653638124466,-0.2725011110305786,-0.06194236467246128,0.14648886024951935,-0.3645259141921997,-0.07523987407449795,0.202103391289711,-0.4000852704048157,-0.0850063260889442,0.24923260509967804,-0.40610435605049133,-0.09209863061670376
C,0.0,0.0,0.0,0.11591245234012604,-0.02909696102142334,0.02671064942370549,0.2047075480222702,-0.08911865949630737,0.028327665694462212,0.27363447844982147,-0.11143112182617188,0.012313647598432453,0.3280841261148453,-0.1523236632347107,-0.005558902460677473,0.15846551954746246,-0.2949812114238739,0.06925631447921887,0.20399661362171173,-0.40593600273132324,0.05060657247196332,0.2633632570505142,-0.41831815242767334,0.021662553243743332,0.3097674399614334,-0.3924573063850403,0.0023741358261872847,0.13316424190998077,-0.3049507141113281,0.02831420063267842,0.18933160603046417,-0.4416768550872803,0.0041891354438234885,0.260161891579628,-0.4394708275794983,-0.03545933083404407,0.30493976175785065,-0.3818073272705078,-0.059725439704550354,0.10797576606273651,-0.3012867271900177,-0.01645604946423873,0.16617421805858612,-0.43254101276397705,-0.03414224327315196,0.24008344113826752,-0.4326987862586975,-0.05891278625239238,0.28934235870838165,-0.38685256242752075,-0.07396875933517322,0.08912335336208344,-0.2680467963218689,-0.0616370351683031,0.14846493303775787,-0.3653402328491211,-0.07512081281055316,0.20767448842525482,-0.39853137731552124,-0.08644132182706699,0.2564737945795059,-0.3989497423171997,-0.09370428935397968
C,0.0,0.0,0.0,0.1186998188495636,-0.03107619285583496,0.03397206375905171,0.20511984825134277,-0.09042352437973022,0.03906575749226704,0.2734083831310272,-0.11515986919403076,0.024553158977710154,0.3271957039833069,-0.15768218040466309,0.007580405292742398,0.15652403235435486,-0.29430219531059265,0.08405009815999165,0.20422303676605225,-0.4012702703475952,0.07078422764845982,0.26419126987457275,-0.4114916920661926,0.04387908215232983,0.31080111861228943,-0.3881753385066986,0.024989420273982432,0.13233917951583862,-0.3056319057941437,0.039816671708308604,0.19059711694717407,-0.4390008747577667,0.020072379806720164,0.26149773597717285,-0.4350864291191101,-0.01774167855671749,0.30555057525634766,-0.377799391746521,-0.04105786075285778,0.10866573452949524,-0.3045116066932678,-0.008152517764187905,0.16787242889404297,-0.4340430200099945,-0.021347504383243177,0.2420889437198639,-0.43206965923309326,-0.04228233387163982,0.2911258339881897,-0.3873419761657715,-0.055267775705374333,0.09253901243209839,-0.2744324207305908,-0.05647485171846256,0.1524387001991272,-0.37240836024284363,-0.06587734659603939,0.21189147233963013,-0.4005126953125,-0.07295188148907528,0.25979477167129517,-0.39653947949409485,-0.07746463110140667
C,0.0,0.0,0.0,0.11260455846786499,-0.023685812950134277,0.01817986283961659,0.20158571004867554,-0.08628320693969727,0.01656492714349156,0.27076950669288635,-0.11291009187698364,0.0003987688028530556,0.3269020915031433,-0.1462392807006836,-0.017204175623618312,0.16022872924804688,-0.2876605987548828,0.049689100203551106,0.2081018090248108,-0.39260333776474,0.024254682553447537,0.267723023891449,-0.3978058695793152,-0.00749241506170506,0.3128865659236908,-0.36667758226394653,-0.028342065321766086,0.13556531071662903,-0.2980237603187561,0.01481945261869555,0.19516998529434204,-0.4259113371372223,-0.0165151347541439,0.2663799524307251,-0.41465437412261963,-0.056086248638592906,0.31031519174575806,-0.3577007055282593,-0.07964737984772796,0.10912299156188965,-0.2943068742752075,-0.023791824387870975,0.16914930939674377,-0.41714245080947876,-0.047761346133910365,0.24204206466674805,-0.413203626871109,-0.07246405902739639,0.29067206382751465,-0.3721906542778015,-0.08682439002629394,0.08680987358093262,-0.26644039154052734,-0.06297738376494522,0.1426146924495697,-0.3537162244319916,-0.08103496852751846,0.20153385400772095,-0.38308364152908325,-0.09387167814608688,0.2505825161933899,-0.3858603835105896,-0.10192287239667053
C,0.0,0.0,0.0,0.11021462082862854,-0.018229961395263672,0.018989854950177687,0.20529749989509583,-0.07811683416366577,0.019748080048429983,0.27640560269355774,-0.10113900899887085,0.007231035262066143,0.33174002170562744,-0.12859106063842773,-0.006340945612919313,0.15786859393119812,-0.28885766863822937,0.05364893515752556,0.2148032784461975,-0.37750256061553955,0.03513449569391014,0.2764236629009247,-0.3788096606731415,0.006805319796967524,0.32330918312072754,-0.3504270315170288,-0.013122747194302065,0.13505277037620544,-0.2992803156375885,0.021469823542702215,0.20778125524520874,-0.41362670063972473,-0.003319159390684945,0.27731701731681824,-0.3963738679885864,-0.040297220003139955,0.3193989098072052,-0.3399176597595215,-0.06297577033592461,0.11309060454368591,-0.2949056029319763,-0.013515023988020403,0.18379256129264832,-0.4003726840019226,-0.03068681108607052,0.2581961750984192,-0.3932642936706543,-0.05289975787354706,0.3069920539855957,-0.3501349687576294,-0.06673676381660698,0.09911110997200012,-0.26276934146881104,-0.049162744086515886,0.16429030895233154,-0.34344545006752014,-0.06074961135936974,0.2253287434577942,-0.3643413186073303,-0.06978504965854881,0.2739829421043396,-0.35918205976486206,-0.07588093588901756
C,0.0,0.0,0.0,0.10958677530288696,-0.01814866065979004,0.018772143859791868,0.20500391721725464,-0.07782083749771118,0.019110767159986608,0.2757927477359772,-0.10098892450332642,0.0065227253254533935,0.3317969739437103,-0.128187894821167,-0.007054385739934332,0.15992304682731628,-0.28530001640319824,0.050657542411613576,0.214997798204422,-0.3748447299003601,0.03274410403184902,0.274400919675827,-0.38009417057037354,0.006226827379691713,0.3211972415447235,-0.3574696183204651,-0.012609804991257079,0.13559100031852722,-0.2958032488822937,0.018577305589246862,0.2045837938785553,-0.41057831048965454,-0.004419363114607222,0.27292612195014954,-0.398856520652771,-0.037546729679775126,0.31673556566238403,-0.34904706478118896,-0.05801301636881817,0.11202922463417053,-0.29073652625083923,-0.016405288140845187,0.18157780170440674,-0.3959506154060364,-0.03287660890407551,0.2548404335975647,-0.3934192657470703,-0.05178752728886593,0.30544665455818176,-0.357719749212265,-0.06372767874188412,0.09657749533653259,-0.25921106338500977,-0.05211549439616192,0.1601557731628418,-0.33795616030693054,-0.06363125332779873,0.21941301226615906,-0.3606664538383484,-0.0709388200301646,0.2678965628147125,-0.3597526252269745,-0.07575845160670269
C,0.0,0.0,0.0,0.112050861120224,-0.02092885971069336,0.019317299935323717,0.20843175053596497,-0.07495343685150146,0.017932698938352587,0.27866560220718384,-0.09402978420257568,0.0030904285305268786,0.3352542519569397,-0.1220998764038086,-0.012761380647020815,0.16549161076545715,-0.2805511951446533,0.05164856730709744,0.22377854585647583,-0.36522769927978516,0.0323281203092165,0.28220218420028687,-0.3707889914512634,0.0046738804013557456,0.3289846181869507,-0.3474804759025574,-0.01516822458495426,0.13989847898483276,-0.29214757680892944,0.018121282446486475,0.21166738867759705,-0.4030420780181885,-0.007730302990125892,0.27787482738494873,-0.39328405261039734,-0.042709306937354086,0.3214740455150604,-0.3415968418121338,-0.06418848143209743,0.11458414793014526,-0.2878977060317993,-0.01853964397002983,0.1863485872745514,-0.39240920543670654,-0.03729825944890308,0.25824984908103943,-0.39119482040405273,-0.057838373941081045,0.3099871277809143,-0.35451388359069824,-0.07086044655432033,0.09782205522060394,-0.25587666034698486,-0.05587876693596172,0.1625465750694275,-0.32738062739372253,-0.06943108246912288,0.22132134437561035,-0.34878435730934143,-0.07853566215624141,0.2707894444465637,-0.34639695286750793,-0.0847728933512144
C,0.0,0.0,0.0,0.11003267765045166,-0.01585566997528076,0.018567296608154038,0.21070820093154907,-0.06799769401550293,0.017566296203796128,0.28435009717941284,-0.08569258451461792,0.004016864045325974,0.33858123421669006,-0.10935664176940918,-0.010026196086045047,0.16005262732505798,-0.2774999737739563,0.05080602963155911,0.22415539622306824,-0.36008796095848083,0.03148865227288411,0.28736159205436707,-0.362243115901947,0.002872120520834187,0.3361017107963562,-0.33465278148651123,-0.017119617269571563,0.1384791135787964,-0.28685495257377625,0.019176003454987267,0.22332549095153809,-0.39621439576148987,-0.010144236565764686,0.2919465899467468,-0.37433308362960815,-0.048379519091184875,0.3299470543861389,-0.31206244230270386,-0.06979886169844463,0.11788251996040344,-0.2823368310928345,-0.014694728956754943,0.19693678617477417,-0.3833409547805786,-0.033647106097276946,0.2726524770259857,-0.3738245964050293,-0.05566259200983836,0.3201759159564972,-0.3273767828941345,-0.0680427225988467,0.10696592926979065,-0.24801212549209595,-0.04910909111910655,0.17624524235725403,-0.3223608732223511,-0.05978804554158046,0.23854202032089233,-0.3365169167518616,-0.0679109665315707,0.28644225001335144,-0.3244829773902893,-0.07281831379347636
C,0.0,0.0,0.0,0.1098913699388504,-0.014934420585632324,0.01686711794218354,0.21281908452510834,-0.06756353378295898,0.016026059151499794,0.28793157637119293,-0.08408409357070923,0.002899864907249139,0.3424176126718521,-0.10609102249145508,-0.010322739384264423,0.16014008224010468,-0.2802830934524536,0.05382760799011521,0.22245271503925323,-0.3625815808773041,0.03559369033655457,0.2859962433576584,-0.36682388186454773,0.006645862464665697,0.33624477684497833,-0.3413551151752472,-0.013906204155773594,0.1391361504793167,-0.28845280408859253,0.023135796175211,0.22486744821071625,-0.39506199955940247,-0.005923718228132202,0.29305310547351837,-0.3745197653770447,-0.045659197508484795,0.3307487517595291,-0.3146044611930847,-0.06808412262716956,0.11898346245288849,-0.28362464904785156,-0.010070364936382248,0.19912774860858917,-0.3778594732284546,-0.02856316232600875,0.2743634134531021,-0.3697620630264282,-0.051462499438912346,0.3207358866930008,-0.3246900737285614,-0.06436689385691352,0.10876794159412384,-0.24751323461532593,-0.04412858003297515,0.1796124428510666,-0.3180347681045532,-0.053695274531037285,0.2412346452474594,-0.333327054977417,-0.06203108468571372,0.2880668491125107,-0.3231932520866394,-0.06721925923147865
C,0.0,0.0,0.0,0.11228765547275543,-0.012953400611877441,0.023667658703459438,0.2107318490743637,-0.06027674674987793,0.02352462990774029,0.2832449823617935,-0.07332110404968262,0.009276366816891368,0.3389299660921097,-0.09049999713897705,-0.005988082358555857,0.1690199226140976,-0.27239006757736206,0.051096721576584514,0.23266585171222687,-0.3577103316783905,0.030867048563493427,0.29511456191539764,-0.35574251413345337,0.0033242495507579406,0.34068746864795685,-0.32065021991729736,-0.015003614103363816,0.14697186648845673,-0.28278040885925293,0.016293072165979083,0.2315024584531784,-0.3901239037513733,-0.011346193937527005,0.30083195865154266,-0.36743927001953125,-0.04656910614477283,0.3361455053091049,-0.3020417094230652,-0.06625588701473362,0.12595902383327484,-0.2772666811943054,-0.02062573002086765,0.20757080614566803,-0.37854230403900146,-0.039795939786301915,0.28278155624866486,-0.3637222647666931,-0.06098298074113018,0.3266124278306961,-0.3099505305290222,-0.07257199750648624,0.11343653500080109,-0.24388086795806885,-0.05757324115739948,0.18558888137340546,-0.31682947278022766,-0.07093320505128986,0.2486349195241928,-0.3303041458129883,-0.08054294900404102,0.29591454565525055,-0.31423112750053406,-0.08571799562679416
C,0.0,0.0,0.0,0.12137746810913086,-0.012231528759002686,0.02992092022111592,0.22145763039588928,-0.05744045972824097,0.028627780688907478,0.2927325665950775,-0.06645023822784424,0.01199775324573693,0.35301315784454346,-0.07413464784622192,-0.00645285197163048,0.1818789839744568,-0.2669116258621216,0.046804950995351646,0.25422772765159607,-0.3412095606327057,0.023232865570093963,0.3174372613430023,-0.3318377435207367,-0.005949878176693346,0.36236828565597534,-0.28972554206848145,-0.026003417136166718,0.15798836946487427,-0.275331974029541,0.0059824897479074934,0.2507530748844147,-0.3718399405479431,-0.025809605183098938,0.3212237060070038,-0.3442589044570923,-0.06172842769512954,0.35684633255004883,-0.2764943838119507,-0.0821515717972261,0.13574838638305664,-0.26523852348327637,-0.036199952052925255,0.22552767395973206,-0.3578450679779053,-0.058320234106872704,0.3006986081600189,-0.34013497829437256,-0.07836126773247543,0.34603139758110046,-0.2911014258861542,-0.08989823846707168,0.12203383445739746,-0.22636020183563232,-0.0778192901481134,0.19834953546524048,-0.2904941439628601,-0.09319404749760452,0.2613550126552582,-0.3073759377002716,-0.10251966355929198,0.309533029794693,-0.30106639862060547,-0.10834302990326705
C,0.0,0.0,0.0,0.11360765993595123,-0.006456553936004639,0.023102500160263162,0.2165583223104477,-0.05187380313873291,0.023989145328329187,0.29011835157871246,-0.06071126461029053,0.011966436785684209,0.34685249626636505,-0.06946516036987305,-0.0001534680150996337,0.17014391720294952,-0.2660442590713501,0.05100877830855666,0.24792225658893585,-0.33852511644363403,0.030900169779584985,0.31283505260944366,-0.3344572186470032,0.0033376753898721745,0.36179809272289276,-0.298620343208313,-0.015536782647444625,0.15113551914691925,-0.27496767044067383,0.01725391173832236,0.25745774805545807,-0.37332624197006226,-0.015402305255605597,0.3231594115495682,-0.34275609254837036,-0.0533132416558999,0.35521943867206573,-0.27399808168411255,-0.0730157432509202,0.1342688351869583,-0.26944488286972046,-0.0181393114281434,0.22924862802028656,-0.36179202795028687,-0.038504016901327986,0.3036283105611801,-0.34326016902923584,-0.060717520619704146,0.34716542065143585,-0.29016435146331787,-0.07247837757594766,0.12779118120670319,-0.23227286338806152,-0.053542067612482924,0.20871682465076447,-0.30043303966522217,-0.06403069322831811,0.27334605157375336,-0.3103411793708801,-0.07287485277183237,0.3209669142961502,-0.2953445315361023,-0.07844748472697916
C,0.0,0.0,0.0,0.1090620756149292,-0.011049509048461914,0.024886550540088592,0.21478311717510223,-0.0652928352355957,0.027871411452053962,0.287833109498024,-0.07967531681060791,0.020081695327519355,0.3369780033826828,-0.08771622180938721,0.014945855522512375,0.14239563047885895,-0.283344566822052,0.051775776008128105,0.2416263371706009,-0.3435772657394409,0.02806527928447622,0.3171158581972122,-0.3366943299770355,-0.004983288543314757,0.37544216215610504,-0.2937444746494293,-0.026728726765156807,0.13408516347408295,-0.28017348051071167,0.018924612710236488,0.2768833488225937,-0.3698943257331848,-0.0243058668729077,0.3392149358987808,-0.3315354585647583,-0.06841318666005236,0.362864151597023,-0.2544756531715393,-0.0871433725860129,0.13123388588428497,-0.26665621995925903,-0.014118140405059876,0.245748832821846,-0.35964536666870117,-0.03371734156274897,0.3187059909105301,-0.33895260095596313,-0.05143424852752787,0.35816527903079987,-0.2876473069190979,-0.05787383004093272,0.13995902240276337,-0.22049051523208618,-0.047340016653777184,0.2315007597208023,-0.28499123454093933,-0.048382092108965935,0.2959895581007004,-0.29582512378692627,-0.049376774420977654,0.34024445712566376,-0.28645968437194824,-0.04895609601402384
C,0.0,0.0,0.0,0.11142492294311523,-0.01449894905090332,0.022242676978180498,0.21361155807971954,-0.0775408148765564,0.021325806667277902,0.2855942100286484,-0.0929461121559143,0.009485818025837034,0.3321404308080673,-0.10314714908599854,0.000231868094829224,0.13531456887722015,-0.2841944694519043,0.045432704081008524,0.234657421708107,-0.35249555110931396,0.018444264819095224,0.3108658939599991,-0.3439391851425171,-0.018444895232846648,0.3743647187948227,-0.30030086636543274,-0.0439239120584034,0.1296442598104477,-0.27439025044441223,0.011975791816780657,0.2732202857732773,-0.3807770609855652,-0.035781522701313406,0.33587057888507843,-0.3427313268184662,-0.08346974984817734,0.3665664345026016,-0.26646101474761963,-0.10515242205076447,0.1291600912809372,-0.2566342353820801,-0.021336521441867262,0.24373270571231842,-0.3521617352962494,-0.042232529680063635,0.31874440610408783,-0.33572959899902344,-0.06294807181768647,0.3613400310277939,-0.2846335470676422,-0.07248193905763856,0.14178691804409027,-0.20638233423233032,-0.05529508129768601,0.23355261981487274,-0.26925718784332275,-0.05389044568948975,0.29731933772563934,-0.28194376826286316,-0.054915559897949606,0.3427170664072037,-0.27315855026245117,-0.056394235650827795
C,0.0,0.0,0.0,0.11490605771541595,-0.017938077449798584,0.02496729509593365,0.21741460263729095,-0.08482784032821655,0.025165037230266307,0.2879319041967392,-0.10486632585525513,0.014100412816418384,0.3341849595308304,-0.11084818840026855,0.005259916630251382,0.14029841125011444,-0.28455403447151184,0.040563047841800426,0.23869897425174713,-0.3591156303882599,0.014699738450957511,0.3140345364809036,-0.3477696180343628,-0.018100553213940884,0.3749403804540634,-0.30417579412460327,-0.040693244918571736,0.13291512429714203,-0.2779703736305237,0.005919835042817567,0.27617068588733673,-0.3843228220939636,-0.03772430775998714,0.3380170315504074,-0.34561359882354736,-0.0790522312962878,0.36767004430294037,-0.27443528175354004,-0.09766317067979458,0.13077615201473236,-0.259757936000824,-0.0282350192063916,0.24496938288211823,-0.35522186756134033,-0.04804605899690273,0.32018862664699554,-0.33620208501815796,-0.06445716975568416,0.3639172166585922,-0.2837134599685669,-0.07185680328248623,0.14311714470386505,-0.20901232957839966,-0.06279306767820003,0.23409689962863922,-0.2753545641899109,-0.0636873683178294,0.29954029619693756,-0.28630155324935913,-0.06414612291692379,0.34702716767787933,-0.2757776975631714,-0.0650948127949107
C,0.0,0.0,0.0,0.12397193908691406,-0.03343832492828369,0.04766601324200792,0.2154797613620758,-0.09796786308288574,0.055260349066259096,0.2815893888473511,-0.11612099409103394,0.045084554703237245,0.3339482843875885,-0.12271249294281006,0.034911639989616106,0.13985347747802734,-0.2840881943702698,0.07043280825138254,0.2391994297504425,-0.3618905544281006,0.05335233360648317,0.3155520260334015,-0.3489260673522949,0.024431014434696863,0.37570294737815857,-0.3107200562953949,0.003414361040370295,0.1351642608642578,-0.2779235243797302,0.02431461960196657,0.27488619089126587,-0.38232600688934326,-0.006589974275527766,0.34336236119270325,-0.3504258394241333,-0.044134769587515166,0.375672310590744,-0.2816694378852844,-0.06296284124135809,0.13610592484474182,-0.25641930103302,-0.02044709026694136,0.25333014130592346,-0.35475075244903564,-0.02762160263836222,0.3285278081893921,-0.3378284275531769,-0.03562091290831404,0.37171679735183716,-0.2890099883079529,-0.04017716273546057,0.1526513695716858,-0.19887161254882812,-0.0645228661584838,0.24662303924560547,-0.27048736810684204,-0.05648943409204321,0.31285831332206726,-0.28688257932662964,-0.04921930655717688,0.3591313660144806,-0.28198301792144775,-0.045548804103134444
C,0.0,0.0,0.0,0.1255522072315216,-0.037708282470703125,0.05251462770738158,0.21070057153701782,-0.10044246912002563,0.06229631243385825,0.2744431793689728,-0.11698585748672485,0.053281664979834886,0.32988178730010986,-0.1206444501876831,0.044129450005669923,0.13748234510421753,-0.28545087575912476,0.07271029813327345,0.23501178622245789,-0.360135018825531,0.05581684423722777,0.31184664368629456,-0.3469981849193573,0.029054634404559465,0.3691306710243225,-0.30932578444480896,0.010016873610396715,0.13256800174713135,-0.2821034789085388,0.025139754769583078,0.2674071490764618,-0.3814806640148163,-0.0006649778655685168,0.3395094871520996,-0.35244020819664,-0.032125331329922346,0.3732745051383972,-0.2885845899581909,-0.04859440760574785,0.13436663150787354,-0.2600170373916626,-0.021410394328455595,0.25158458948135376,-0.35704705119132996,-0.027590537312249808,0.32621628046035767,-0.3401629328727722,-0.03265386434159723,0.36737316846847534,-0.2925306558609009,-0.035910431164126067,0.15214550495147705,-0.20426541566848755,-0.06686260538063493,0.245611310005188,-0.2730329632759094,-0.061686213928084044,0.31137344241142273,-0.28828704357147217,-0.05516665043197122,0.3573570251464844,-0.28223615884780884,-0.0516668668564364
C,0.0,0.0,0.0,0.12459549307823181,-0.03342485427856445,0.046904775736578586,0.21440792083740234,-0.09779626131057739,0.054027504710205676,0.27901366353034973,-0.1163259744644165,0.04389933818364966,0.3326590061187744,-0.11949151754379272,0.03401237675333846,0.13915866613388062,-0.2817431092262268,0.06456470811153281,0.23932555317878723,-0.35546910762786865,0.043906036255606296,0.3204512894153595,-0.3422189950942993,0.012843750839778068,0.3805069029331207,-0.30239275097846985,-0.009250578979305146,0.13419345021247864,-0.27553391456604004,0.018738561732419612,0.2751201093196869,-0.37537235021591187,-0.012511198917678712,0.3486926257610321,-0.3444110155105591,-0.05017377859567773,0.38216814398765564,-0.28142064809799194,-0.07064684158777368,0.13552263379096985,-0.253348708152771,-0.025763050230494855,0.25630277395248413,-0.3484610617160797,-0.03473890623664033,0.33408501744270325,-0.33007490634918213,-0.04342230460261476,0.37613943219184875,-0.28105634450912476,-0.04911571791981828,0.15326830744743347,-0.19592350721359253,-0.06943837231611383,0.2474849820137024,-0.26465070247650146,-0.06458503431295526,0.314938485622406,-0.2797843813896179,-0.05922047099684846,0.3611455261707306,-0.27339452505111694,-0.056993477555266736
C,0.0,0.0,0.0,0.12413626909255981,-0.03655540943145752,0.04640862665564782,0.2150520384311676,-0.09840178489685059,0.0537835130789972,0.2820201814174652,-0.11488908529281616,0.04456372506410844,0.33213910460472107,-0.11958014965057373,0.03592678106815583,0.13455820083618164,-0.2814648151397705,0.06692395306617982,0.23385784029960632,-0.3576064109802246,0.04721756599337823,0.31147247552871704,-0.34985387325286865,0.016086045126030513,0.3740161955356598,-0.3148195445537567,-0.006586158243408136,0.1305709183216095,-0.2730475068092346,0.022028905744264193,0.27345553040504456,-0.38240712881088257,-0.012853324939896993,0.34162577986717224,-0.35093382000923157,-0.0536712972125315,0.37540850043296814,-0.28591418266296387,-0.07457086496560805,0.1321711540222168,-0.2527300715446472,-0.021305602570464544,0.25002747774124146,-0.3549283742904663,-0.031794027020623616,0.3245886266231537,-0.3388662338256836,-0.04401201807468169,0.3672678768634796,-0.2923990488052368,-0.051407676716735295,0.1484852433204651,-0.19782143831253052,-0.06365771644323104,0.2424430549144745,-0.2678089141845703,-0.0574324732324385,0.30770453810691833,-0.2829653024673462,-0.05327707954256766,0.3539575934410095,-0.27854645252227783,-0.052439507623603276
C,0.0,0.0,0.0,0.11995716392993927,-0.029553890228271484,0.03961140712593192,0.21624013781547546,-0.09495830535888672,0.04595309546087378,0.2848171293735504,-0.11287415027618408,0.037559912110310734,0.33451494574546814,-0.12038350105285645,0.030274861062508762,0.13925299048423767,-0.2832963466644287,0.05955399250481719,0.23640072345733643,-0.3611487150192261,0.038241662586671055,0.31315502524375916,-0.35557472705841064,0.007178505918574274,0.37398436665534973,-0.31749117374420166,-0.014467212801235974,0.1332327127456665,-0.27768635749816895,0.01860388232265109,0.27313917875289917,-0.38885262608528137,-0.0179843022128523,0.34011346101760864,-0.35886144638061523,-0.05785655552651292,0.3722900450229645,-0.29044556617736816,-0.07689676756169206,0.13229864835739136,-0.2593321204185486,-0.021303439011234104,0.2471659779548645,-0.3616863489151001,-0.03432607600595361,0.3214348256587982,-0.3483307957649231,-0.047947030012863934,0.36355289816856384,-0.30109328031539917,-0.05511356094982034,0.14566382765769958,-0.20655405521392822,-0.060578055178183376,0.23730775713920593,-0.2770373821258545,-0.056948720907229244,0.3011358082294464,-0.29306453466415405,-0.054500121121662914,0.34620174765586853,-0.287746399641037,-0.05386712724472886
C,0.0,0.0,0.0,0.11584527790546417,-0.018277406692504883,0.02966458861050114,0.2151636928319931,-0.08426427841186523,0.03393123436984524,0.28631310164928436,-0.10128438472747803,0.02409806426879868,0.3415507525205612,-0.11357742547988892,0.01556147400555119,0.14372165501117706,-0.28912729024887085,0.06427973274406895,0.2270040661096573,-0.363889217376709,0.04777384687480435,0.29670460522174835,-0.3659958839416504,0.020089372510881276,0.3536920100450516,-0.33645182847976685,0.0005508895105208467,0.13169603049755096,-0.291806161403656,0.02774750765678391,0.24624226987361908,-0.4045400023460388,-0.0025169779706288864,0.31127090752124786,-0.3831360936164856,-0.03930228065433994,0.34624557197093964,-0.31565478444099426,-0.0572583289045383,0.1239585131406784,-0.28042730689048767,-0.010004834753601699,0.2230353206396103,-0.3795554041862488,-0.023323406015663295,0.2966125160455704,-0.37038254737854004,-0.039541392137437015,0.34060893952846527,-0.3246542811393738,-0.04796697433772579,0.13163049519062042,-0.2341747283935547,-0.04803517695251003,0.21897338330745697,-0.3032267093658447,-0.04651281099501148,0.28228263556957245,-0.3215215802192688,-0.0468162321645309,0.32750169932842255,-0.31678569316864014,-0.04784715410056606
C,0.0,0.0,0.0,0.11521449685096741,-0.016464412212371826,0.027854911830388573,0.21563497185707092,-0.08531105518341064,0.03135332636173871,0.2879834473133087,-0.10486406087875366,0.021645136024915246,0.3421604633331299,-0.11664712429046631,0.013467416014634637,0.1417754590511322,-0.2936244308948517,0.060313986461721925,0.22380205988883972,-0.3702033758163452,0.043185410868488816,0.2939335107803345,-0.3741365671157837,0.015599020604156522,0.3507344126701355,-0.34553539752960205,-0.003517934506646725,0.13058695197105408,-0.295073926448822,0.025306476127468613,0.24503150582313538,-0.4085615873336792,-0.006014407299346658,0.3103107810020447,-0.38635876774787903,-0.04180726237956378,0.3444993197917938,-0.31932902336120605,-0.058224911022819015,0.12391319870948792,-0.28313878178596497,-0.010815496709085437,0.22214996814727783,-0.384377121925354,-0.025147786516583892,0.2960348427295685,-0.37579792737960815,-0.040645936656630965,0.339854896068573,-0.33025655150413513,-0.047729360092318984,0.1329953372478485,-0.2370268702507019,-0.047201914865411254,0.2182256281375885,-0.30953145027160645,-0.04629931055370662,0.2808590233325958,-0.3295137882232666,-0.04645697974029872,0.325592577457428,-0.32566124200820923,-0.04679582096997592
C,0.0,0.0,0.0,0.12196595966815948,-0.021471858024597168,0.04269464135424528,0.22032712399959564,-0.08588379621505737,0.055980792346161934,0.29080192744731903,-0.10787069797515869,0.05143401593224439,0.3465885668992996,-0.1257784366607666,0.045951699915093513,0.16636793315410614,-0.2904299199581146,0.08837077215568456,0.2325514703989029,-0.37596946954727173,0.08225690022365484,0.2941385358572006,-0.38651758432388306,0.061570232811135384,0.34186284244060516,-0.36504632234573364,0.04600639835254583,0.14540766179561615,-0.30111610889434814,0.045963222237986656,0.231138214468956,-0.4145340323448181,0.02988017916933927,0.29920680820941925,-0.4013659358024597,-0.0006485120786976495,0.337048277258873,-0.34237968921661377,-0.01769258074207869,0.12738929688930511,-0.29681819677352905,0.0015601203383255324,0.20864851772785187,-0.4034377932548523,-0.006544850689607529,0.2808633893728256,-0.3986746668815613,-0.021390279677945045,0.3256482928991318,-0.3576175570487976,-0.030604803857642082,0.12284986674785614,-0.26220935583114624,-0.042214991447764305,0.19776876270771027,-0.3420507311820984,-0.04553083881481257,0.25865595042705536,-0.3649371564388275,-0.04876649185760584,0.3048645704984665,-0.3636530041694641,-0.051303831783371834
C,0.0,0.0,0.0,0.1196814626455307,-0.02345794439315796,0.03114846943103089,0.21638081967830658,-0.07951247692108154,0.034015400690663,0.2853378504514694,-0.0949968695640564,0.019481676054823538,0.34231819212436676,-0.12133526802062988,0.00197687571093752,0.17250730097293854,-0.28201478719711304,0.06346416695200219,0.2290431708097458,-0.38328471779823303,0.042863792163956305,0.2890513688325882,-0.3970796763896942,0.013063145225572725,0.336982324719429,-0.3734118938446045,-0.007788037060123543,0.14959989488124847,-0.2881433367729187,0.02049633337341561,0.22115658223628998,-0.41761308908462524,-0.009269974770319322,0.289982333779335,-0.40979379415512085,-0.050249309854876856,0.3323342353105545,-0.3518853187561035,-0.07469801382936225,0.1261836439371109,-0.2819497585296631,-0.025058962049257616,0.19435353577136993,-0.40432220697402954,-0.043777456151616434,0.2649189382791519,-0.40598762035369873,-0.06767751799739585,0.31167952716350555,-0.3659855127334595,-0.08303353713668571,0.10865628719329834,-0.24799001216888428,-0.07063855008996711,0.16423813998699188,-0.34036433696746826,-0.08440095709480033,0.22145484387874603,-0.37394315004348755,-0.09641171770013557,0.2681725174188614,-0.3781963288784027,-0.10529857652105079
C,0.0,0.0,0.0,0.12209032475948334,-0.01931142807006836,0.031731819181260335,0.21398328244686127,-0.06901496648788452,0.03984998670082973,0.2843383103609085,-0.08654278516769409,0.029368915973719822,0.3428995758295059,-0.11430966854095459,0.016392010642704236,0.18408511579036713,-0.26816684007644653,0.08830354493719028,0.23110295832157135,-0.36667025089263916,0.07817750555139469,0.28415943682193756,-0.3807919919490814,0.052254383830842244,0.32766564190387726,-0.36337411403656006,0.03240763154488491,0.15899960696697235,-0.28411394357681274,0.046725900291022526,0.21466945111751556,-0.40597131848335266,0.027797839982923733,0.2783860117197037,-0.40319812297821045,-0.011207888455572856,0.3214745968580246,-0.3513064384460449,-0.036882231564703716,0.1329110711812973,-0.28780439496040344,0.0008051528423322907,0.18933315575122833,-0.41060882806777954,-0.013678805523994697,0.25350455939769745,-0.4085727035999298,-0.03821697327632023,0.29891590774059296,-0.36550769209861755,-0.05459004882115437,0.11160998046398163,-0.2648213505744934,-0.04560622814435078,0.167654886841774,-0.35659438371658325,-0.056822320999089015,0.22218163311481476,-0.3841422498226166,-0.06743921208519055,0.2692200392484665,-0.3820329010486603,-0.07569606471199108
C,0.0,0.0,0.0,0.12222050130367279,-0.017411470413208008,0.031928959289388104,0.20958645641803741,-0.06472146511077881,0.039235423305825634,0.27720238268375397,-0.08024626970291138,0.02829795422573511,0.3348144143819809,-0.10649538040161133,0.015307161012486858,0.18166135251522064,-0.2643783688545227,0.08086312095244352,0.22641880810260773,-0.36570775508880615,0.06736894229968016,0.27916301786899567,-0.3814789652824402,0.04153808111865942,0.3214332312345505,-0.36289680004119873,0.02295597361941759,0.1551005095243454,-0.2807466387748718,0.03906896243412916,0.20842812955379486,-0.40263664722442627,0.01825725937803213,0.2736590951681137,-0.40151411294937134,-0.01785919909755762,0.3173974007368088,-0.35005998611450195,-0.04123093654791887,0.12763021886348724,-0.2826988697052002,-0.007121969027622299,0.18713821470737457,-0.40367987751960754,-0.024367819553418713,0.2520679384469986,-0.4010920524597168,-0.048100412836475925,0.29705797135829926,-0.35750457644462585,-0.06330629160086687,0.10425828397274017,-0.25784820318222046,-0.05341845845262583,0.16443239152431488,-0.3462594747543335,-0.06763930340687807,0.21986137330532074,-0.3772543966770172,-0.07974295040051516,0.2659783810377121,-0.37907445430755615,-0.08845714201609667
C,0.0,0.0,0.0,0.11659079790115356,-0.019864678382873535,0.026092201636714663,0.20214039087295532,-0.06864696741104126,0.02990635128466579,0.2704053223133087,-0.08473151922225952,0.016879884691519464,0.326936811208725,-0.11688387393951416,0.0021076520696112766,0.17507022619247437,-0.2640555500984192,0.07134279625265094,0.2202768623828888,-0.3642808198928833,0.0557307267352769,0.2728988826274872,-0.3801259696483612,0.02927737513331863,0.31630751490592957,-0.3646230697631836,0.010073369534296717,0.14957797527313232,-0.2803676724433899,0.03168179856388065,0.20192566514015198,-0.4022733271121979,0.009567075574381079,0.26600027084350586,-0.40260040760040283,-0.026297576560097013,0.3101499676704407,-0.35363638401031494,-0.050023417754488264,0.12173882126808167,-0.28300437331199646,-0.012693898586945807,0.1773897409439087,-0.40625837445259094,-0.031939484013634,0.2416228950023651,-0.40671873092651367,-0.05591627566369084,0.2879248261451721,-0.3656187653541565,-0.07143663598449734,0.09660652279853821,-0.2601338028907776,-0.057511433793621336,0.153205007314682,-0.34978216886520386,-0.07360985858591107,0.20681792497634888,-0.38315874338150024,-0.08663100732715634,0.2524804174900055,-0.3867417573928833,-0.09614417685421017
C,0.0,0.0,0.0,0.11336632072925568,-0.0152357816696167,0.029055510576199595,0.19776321947574615,-0.06277376413345337,0.03598889608247191,0.26527629792690277,-0.07911264896392822,0.02571590703291804,0.32241322100162506,-0.1069069504737854,0.013431958782803122,0.17359797656536102,-0.26148396730422974,0.07887060839993865,0.21852774918079376,-0.36020952463150024,0.06716555256707579,0.26992736756801605,-0.3751741647720337,0.04230548713667304,0.3112045079469681,-0.3584136366844177,0.023836060355733935,0.14758135378360748,-0.2788591682910919,0.0393121903048268,0.20099888741970062,-0.39812561869621277,0.020819147046040598,0.26314564049243927,-0.39922982454299927,-0.014864566807318624,0.3039192110300064,-0.3500708043575287,-0.03877388786213487,0.11988703906536102,-0.28340235352516174,-0.004676591676343378,0.17569027841091156,-0.40258705615997314,-0.02119862388508409,0.238481804728508,-0.4024762511253357,-0.045761332918573316,0.2826947122812271,-0.3612528443336487,-0.06202280621664613,0.09571550786495209,-0.2641655206680298,-0.04888033594625085,0.15290845930576324,-0.3506643772125244,-0.06423536788361162,0.2061476856470108,-0.3796922564506531,-0.077625350166727,0.2519366294145584,-0.37944161891937256,-0.08734753828184694
C,0.0,0.0,0.0,0.11236335337162018,-0.018109560012817383,0.025781358392237053,0.19698570668697357,-0.06485074758529663,0.030731153474448547,0.26388634741306305,-0.08110737800598145,0.0192617483299955,0.3211744874715805,-0.11141222715377808,0.0058875258874877545,0.1716354638338089,-0.26683783531188965,0.07477482295155369,0.21546022593975067,-0.3642130494117737,0.06106927505254589,0.26626189053058624,-0.37965068221092224,0.03502497708916508,0.3081318289041519,-0.36377134919166565,0.01599442845702015,0.14512281119823456,-0.28347787261009216,0.036236121119259224,0.19910942018032074,-0.40028780698776245,0.01659453547119938,0.2597290128469467,-0.4035849869251251,-0.01933194437503971,0.3007770925760269,-0.3569810688495636,-0.0432829383897797,0.11614592373371124,-0.28751686215400696,-0.007004047012628689,0.17173577845096588,-0.40468889474868774,-0.02473058292150654,0.23320500552654266,-0.4080953299999237,-0.049244270859958306,0.27859415113925934,-0.3707965016365051,-0.06532702708125271,0.08923302590847015,-0.26770901679992676,-0.0506638374316708,0.14456556737422943,-0.3547334671020508,-0.06644132101416744,0.195569708943367,-0.38668107986450195,-0.0790204715120808,0.24065275490283966,-0.3892762064933777,-0.08801221215605892
C,0.0,0.0,0.0,0.11233015358448029,-0.01635676622390747,0.021852569852342185,0.1976475566625595,-0.06085902452468872,0.025383519206513938,0.26495133340358734,-0.07632720470428467,0.0132860561947723,0.3198119252920151,-0.10689961910247803,-0.0005385914469684394,0.17101998627185822,-0.2637457847595215,0.06790084970401722,0.21383540332317352,-0.363625168800354,0.05113974419640499,0.265023872256279,-0.3782958388328552,0.022905253071655807,0.30555544793605804,-0.35776787996292114,0.003191673627441105,0.14235137403011322,-0.2803899049758911,0.03152375501798588,0.19359897077083588,-0.4015005826950073,0.008766347740163383,0.25505439937114716,-0.4028789699077606,-0.02969531136346859,0.29630516469478607,-0.35277479887008667,-0.05492570417715115,0.11226318776607513,-0.28370776772499084,-0.009532586473653737,0.16596673429012299,-0.4041663408279419,-0.02989699485493702,0.22784896194934845,-0.4058261513710022,-0.05787502768231434,0.2723439186811447,-0.3631589412689209,-0.07566692846609158,0.085415318608284,-0.26385200023651123,-0.051105974044332925,0.14042828977108002,-0.35047152638435364,-0.06943025606466335,0.19233356416225433,-0.382271409034729,-0.08524950015140575,0.23765988647937775,-0.38248834013938904,-0.09615561532569927
C,0.0,0.0,0.0,0.11493223905563354,-0.014791786670684814,0.029249276425161952,0.19983232021331787,-0.0594404935836792,0.03629416918329298,0.26739802956581116,-0.07550501823425293,0.025540653075495356,0.32407429814338684,-0.10708898305892944,0.012413771282353991,0.17222991585731506,-0.2610189914703369,0.08350846489838659,0.21636492013931274,-0.35837000608444214,0.07292447557620108,0.26794692873954773,-0.3744891583919525,0.046980708296814555,0.30926281213760376,-0.3577467203140259,0.027424856479683513,0.14464405179023743,-0.2786242663860321,0.0426613906579405,0.19789853692054749,-0.39761441946029663,0.02459206005505621,0.26027077436447144,-0.4002188444137573,-0.01415292879619301,0.3015798330307007,-0.3497982621192932,-0.040354714338263875,0.1154322624206543,-0.28392258286476135,-0.0027044390612900315,0.17072051763534546,-0.40210625529289246,-0.019186078180155164,0.23390927910804749,-0.4040840268135071,-0.046818964724025136,0.2791976034641266,-0.3631741404533386,-0.06535834500618876,0.09010234475135803,-0.2652127742767334,-0.04831305572815836,0.14751842617988586,-0.35188883543014526,-0.06389689127036036,0.19990530610084534,-0.3821881413459778,-0.07837574610539377,0.24532446265220642,-0.38228458166122437,-0.08903460631199778
C,0.0,0.0,0.0,0.11650878190994263,-0.016260087490081787,0.03189210714674573,0.19972455501556396,-0.059493422508239746,0.04032845171070676,0.2661728262901306,-0.0743870735168457,0.030308601724868822,0.32153913378715515,-0.10375940799713135,0.0177420706478415,0.17192459106445312,-0.25893813371658325,0.08635787414289098,0.21580877900123596,-0.3574731647968292,0.0753840853450356,0.2676306366920471,-0.3729163408279419,0.04885372640467267,0.30855029821395874,-0.35499197244644165,0.029009417909151125,0.14456239342689514,-0.2760576009750366,0.04410350071168523,0.19829118251800537,-0.3956230878829956,0.024656114446884203,0.2608869969844818,-0.39679548144340515,-0.015479739476973009,0.3012380003929138,-0.34518569707870483,-0.0423837329270782,0.11589175462722778,-0.2815104126930237,-0.002604133869567704,0.17117732763290405,-0.39973539113998413,-0.020330390614503813,0.2348426878452301,-0.39998143911361694,-0.049712783378595304,0.27923527359962463,-0.3566223680973053,-0.06911462051891704,0.09107714891433716,-0.26338720321655273,-0.049268896413082075,0.14883577823638916,-0.3502516746520996,-0.06584505988382716,0.20149639248847961,-0.37921008467674255,-0.08165274812006373,0.24650025367736816,-0.37705761194229126,-0.09322303040050883
C,0.0,0.0,0.0,0.11190786957740784,-0.0156899094581604,0.022311504055011255,0.19698557257652283,-0.062393009662628174,0.02652611495946644,0.2651834189891815,-0.07961410284042358,0.014967189226496203,0.3227013349533081,-0.1089329719543457,0.0018071267383277245,0.17076879739761353,-0.26165467500686646,0.07224810967241524,0.21386247873306274,-0.3592839539051056,0.057961077485430224,0.2654740810394287,-0.374483585357666,0.031153871733891947,0.30746880173683167,-0.3575897216796875,0.011769886184680445,0.14428570866584778,-0.2784293293952942,0.03584298962746857,0.19757503271102905,-0.3956552743911743,0.015147947762358172,0.2596757113933563,-0.3971491754055023,-0.022034986819875257,0.30210986733436584,-0.3495357036590576,-0.04667512228692772,0.11601844429969788,-0.2826005816459656,-0.005438331924182194,0.17243966460227966,-0.39950963854789734,-0.02422103559578659,0.23506587743759155,-0.4012677073478699,-0.05072952335680725,0.2803494334220886,-0.3611868619918823,-0.06780965527499916,0.09084659814834595,-0.2641535997390747,-0.047358821090114134,0.14825016260147095,-0.3489401936531067,-0.06355627527440788,0.20097652077674866,-0.3796946406364441,-0.07749441167320015,0.24697384238243103,-0.38032543659210205,-0.08738371631110908
C,0.0,0.0,0.0,0.11772876977920532,-0.01571720838546753,0.038086544171733294,0.19946429133415222,-0.05997222661972046,0.048762123481196795,0.2651362121105194,-0.07511484622955322,0.03912318070308629,0.32242125272750854,-0.10437166690826416,0.026557517618698512,0.17099496722221375,-0.25899457931518555,0.09810408149735395,0.2151448130607605,-0.3572041392326355,0.09182367418782178,0.26668787002563477,-0.3720052242279053,0.06754903440253202,0.3081645965576172,-0.3549365997314453,0.04831003342644635,0.14471665024757385,-0.2753586173057556,0.05215165336505834,0.19720673561096191,-0.39446842670440674,0.036992508367461596,0.26086243987083435,-0.39645063877105713,-0.001840090580458309,0.30287882685661316,-0.3450697958469391,-0.028707838236528005,0.11752551794052124,-0.28056636452674866,0.0018002038437998635,0.17315104603767395,-0.3972082734107971,-0.01208034957869586,0.2390727996826172,-0.39585816860198975,-0.039397422774868573,0.2854904532432556,-0.35298752784729004,-0.058441721453505124,0.09518128633499146,-0.26117533445358276,-0.04839147682412204,0.15443465113639832,-0.34851130843162537,-0.06215149964316424,0.20846158266067505,-0.3750554919242859,-0.07594372387154635,0.2542364299297333,-0.3720467686653137,-0.08677102680428561
C,0.0,0.0,0.0,0.11697231233119965,-0.01627659797668457,0.033514913502671106,0.1999124139547348,-0.06271767616271973,0.04202562231157003,0.265698567032814,-0.07869827747344971,0.03161983225081144,0.3233138173818588,-0.10774761438369751,0.018879928025938852,0.1731434315443039,-0.26162493228912354,0.08885609764192282,0.2165689319372177,-0.36025476455688477,0.07889510351751028,0.2682295888662338,-0.3731940984725952,0.053554140362479075,0.30924151837825775,-0.3534814715385437,0.034445729437805994,0.14712731540203094,-0.27705007791519165,0.04565447974536596,0.19993044435977936,-0.394848108291626,0.028645815658904894,0.26241205632686615,-0.3961549997329712,-0.008991815749965326,0.30330170691013336,-0.3457027077674866,-0.03468274292018236,0.11968789994716644,-0.2814024090766907,-0.0021799957793575686,0.17458786070346832,-0.39881831407546997,-0.017597131099961416,0.23820240795612335,-0.3988712430000305,-0.04389537837769808,0.2833671420812607,-0.3568963408470154,-0.061799738225005285,0.09615637362003326,-0.2621501088142395,-0.050100631680749075,0.1535305231809616,-0.3482384979724884,-0.06459264796640696,0.20631097257137299,-0.3785281181335449,-0.07842219215299906,0.25155286490917206,-0.378577321767807,-0.08893169057037653
C,0.0,0.0,0.0,0.11318965256214142,-0.017780303955078125,0.025591851574063185,0.1962488442659378,-0.06444811820983887,0.030890186679243925,0.2623720318078995,-0.08119595050811768,0.019263015490651014,0.31969140470027924,-0.11166012287139893,0.005731407449275139,0.17070527374744415,-0.2633431553840637,0.07930340933489788,0.21463452279567719,-0.36123085021972656,0.06626303064513195,0.26594527065753937,-0.37536945939064026,0.039705961373329046,0.308090403676033,-0.35894739627838135,0.020184579667329672,0.1449628323316574,-0.2793121039867401,0.04088274332571018,0.19804035127162933,-0.3950778841972351,0.021467083495736006,0.2591428607702255,-0.3965536952018738,-0.016019445482015726,0.30140306055545807,-0.3502408564090729,-0.041126382175207254,0.11738093197345734,-0.2834123373031616,-0.002565238262832281,0.17276431620121002,-0.4003097414970398,-0.020279551494240877,0.23496513068675995,-0.40183132886886597,-0.046022154960155603,0.280836746096611,-0.36333900690078735,-0.06270961892914784,0.09248213469982147,-0.2637284994125366,-0.04657410142135632,0.1507224589586258,-0.34932613372802734,-0.06178003979039204,0.20347349345684052,-0.3799723982810974,-0.07476684135508549,0.24960674345493317,-0.38197487592697144,-0.08414268178057682
C,0.0,0.0,0.0,0.11968381702899933,-0.019220709800720215,0.038563674939325665,0.2004503756761551,-0.06473726034164429,0.05017316217487178,0.26505623757839203,-0.08045715093612671,0.04142708952491603,0.3214283436536789,-0.10960441827774048,0.029841647175601338,0.1704333871603012,-0.26263630390167236,0.09989363576238475,0.21480442583560944,-0.36147984862327576,0.09417398895089946,0.26615558564662933,-0.37486082315444946,0.07031443591182551,0.3075811415910721,-0.35785335302352905,0.05134549240534625,0.14444632828235626,-0.2783252000808716,0.054456962896040295,0.19771571457386017,-0.3957880735397339,0.040078556788614605,0.260693296790123,-0.39804309606552124,0.0018327848934518443,0.30269192159175873,-0.3487977385520935,-0.024747754754969264,0.1172374039888382,-0.28336840867996216,0.004515628953924988,0.17306660115718842,-0.39855659008026123,-0.008789212750741626,0.23839299380779266,-0.39725446701049805,-0.03555607174570241,0.2848953455686569,-0.35568979382514954,-0.05417966594035306,0.09432820975780487,-0.263724684715271,-0.04523095239932218,0.1543508619070053,-0.35090401768684387,-0.057986554997512485,0.207969531416893,-0.37830883264541626,-0.0711088341944901,0.2536773532629013,-0.3763850927352905,-0.08153869335586705
C,0.0,0.0,0.0,0.11421681940555573,-0.0240514874458313,0.024612710151217243,0.1968102902173996,-0.07287269830703735,0.026849594238541385,0.2614298611879349,-0.08920305967330933,0.012452907200298569,0.3177247494459152,-0.12008315324783325,-0.0038785514967969448,0.16870646178722382,-0.2682417035102844,0.06523939808025148,0.21219469606876373,-0.3731611669063568,0.04560598199381616,0.26329614222049713,-0.3851655125617981,0.0175869914622524,0.3042059689760208,-0.36279475688934326,-0.0014545494538253934,0.14282603561878204,-0.2820878028869629,0.026369257170102856,0.19354669749736786,-0.4044252634048462,0.002184780353076121,0.25525952875614166,-0.4045830965042114,-0.03388443375811789,0.2965758591890335,-0.3535642921924591,-0.05688929716930602,0.11381785571575165,-0.28241389989852905,-0.017175627601005772,0.1663474589586258,-0.40636372566223145,-0.03796260218010161,0.22851626574993134,-0.4059590995311737,-0.061406997692444065,0.27362053096294403,-0.36182650923728943,-0.0756656319914839,0.08645413815975189,-0.259605348110199,-0.061086104911424854,0.13751260936260223,-0.3496401309967041,-0.07987810830459807,0.18842367827892303,-0.38362517952919006,-0.09379993538246367,0.23249270021915436,-0.3853568434715271,-0.10269820104227279
C,0.0,0.0,0.0,0.12257245182991028,-0.020103633403778076,0.03694355115635517,0.2050376832485199,-0.07103246450424194,0.04691318422896984,0.2703021466732025,-0.08820474147796631,0.036344766620231894,0.3290177583694458,-0.12109935283660889,0.0227428711984885,0.17657458782196045,-0.26564866304397583,0.09760262444956425,0.2197667956352234,-0.3650128245353699,0.09024130180819157,0.2707407474517822,-0.38110893964767456,0.06499945745213154,0.31294509768486023,-0.36516135931015015,0.04489219189031246,0.14970654249191284,-0.28197556734085083,0.05178096145732525,0.19908666610717773,-0.40261971950531006,0.03746244311673763,0.2621995806694031,-0.41025230288505554,-0.0016480862361731852,0.3055134117603302,-0.36167293787002563,-0.029494635757373544,0.1207784116268158,-0.2862941324710846,0.0012336376855728304,0.17244768142700195,-0.4069473445415497,-0.012165570628212663,0.23650062084197998,-0.410344660282135,-0.038869757201837274,0.28327617049217224,-0.3694823384284973,-0.05796420573847172,0.09614476561546326,-0.264881432056427,-0.04930042847649929,0.15237271785736084,-0.3532038629055023,-0.06292324885384915,0.20509973168373108,-0.3860976994037628,-0.07674501463429806,0.25058630108833313,-0.38884347677230835,-0.0878271572257745
C,0.0,0.0,0.0,0.11389608681201935,-0.017767131328582764,0.02405237704181218,0.19924981892108917,-0.070026695728302,0.030718975883360145,0.26597319543361664,-0.08829140663146973,0.021302030604715583,0.3210567981004715,-0.12080353498458862,0.010217328738804099,0.17234022915363312,-0.2675356864929199,0.07604334242307687,0.2157372087240219,-0.3648165166378021,0.06311908103191399,0.2663319557905197,-0.38234448432922363,0.037177459519739386,0.3078460842370987,-0.3676840364933014,0.018348728489513633,0.14557988941669464,-0.28358009457588196,0.039805510264272925,0.1955733746290207,-0.4008193910121918,0.021290934827561614,0.2566932290792465,-0.4072803258895874,-0.01481184717601991,0.2994847148656845,-0.3638514578342438,-0.03890243061221099,0.11756505072116852,-0.2865200638771057,-0.0014093803973764807,0.16920383274555206,-0.40559226274490356,-0.01798774935639358,0.23004789650440216,-0.4114978611469269,-0.042946341264610055,0.2749060243368149,-0.3744440972805023,-0.05910197534001327,0.09325386583805084,-0.26566678285598755,-0.043287801373367074,0.14718635380268097,-0.3523104190826416,-0.05842579044735885,0.19855378568172455,-0.38602447509765625,-0.07207481824195838,0.24388225376605988,-0.38951003551483154,-0.08168871216810203
C,0.0,0.0,0.0,0.12002180516719818,-0.019492030143737793,0.034741869752565435,0.20122049748897552,-0.06811219453811646,0.04470635819927793,0.26545871794223785,-0.08499687910079956,0.03556124735371213,0.3197584003210068,-0.11898785829544067,0.023192030002633146,0.17379726469516754,-0.26563072204589844,0.0892734738041554,0.2163919061422348,-0.36518245935440063,0.07969269025818448,0.26741160452365875,-0.38038986921310425,0.053923061673799566,0.30815087258815765,-0.36229074001312256,0.03416241202251058,0.14578859508037567,-0.28000694513320923,0.04568669441835027,0.194759801030159,-0.4002798795700073,0.02843561824158769,0.2573470026254654,-0.4045950770378113,-0.010845595414480158,0.2997853606939316,-0.35626670718193054,-0.03796634581192393,0.11563380062580109,-0.2827148139476776,-0.0022992465204652035,0.16696195304393768,-0.4031556248664856,-0.018360502461632677,0.2303348034620285,-0.4056888222694397,-0.04619177561505694,0.2762046307325363,-0.36666589975357056,-0.06528341155751605,0.0890563577413559,-0.2602596879005432,-0.05002930518492121,0.14523257315158844,-0.34947627782821655,-0.06667217742904086,0.19757933914661407,-0.3827345669269562,-0.0824920399139728,0.24291066825389862,-0.3876030445098877,-0.09445889424785037
C,0.0,0.0,0.0,0.12442411482334137,-0.019588947296142578,0.043312781526026356,0.20311786234378815,-0.06599938869476318,0.0577249611152979,0.2663467079401016,-0.08237725496292114,0.04994959108370267,0.3218679875135422,-0.11795914173126221,0.03826116867202245,0.17241476476192474,-0.2584804892539978,0.11184465981858693,0.21563692390918732,-0.35710009932518005,0.1095072413219782,0.2670033425092697,-0.3731532692909241,0.08540789134639226,0.3079459220170975,-0.3578391373157501,0.06532017238276921,0.14448441565036774,-0.27426230907440186,0.06302210040229284,0.19588415324687958,-0.39366579055786133,0.05104585461157285,0.2592960149049759,-0.3980160355567932,0.009566673113283741,0.30162183940410614,-0.34856194257736206,-0.020026742445054424,0.11578123271465302,-0.2800864577293396,0.009618668852624523,0.1684032529592514,-0.399557888507843,-0.0018131577751887562,0.23394723236560822,-0.40069228410720825,-0.030903053434315098,0.2800818830728531,-0.35961562395095825,-0.05186620630485095,0.09235908091068268,-0.26071810722351074,-0.04335835479361094,0.15160973370075226,-0.3499625623226166,-0.0560547401772169,0.2056991308927536,-0.3796037435531616,-0.07087085299355067,0.25098995864391327,-0.3799911439418793,-0.08311974160534419
C,0.0,0.0,0.0,0.1207539439201355,-0.020672202110290527,0.039933829733456605,0.19954562187194824,-0.070101797580719,0.05227907297881984,0.2631619870662689,-0.08833169937133789,0.04398054180416011,0.3195987343788147,-0.12279033660888672,0.0327135205057516,0.16919362545013428,-0.26217764616012573,0.1014081045773878,0.21227240562438965,-0.36038076877593994,0.09566798357042217,0.2630040645599365,-0.3777669072151184,0.07217938748868846,0.304378867149353,-0.36386269330978394,0.05343839822086238,0.1427815556526184,-0.279030442237854,0.055259517559136384,0.19273820519447327,-0.39758166670799255,0.04190369618805789,0.25482773780822754,-0.4053483009338379,0.005102610380674832,0.297012060880661,-0.3594053387641907,-0.020732044077192313,0.11458596587181091,-0.28397640585899353,0.004408456550265782,0.16610518097877502,-0.4040524363517761,-0.008669097742711074,0.229093998670578,-0.40809741616249084,-0.033510961404715545,0.2748156785964966,-0.36909496784210205,-0.05090206193057156,0.09069433808326721,-0.2642865777015686,-0.04617283942428685,0.147154301404953,-0.3527967631816864,-0.06049159245816327,0.20019403100013733,-0.38338503241539,-0.0739025294992075,0.2460443079471588,-0.38451576232910156,-0.08420566918579198
C,0.0,0.0,0.0,0.12422236800193787,-0.01880282163619995,0.04317528881944099,0.2020498812198639,-0.06389361619949341,0.058544663124450835,0.26477330923080444,-0.08018875122070312,0.05205933504618088,0.31930676102638245,-0.11361271142959595,0.04171132796324173,0.1692955195903778,-0.2544267773628235,0.11310223990000168,0.21161684393882751,-0.3513633906841278,0.11189888917721191,0.2613448202610016,-0.37178629636764526,0.08814059697903076,0.3022678792476654,-0.3613700270652771,0.06761878483808914,0.14119809865951538,-0.27036961913108826,0.06448506318844238,0.19174379110336304,-0.3873199224472046,0.0528478895953981,0.25372397899627686,-0.3944058418273926,0.010646496311494502,0.29700347781181335,-0.3487377166748047,-0.020061176858177987,0.11215418577194214,-0.2763077914714813,0.011227736592957172,0.1641257107257843,-0.3925102651119232,-0.0005564343359196755,0.22767531871795654,-0.3988780379295349,-0.031437820411554185,0.27380067110061646,-0.36415982246398926,-0.05423652998291573,0.08841976523399353,-0.2583073377609253,-0.04151570296966156,0.14718621969223022,-0.3444633185863495,-0.05467941857062897,0.19849342107772827,-0.37708792090415955,-0.07062803453885635,0.24235856533050537,-0.3826664090156555,-0.08432636655055603
C,0.0,0.0,0.0,0.12556393444538116,-0.016272783279418945,0.04946476636166608,0.20184935629367828,-0.06206542253494263,0.06705741254324948,0.262477770447731,-0.07943934202194214,0.06144029317135846,0.31803859770298004,-0.11251771450042725,0.05139110652442014,0.16990230977535248,-0.25041866302490234,0.1179391485237602,0.21445883810520172,-0.34358447790145874,0.11782502053017652,0.2642033249139786,-0.36326977610588074,0.09484633473391568,0.30601902306079865,-0.3538903295993805,0.07380252001519239,0.1416655033826828,-0.2662726640701294,0.06511050132746732,0.19436298310756683,-0.38140788674354553,0.0540912788891319,0.255347415804863,-0.390438437461853,0.012003244326365348,0.29902027547359467,-0.34912556409835815,-0.019564188591289167,0.11239637434482574,-0.2723844051361084,0.008006667212498542,0.16462485492229462,-0.3885538578033447,-0.0038842864270236532,0.22711212933063507,-0.3966473340988159,-0.034360177389430646,0.27351878583431244,-0.3660051226615906,-0.057649813166904096,0.08904437720775604,-0.2549673914909363,-0.04810225548510516,0.14735056459903717,-0.34096041321754456,-0.06275119962458575,0.19787903130054474,-0.3750849664211273,-0.07968630226616824,0.24112240970134735,-0.38337379693984985,-0.0946298423624512
